time,target_left_hip_yaw,target_left_hip_roll,target_left_hip_pitch,target_left_knee,target_left_ankle,target_neck_pitch,target_head_pitch,target_head_yaw,target_head_roll,target_right_hip_yaw,target_right_hip_roll,target_right_hip_pitch,target_right_knee,target_right_ankle,measured_left_hip_yaw,measured_left_hip_roll,measured_left_hip_pitch,measured_left_knee,measured_left_ankle,measured_neck_pitch,measured_head_pitch,measured_head_yaw,measured_head_roll,measured_right_hip_yaw,measured_right_hip_roll,measured_right_hip_pitch,measured_right_knee,measured_right_ankle,trunk_z_m
0.0,0.120735,-0.225002,-0.409562,-0.07234,0.427741,0.341289,0.290063,0.025224,-0.021936,0.096163,0.197252,0.463874,0.143218,-0.521873,0.106921,-0.080852,-0.412018,0.047271,0.397344,0.342027,0.352295,0.024006,-0.019006,0.100581,0.093983,0.497041,-0.04111,-0.474001,0.115756
0.02,0.120771,-0.227115,-0.408714,-0.072863,0.429388,0.340372,0.288587,0.02589,-0.022255,0.096774,0.197931,0.466166,0.140416,-0.517882,0.106944,-0.080857,-0.411964,0.047145,0.397416,0.34215,0.352278,0.024012,-0.019004,0.10059,0.093837,0.497013,-0.041121,-0.47459,0.115787
0.04,0.120075,-0.228503,-0.408666,-0.074587,0.431016,0.3398,0.288795,0.02629,-0.023042,0.097025,0.198063,0.468353,0.137647,-0.516677,0.106966,-0.08087,-0.411943,0.047124,0.39738,0.342205,0.352258,0.024018,-0.019002,0.100617,0.093661,0.496985,-0.040925,-0.475347,0.115791
0.06,0.118966,-0.22581,-0.403848,-0.072089,0.426026,0.338027,0.287692,0.029738,-0.022771,0.093838,0.197467,0.466917,0.132301,-0.518522,0.106994,-0.080807,-0.41192,0.047235,0.397359,0.34222,0.352241,0.02404,-0.018996,0.100637,0.093844,0.497016,-0.040153,-0.475648,0.115758
0.08,0.119966,-0.223812,-0.409006,-0.071174,0.428762,0.338892,0.292198,0.02589,-0.021629,0.095784,0.197442,0.462444,0.14117,-0.529816,0.107007,-0.080803,-0.412046,0.047274,0.397274,0.342145,0.35224,0.024111,-0.018996,0.100636,0.094016,0.49709,-0.041049,-0.473989,0.115751
0.1,0.1213,-0.227329,-0.409007,-0.073063,0.428535,0.342,0.288279,0.025674,-0.022288,0.096618,0.197615,0.465513,0.142916,-0.515907,0.107023,-0.080815,-0.412007,0.047228,0.397319,0.342167,0.352234,0.024121,-0.018996,0.10064,0.0939,0.497053,-0.041247,-0.474478,0.115775
0.12,0.119911,-0.228351,-0.408714,-0.074545,0.430814,0.339565,0.288675,0.026336,-0.022565,0.097036,0.198233,0.468441,0.136706,-0.516934,0.107046,-0.080823,-0.411931,0.047208,0.397344,0.342245,0.352214,0.024128,-0.018993,0.100664,0.093726,0.49703,-0.040966,-0.475246,0.11579
0.14,0.118907,-0.225641,-0.403849,-0.07215,0.426121,0.338011,0.287806,0.029553,-0.022739,0.093826,0.197218,0.466727,0.132539,-0.518872,0.107074,-0.080762,-0.411902,0.047299,0.397341,0.342281,0.352195,0.024148,-0.018986,0.100684,0.093909,0.497057,-0.040182,-0.475532,0.115757
0.16,0.119866,-0.223911,-0.408914,-0.071662,0.429008,0.339139,0.29211,0.025761,-0.021681,0.095909,0.197099,0.462737,0.140877,-0.529503,0.107086,-0.080756,-0.412082,0.047335,0.3972,0.342178,0.352196,0.024203,-0.018985,0.100682,0.094066,0.497126,-0.041147,-0.47389,0.115747
0.18,0.121258,-0.227097,-0.408778,-0.073209,0.428731,0.341983,0.288312,0.02545,-0.022511,0.096679,0.19723,0.465696,0.142702,-0.515992,0.107102,-0.080769,-0.412078,0.04716,0.397254,0.342199,0.352187,0.02421,-0.018984,0.100685,0.09394,0.497098,-0.041321,-0.474392,0.115775
0.2,0.119926,-0.228003,-0.408386,-0.074163,0.430647,0.339479,0.288844,0.026389,-0.022697,0.096742,0.198463,0.467675,0.137314,-0.517657,0.107125,-0.080778,-0.411995,0.047117,0.397274,0.342285,0.352167,0.024214,-0.018983,0.100709,0.093759,0.497077,-0.041011,-0.475192,0.115791
0.22,0.118922,-0.226303,-0.406725,-0.071885,0.426881,0.338457,0.289821,0.027761,-0.022528,0.094599,0.198547,0.465172,0.134717,-0.522415,0.107143,-0.080733,-0.411876,0.047163,0.397282,0.342313,0.352153,0.024235,-0.018978,0.100736,0.093795,0.49719,-0.040528,-0.475154,0.115781
0.24,0.119911,-0.227266,-0.409658,-0.072962,0.428568,0.340171,0.289809,0.02592,-0.022719,0.096281,0.198517,0.465715,0.139598,-0.520417,0.107152,-0.08073,-0.411841,0.047191,0.397149,0.342307,0.352152,0.024253,-0.018978,0.100747,0.093768,0.497244,-0.040674,-0.474574,0.115775
0.26,0.120211,-0.228668,-0.408614,-0.073051,0.430305,0.339573,0.289397,0.026415,-0.023423,0.096362,0.199274,0.466118,0.139376,-0.519162,0.107169,-0.08073,-0.411776,0.047179,0.397127,0.342367,0.352136,0.024263,-0.018979,0.100762,0.093628,0.497224,-0.040543,-0.474946,0.11579
0.28,0.119261,-0.226877,-0.405142,-0.071546,0.42548,0.338537,0.287818,0.029666,-0.02258,0.093763,0.198566,0.465966,0.133567,-0.518783,0.107192,-0.080618,-0.411704,0.047275,0.397066,0.342372,0.352124,0.024282,-0.018976,0.100778,0.09388,0.49723,-0.03996,-0.475358,0.115756
0.3,0.119887,-0.224912,-0.40947,-0.071135,0.428481,0.339155,0.292057,0.025834,-0.021643,0.095807,0.198019,0.462329,0.140919,-0.52953,0.107204,-0.080598,-0.411858,0.047296,0.396912,0.342267,0.352126,0.024332,-0.018977,0.100774,0.09407,0.497277,-0.040989,-0.47381,0.115746
0.32,0.12119,-0.227876,-0.409401,-0.072896,0.428222,0.342055,0.288244,0.025398,-0.022603,0.096589,0.19804,0.465419,0.142685,-0.515851,0.10722,-0.080611,-0.411855,0.047101,0.396959,0.342289,0.352118,0.024338,-0.018976,0.100776,0.093957,0.497245,-0.041177,-0.474346,0.115774
0.34,0.11983,-0.228761,-0.408916,-0.073865,0.43037,0.339442,0.288844,0.026353,-0.022859,0.096671,0.199154,0.467417,0.13733,-0.517685,0.107242,-0.080621,-0.411784,0.047054,0.39698,0.34238,0.352098,0.024341,-0.018975,0.100798,0.093785,0.497221,-0.04089,-0.47517,0.11579
0.36,0.118821,-0.22667,-0.405078,-0.071857,0.425361,0.338356,0.287748,0.029364,-0.022759,0.093788,0.198037,0.466561,0.13265,-0.518005,0.107266,-0.080513,-0.411692,0.047136,0.396974,0.342403,0.352081,0.02436,-0.01897,0.100818,0.094016,0.497238,-0.040095,-0.475582,0.115758
0.38,0.119607,-0.224804,-0.409576,-0.071308,0.428576,0.339029,0.292107,0.025719,-0.021849,0.095841,0.197777,0.462603,0.14045,-0.529164,0.107276,-0.080496,-0.411837,0.047166,0.396836,0.342305,0.352081,0.024407,-0.01897,0.100815,0.09419,0.497301,-0.041006,-0.473981,0.115748
0.4,0.121008,-0.227937,-0.409434,-0.072919,0.428406,0.341885,0.288462,0.025441,-0.022775,0.096557,0.197898,0.465463,0.142446,-0.516011,0.10729,-0.080509,-0.411832,0.047005,0.396892,0.342328,0.352072,0.024412,-0.01897,0.100817,0.094068,0.497272,-0.041168,-0.474467,0.115776
0.42,0.119736,-0.22885,-0.408983,-0.073836,0.430316,0.339431,0.289001,0.02639,-0.022998,0.096611,0.199108,0.467385,0.137225,-0.517692,0.10731,-0.08052,-0.411764,0.046968,0.396918,0.342413,0.352054,0.024416,-0.01897,0.10084,0.093891,0.497249,-0.040871,-0.475253,0.115791
0.44,0.118713,-0.226815,-0.405152,-0.071785,0.425398,0.338293,0.288003,0.029426,-0.022764,0.093652,0.198203,0.466311,0.132733,-0.518345,0.107335,-0.080424,-0.41171,0.047091,0.396909,0.342433,0.352038,0.024434,-0.018965,0.100859,0.094103,0.497267,-0.040107,-0.475633,0.115758
0.46,0.119587,-0.22499,-0.409682,-0.071243,0.428452,0.339088,0.292218,0.025772,-0.021886,0.09576,0.197852,0.462498,0.14049,-0.529117,0.107343,-0.080403,-0.411833,0.047124,0.396787,0.342332,0.35204,0.024481,-0.018965,0.100855,0.094277,0.497329,-0.040995,-0.474025,0.115749
0.48,0.120959,-0.228085,-0.409468,-0.072903,0.428474,0.341832,0.288608,0.025507,-0.022816,0.09651,0.197931,0.465369,0.142415,-0.516164,0.107357,-0.080418,-0.411826,0.04696,0.396846,0.342354,0.352032,0.024486,-0.018966,0.100857,0.094154,0.497299,-0.041154,-0.474502,0.115776
0.5,0.1195,-0.229062,-0.409316,-0.074104,0.429888,0.339628,0.288852,0.02621,-0.022868,0.096703,0.198993,0.467896,0.136601,-0.51672,0.107376,-0.080431,-0.411772,0.046931,0.396851,0.34242,0.352016,0.024489,-0.018966,0.10088,0.093973,0.497273,-0.040879,-0.475305,0.115789
0.52,0.118623,-0.227287,-0.406614,-0.072125,0.427456,0.338247,0.289918,0.028055,-0.02305,0.094616,0.19854,0.465555,0.133875,-0.522535,0.107391,-0.080421,-0.411705,0.047007,0.396851,0.342465,0.352004,0.024506,-0.018963,0.100904,0.09398,0.497359,-0.040423,-0.475112,0.115775
0.54,0.119584,-0.227491,-0.409997,-0.072062,0.427774,0.33987,0.290522,0.025854,-0.023003,0.095639,0.199609,0.46428,0.14017,-0.522314,0.107401,-0.080424,-0.411666,0.047066,0.396806,0.342471,0.352001,0.024527,-0.018963,0.100911,0.093943,0.497409,-0.040604,-0.47448,0.115777
0.56,0.120331,-0.229873,-0.409349,-0.073072,0.430555,0.339912,0.28951,0.026493,-0.023627,0.096363,0.199751,0.465797,0.14021,-0.518704,0.107413,-0.080437,-0.411629,0.047051,0.396792,0.342513,0.351988,0.024533,-0.018967,0.100923,0.093803,0.49738,-0.040574,-0.474952,0.115787
0.58,0.120505,-0.229277,-0.407822,-0.073001,0.427634,0.339677,0.286732,0.028424,-0.022558,0.094255,0.20117,0.466051,0.135996,-0.51244,0.107435,-0.080367,-0.411516,0.047106,0.396775,0.342542,0.351973,0.024547,-0.018967,0.100938,0.093903,0.497363,-0.039872,-0.475726,0.115768
0.6,0.119414,-0.22616,-0.408464,-0.069767,0.429354,0.337246,0.294211,0.027052,-0.021777,0.095311,0.198245,0.461345,0.138094,-0.536455,0.107449,-0.080334,-0.411764,0.047151,0.396637,0.342456,0.351975,0.024597,-0.018967,0.100942,0.094197,0.497398,-0.040661,-0.473836,0.115738
0.62,0.121183,-0.228512,-0.410013,-0.072904,0.426276,0.343165,0.288274,0.02515,-0.022459,0.096054,0.198905,0.46438,0.144302,-0.51517,0.107463,-0.080345,-0.411792,0.047123,0.396743,0.342463,0.351981,0.024606,-0.018966,0.100942,0.094119,0.497324,-0.041071,-0.474076,0.115764
0.64,0.119841,-0.22958,-0.409093,-0.073998,0.430981,0.339505,0.288763,0.026548,-0.022728,0.096895,0.198962,0.467688,0.137262,-0.517644,0.107482,-0.080363,-0.41174,0.047081,0.396822,0.342548,0.351964,0.024607,-0.018966,0.100959,0.093957,0.497287,-0.04091,-0.474938,0.115782
0.66,0.120059,-0.228596,-0.407435,-0.073594,0.427449,0.33974,0.286488,0.028029,-0.022538,0.094423,0.19995,0.466933,0.135217,-0.511553,0.107505,-0.080296,-0.411611,0.04714,0.396859,0.342588,0.351941,0.024621,-0.018961,0.100979,0.09404,0.497276,-0.040079,-0.475708,0.115766
0.68,0.119038,-0.225507,-0.408474,-0.070045,0.428832,0.337389,0.293906,0.026751,-0.021681,0.095421,0.197554,0.461997,0.137298,-0.535391,0.107518,-0.080265,-0.411827,0.047196,0.396724,0.342513,0.35194,0.024664,-0.018958,0.100984,0.094313,0.497334,-0.040762,-0.473813,0.115737
0.7,0.120929,-0.227938,-0.409869,-0.072803,0.426133,0.342884,0.288461,0.025048,-0.022495,0.095995,0.19849,0.464279,0.144045,-0.515688,0.10753,-0.080272,-0.411833,0.047127,0.39689,0.342531,0.351942,0.024672,-0.018956,0.100982,0.094222,0.497304,-0.041044,-0.473998,0.115769
0.72,0.119582,-0.229489,-0.40943,-0.074255,0.430403,0.339683,0.288578,0.026304,-0.022545,0.096994,0.198634,0.468181,0.136782,-0.51659,0.107547,-0.080293,-0.411792,0.047089,0.396932,0.342587,0.351926,0.024671,-0.018956,0.100999,0.094053,0.497269,-0.040897,-0.474889,0.115783
0.74,0.119696,-0.229571,-0.408776,-0.074806,0.431452,0.339017,0.289049,0.02678,-0.023171,0.095797,0.199231,0.467361,0.135903,-0.516361,0.107565,-0.080273,-0.411675,0.047115,0.396963,0.342655,0.351902,0.024682,-0.018953,0.101024,0.093972,0.497257,-0.04031,-0.475525,0.115784
0.76,0.118606,-0.225657,-0.406773,-0.069432,0.426992,0.337242,0.294309,0.027787,-0.022519,0.094455,0.196926,0.461922,0.13492,-0.536022,0.10758,-0.080205,-0.411844,0.047209,0.396935,0.342563,0.351905,0.02471,-0.018949,0.101036,0.094319,0.497343,-0.040428,-0.474355,0.115741
0.78,0.120784,-0.22744,-0.41018,-0.072627,0.426077,0.342642,0.289098,0.025235,-0.022504,0.095692,0.198762,0.463724,0.144555,-0.516975,0.107588,-0.080225,-0.411927,0.047186,0.396995,0.342538,0.351921,0.02472,-0.018952,0.101031,0.094264,0.497315,-0.041033,-0.474107,0.115761
0.8,0.119654,-0.229438,-0.409454,-0.073748,0.429522,0.339805,0.288676,0.026384,-0.022312,0.096796,0.198855,0.467542,0.137204,-0.516893,0.107604,-0.080243,-0.411848,0.047142,0.397039,0.342629,0.351908,0.02472,-0.018953,0.101042,0.094102,0.497282,-0.040904,-0.474841,0.115783
0.82,0.119725,-0.229458,-0.408833,-0.074591,0.431179,0.33904,0.28916,0.026847,-0.022976,0.095585,0.199438,0.46695,0.136282,-0.516617,0.107622,-0.080227,-0.411737,0.047153,0.397043,0.342697,0.351885,0.02473,-0.018949,0.101063,0.094025,0.497265,-0.040376,-0.475484,0.115784
0.84,0.11863,-0.225606,-0.406836,-0.069311,0.426817,0.337282,0.29437,0.02782,-0.022354,0.094432,0.196808,0.46183,0.135082,-0.53615,0.107636,-0.080164,-0.41189,0.047205,0.397016,0.342608,0.351888,0.024758,-0.018945,0.101073,0.094376,0.497339,-0.040507,-0.474316,0.115741
0.86,0.120757,-0.227511,-0.41029,-0.072892,0.426053,0.342924,0.288786,0.025158,-0.02238,0.095899,0.198274,0.464443,0.144391,-0.515839,0.107642,-0.080194,-0.411976,0.047192,0.397025,0.342579,0.351906,0.024766,-0.018948,0.101069,0.094318,0.497263,-0.041205,-0.474111,0.115755
0.88,0.119644,-0.229122,-0.409074,-0.07362,0.429748,0.33962,0.288734,0.026479,-0.022454,0.096762,0.198546,0.46755,0.137232,-0.517265,0.10766,-0.080212,-0.411882,0.04712,0.397075,0.342722,0.351891,0.024767,-0.018948,0.101079,0.094151,0.497224,-0.041061,-0.474847,0.115781
0.9,0.119202,-0.229562,-0.408738,-0.073813,0.429414,0.339318,0.28954,0.026534,-0.023806,0.096033,0.199388,0.467335,0.137158,-0.517696,0.107675,-0.080224,-0.411806,0.04711,0.397095,0.342791,0.351869,0.024775,-0.018946,0.101103,0.093971,0.497206,-0.040688,-0.475446,0.115792
0.92,0.118339,-0.226319,-0.406298,-0.070617,0.426515,0.337159,0.291972,0.02879,-0.022451,0.093895,0.197621,0.463697,0.1332,-0.528616,0.107692,-0.080167,-0.411859,0.047273,0.397032,0.342771,0.351865,0.024801,-0.018943,0.101115,0.094288,0.497279,-0.040253,-0.47514,0.115746
0.94,0.120248,-0.226745,-0.410031,-0.072089,0.427239,0.341136,0.290496,0.025565,-0.02247,0.095831,0.197944,0.46389,0.142837,-0.521628,0.107694,-0.080203,-0.411904,0.047282,0.397007,0.342752,0.351878,0.024821,-0.018947,0.101108,0.094343,0.497273,-0.041101,-0.474198,0.115751
0.96,0.120003,-0.228812,-0.409161,-0.073108,0.428908,0.340297,0.288996,0.026279,-0.022613,0.096361,0.198726,0.466183,0.139594,-0.517461,0.107708,-0.08022,-0.411842,0.047243,0.397074,0.34286,0.351868,0.024824,-0.018948,0.101114,0.094194,0.497224,-0.04116,-0.474773,0.115777
0.98,0.1193,-0.229808,-0.40912,-0.074207,0.43009,0.339408,0.289553,0.026545,-0.023487,0.096307,0.199213,0.467651,0.137147,-0.517506,0.107723,-0.080234,-0.411777,0.047233,0.397093,0.342924,0.35185,0.02483,-0.018948,0.101134,0.094018,0.497199,-0.040899,-0.47545,0.115788
1.0,0.118549,-0.226307,-0.405486,-0.070635,0.426821,0.337358,0.292046,0.029012,-0.022807,0.09387,0.19722,0.463589,0.133583,-0.529255,0.10774,-0.080189,-0.411885,0.047364,0.397039,0.342883,0.351847,0.024853,-0.018944,0.101146,0.094317,0.497269,-0.040509,-0.475152,0.11574
1.02,0.120272,-0.226411,-0.409865,-0.072164,0.427063,0.341246,0.290556,0.025561,-0.022444,0.095655,0.198031,0.463573,0.143114,-0.521801,0.107744,-0.080222,-0.411985,0.047337,0.397029,0.342843,0.35186,0.024873,-0.018948,0.101139,0.094356,0.497288,-0.041351,-0.474217,0.115748
1.04,0.120045,-0.228673,-0.40902,-0.073184,0.429134,0.340317,0.289069,0.026275,-0.02257,0.096313,0.198618,0.466039,0.139949,-0.517601,0.107759,-0.080243,-0.411928,0.047269,0.397099,0.342946,0.35185,0.024875,-0.01895,0.101143,0.0942,0.497247,-0.041398,-0.474827,0.115775
1.06,0.119247,-0.229617,-0.408993,-0.074242,0.429965,0.339497,0.289572,0.02655,-0.023376,0.096157,0.199266,0.467495,0.13726,-0.517442,0.107773,-0.080258,-0.41186,0.047255,0.397109,0.343,0.351833,0.024881,-0.018949,0.101163,0.094021,0.497221,-0.041121,-0.475541,0.115786
1.08,0.118936,-0.228078,-0.408246,-0.071916,0.426715,0.339149,0.290331,0.026923,-0.022931,0.095138,0.199352,0.465197,0.136215,-0.521975,0.107783,-0.080252,-0.411838,0.047349,0.397062,0.343,0.351829,0.024898,-0.018948,0.101182,0.094069,0.497327,-0.040815,-0.475162,0.115764
1.1,0.119048,-0.22881,-0.408708,-0.073344,0.429723,0.338871,0.291105,0.026984,-0.023431,0.095557,0.198966,0.465211,0.138001,-0.522783,0.107791,-0.080261,-0.411831,0.047356,0.397024,0.343019,0.351823,0.02491,-0.018951,0.101193,0.093975,0.497363,-0.040808,-0.475081,0.115774
1.12,0.120402,-0.229756,-0.408742,-0.07395,0.430152,0.340107,0.289073,0.027166,-0.023139,0.095374,0.199855,0.465789,0.138686,-0.516756,0.107799,-0.080265,-0.411811,0.047398,0.397001,0.343033,0.351819,0.024921,-0.018953,0.101204,0.093925,0.497388,-0.040616,-0.475325,0.11577
1.14,0.11862,-0.226321,-0.407215,-0.069621,0.426148,0.337569,0.293428,0.027799,-0.022038,0.094505,0.197822,0.462447,0.135283,-0.533594,0.107814,-0.080192,-0.411914,0.047457,0.396978,0.342994,0.351825,0.024948,-0.018952,0.101208,0.094245,0.497428,-0.040807,-0.474337,0.115734
1.16,0.12042,-0.227884,-0.41025,-0.072917,0.426143,0.342489,0.288772,0.02525,-0.022348,0.095759,0.198832,0.464616,0.143722,-0.516068,0.10782,-0.080226,-0.411953,0.047438,0.39698,0.342997,0.351838,0.024954,-0.018954,0.101203,0.094173,0.497335,-0.041409,-0.47422,0.11575
1.18,0.119437,-0.229171,-0.409361,-0.073059,0.428854,0.339285,0.288999,0.026331,-0.022548,0.096268,0.199698,0.466739,0.137566,-0.517974,0.107836,-0.080236,-0.411808,0.047334,0.397052,0.343165,0.351819,0.024957,-0.018953,0.101211,0.094014,0.497299,-0.041191,-0.474929,0.11578
1.2,0.119721,-0.23035,-0.409253,-0.075001,0.431396,0.339278,0.288911,0.027017,-0.022999,0.095718,0.199591,0.46749,0.136596,-0.515345,0.107849,-0.08022,-0.411732,0.047351,0.397004,0.343227,0.351799,0.024962,-0.018951,0.10123,0.093949,0.497273,-0.04074,-0.475619,0.115774
1.22,0.118182,-0.225815,-0.407443,-0.069069,0.42605,0.337046,0.294506,0.027616,-0.022253,0.09426,0.197375,0.461959,0.134193,-0.536067,0.107862,-0.080101,-0.411739,0.047408,0.396996,0.343139,0.3518,0.024992,-0.018946,0.101239,0.094349,0.497358,-0.040745,-0.474453,0.115738
1.24,0.120548,-0.228087,-0.410706,-0.073103,0.426159,0.342882,0.288652,0.025069,-0.022606,0.095988,0.198288,0.465038,0.144195,-0.514888,0.107863,-0.080128,-0.411825,0.047401,0.396963,0.343101,0.351819,0.024996,-0.018949,0.101234,0.094305,0.497283,-0.041431,-0.474239,0.115747
1.26,0.118982,-0.229109,-0.409878,-0.073027,0.427788,0.339078,0.288734,0.026042,-0.022304,0.096364,0.199744,0.467424,0.136014,-0.517011,0.10788,-0.080134,-0.411674,0.047336,0.397034,0.3433,0.351802,0.024998,-0.018948,0.101243,0.09414,0.497254,-0.041167,-0.474913,0.11578
1.28,0.119142,-0.230266,-0.409101,-0.074038,0.430949,0.338855,0.28986,0.026593,-0.024218,0.09622,0.199289,0.46758,0.137596,-0.517997,0.107889,-0.080155,-0.411643,0.047315,0.396954,0.343396,0.35178,0.025,-0.018948,0.101265,0.09397,0.497226,-0.04088,-0.475456,0.115783
1.3,0.118246,-0.226709,-0.407075,-0.069804,0.425406,0.337341,0.292486,0.028627,-0.022806,0.093694,0.198236,0.463172,0.133203,-0.52954,0.107903,-0.080014,-0.411514,0.047402,0.396916,0.343345,0.351775,0.025026,-0.018946,0.101277,0.094354,0.497291,-0.040339,-0.475154,0.115747
1.32,0.120189,-0.227678,-0.410555,-0.07218,0.427423,0.341239,0.290464,0.025675,-0.022702,0.095823,0.19833,0.464079,0.143056,-0.520932,0.107902,-0.080039,-0.411658,0.047414,0.39678,0.343225,0.351794,0.025039,-0.018952,0.101269,0.094403,0.497267,-0.04132,-0.474202,0.115741
1.34,0.119532,-0.229386,-0.409851,-0.073006,0.427603,0.340334,0.288824,0.026061,-0.022502,0.096208,0.199437,0.466523,0.138541,-0.516704,0.107916,-0.080047,-0.411593,0.047379,0.396854,0.343321,0.351785,0.025043,-0.018953,0.101273,0.094256,0.497224,-0.041321,-0.474784,0.115771
1.36,0.119246,-0.230301,-0.409314,-0.073881,0.430817,0.338887,0.289901,0.026654,-0.02388,0.096189,0.199564,0.467286,0.137696,-0.518501,0.107928,-0.080067,-0.411536,0.047356,0.396882,0.34341,0.351764,0.025046,-0.018954,0.101292,0.094083,0.497198,-0.041063,-0.475409,0.115782
1.38,0.118358,-0.226798,-0.406558,-0.070286,0.42597,0.337511,0.292176,0.028728,-0.022677,0.0937,0.198065,0.463181,0.133751,-0.528907,0.107943,-0.080016,-0.411586,0.047539,0.396827,0.343382,0.351762,0.025083,-0.018952,0.101302,0.094397,0.497284,-0.040674,-0.475193,0.115736
1.4,0.119954,-0.226953,-0.410492,-0.071791,0.426597,0.340954,0.290996,0.025413,-0.022586,0.095277,0.198975,0.462951,0.14297,-0.522481,0.107947,-0.080042,-0.411688,0.047494,0.396815,0.343305,0.351776,0.025107,-0.018954,0.101292,0.09443,0.497332,-0.041458,-0.474272,0.115747
1.42,0.119752,-0.229547,-0.40998,-0.073331,0.428723,0.340542,0.289038,0.026065,-0.022627,0.09631,0.199077,0.46642,0.13944,-0.516601,0.107956,-0.080067,-0.411642,0.047387,0.396836,0.343347,0.351769,0.025106,-0.018957,0.101295,0.09428,0.497297,-0.041436,-0.47488,0.115771
1.44,0.119132,-0.230147,-0.409101,-0.07396,0.430304,0.339112,0.289782,0.026635,-0.02376,0.096039,0.199623,0.467301,0.137174,-0.518103,0.107968,-0.080085,-0.41159,0.047367,0.39684,0.343395,0.351752,0.025109,-0.018958,0.101314,0.094104,0.497273,-0.041126,-0.475538,0.115781
1.46,0.118322,-0.226774,-0.406442,-0.07042,0.426288,0.337387,0.292344,0.028819,-0.022916,0.0937,0.197765,0.463357,0.133487,-0.529271,0.107982,-0.079992,-0.411582,0.04745,0.396827,0.343341,0.351749,0.025132,-0.018955,0.101325,0.094446,0.497337,-0.040604,-0.47525,0.11574
1.48,0.119896,-0.227348,-0.410409,-0.072573,0.426947,0.34146,0.290397,0.025462,-0.02249,0.095738,0.198117,0.464251,0.142416,-0.520706,0.107982,-0.080021,-0.411755,0.047463,0.39676,0.343227,0.351768,0.025148,-0.01896,0.101318,0.094475,0.497325,-0.041527,-0.474301,0.115738
1.5,0.119487,-0.228891,-0.409562,-0.072939,0.427972,0.340055,0.289141,0.025887,-0.022618,0.096044,0.199247,0.466068,0.138987,-0.517592,0.107995,-0.080032,-0.411685,0.047383,0.396883,0.343342,0.351756,0.025151,-0.018961,0.10132,0.094321,0.49729,-0.041493,-0.474854,0.115773
1.52,0.119317,-0.230268,-0.409096,-0.074253,0.431027,0.339285,0.289755,0.026654,-0.023872,0.096238,0.199163,0.467452,0.137971,-0.517798,0.108005,-0.080058,-0.411673,0.047352,0.396858,0.343405,0.351739,0.025151,-0.018962,0.101339,0.094143,0.497257,-0.041298,-0.475535,0.115777
1.54,0.118182,-0.227609,-0.405156,-0.07167,0.424687,0.338102,0.28855,0.02979,-0.02324,0.093076,0.198932,0.466083,0.132228,-0.518681,0.108021,-0.07998,-0.411569,0.047415,0.396856,0.343406,0.351728,0.025169,-0.01896,0.101352,0.094345,0.497277,-0.04048,-0.475876,0.115749
1.56,0.119261,-0.226228,-0.409776,-0.071553,0.429399,0.338813,0.292789,0.026302,-0.022398,0.095492,0.198037,0.462839,0.140786,-0.52923,0.10802,-0.079998,-0.41175,0.047446,0.396613,0.343253,0.351737,0.025205,-0.018965,0.101343,0.094499,0.497303,-0.041508,-0.474222,0.11573
1.58,0.120193,-0.228982,-0.409573,-0.072949,0.427192,0.34184,0.289025,0.02567,-0.022711,0.095872,0.198869,0.464995,0.142233,-0.516567,0.108028,-0.08001,-0.411705,0.047406,0.39672,0.343268,0.351733,0.025211,-0.018966,0.101341,0.094371,0.49726,-0.041716,-0.474694,0.115762
1.6,0.119212,-0.230214,-0.409405,-0.074449,0.430722,0.339443,0.289517,0.026542,-0.023202,0.096301,0.199406,0.467677,0.137372,-0.517443,0.108039,-0.080033,-0.411665,0.047385,0.396757,0.343309,0.351719,0.025211,-0.018968,0.101356,0.094194,0.497228,-0.041549,-0.47551,0.115774
1.62,0.118232,-0.228325,-0.40663,-0.072452,0.426896,0.33848,0.290166,0.028258,-0.023178,0.094166,0.199112,0.465536,0.133869,-0.522232,0.108047,-0.080035,-0.411625,0.047461,0.39677,0.343319,0.351712,0.025225,-0.018966,0.101376,0.094195,0.497317,-0.041144,-0.475369,0.115758
1.64,0.119071,-0.228378,-0.410067,-0.072351,0.427627,0.339726,0.290941,0.026056,-0.023126,0.095127,0.200208,0.464231,0.140143,-0.522461,0.10805,-0.080043,-0.411589,0.047509,0.396734,0.343312,0.351713,0.025244,-0.018968,0.101378,0.094154,0.497373,-0.041312,-0.474746,0.115761
1.66,0.119779,-0.230676,-0.409432,-0.073136,0.429701,0.339955,0.289826,0.026694,-0.023681,0.095681,0.200574,0.46554,0.140191,-0.518598,0.108056,-0.08006,-0.41155,0.047495,0.396714,0.343339,0.351704,0.025247,-0.018972,0.101385,0.094012,0.497344,-0.04124,-0.475215,0.115771
1.68,0.120067,-0.230365,-0.407281,-0.07388,0.428466,0.339546,0.286953,0.029076,-0.022784,0.093907,0.201276,0.466475,0.135812,-0.512294,0.10807,-0.080033,-0.411511,0.047577,0.396681,0.343359,0.351693,0.025257,-0.018973,0.101395,0.094083,0.497327,-0.040567,-0.475938,0.115748
1.7,0.118503,-0.22618,-0.409012,-0.06969,0.427362,0.337345,0.294598,0.026641,-0.021617,0.094556,0.199061,0.461191,0.137169,-0.536119,0.10808,-0.080016,-0.411691,0.047609,0.396612,0.343265,0.351696,0.025316,-0.018972,0.101392,0.094362,0.497386,-0.041206,-0.474036,0.115728
1.72,0.120659,-0.229025,-0.410383,-0.072972,0.426769,0.342701,0.288883,0.025115,-0.022707,0.095678,0.199253,0.464235,0.144528,-0.515558,0.108084,-0.080039,-0.411672,0.047487,0.396652,0.34327,0.351703,0.02532,-0.018972,0.101385,0.094288,0.49731,-0.041533,-0.474229,0.115754
1.74,0.119085,-0.230155,-0.409671,-0.073998,0.429792,0.339336,0.289157,0.02633,-0.022651,0.096344,0.19993,0.467477,0.136583,-0.517566,0.108097,-0.080056,-0.411582,0.047442,0.396688,0.343345,0.35169,0.025318,-0.018973,0.101397,0.094127,0.497274,-0.04131,-0.475065,0.115774
1.76,0.119454,-0.229666,-0.407375,-0.074313,0.428773,0.339142,0.287131,0.028225,-0.022886,0.094066,0.200194,0.467129,0.135049,-0.512283,0.108111,-0.080007,-0.411499,0.047515,0.396675,0.343398,0.351671,0.025325,-0.018968,0.101412,0.094202,0.497261,-0.04052,-0.475787,0.115754
1.78,0.118543,-0.226066,-0.408619,-0.070166,0.428103,0.337594,0.294189,0.026651,-0.021926,0.09502,0.19795,0.461939,0.137107,-0.53533,0.108117,-0.079973,-0.411694,0.047568,0.396601,0.343278,0.351674,0.025359,-0.018966,0.101412,0.094475,0.497324,-0.041168,-0.4739,0.115727
1.8,0.12046,-0.228465,-0.410027,-0.072919,0.426242,0.342562,0.28894,0.025057,-0.022769,0.095573,0.198968,0.464101,0.144074,-0.516135,0.108123,-0.079986,-0.4117,0.047473,0.396765,0.343281,0.351678,0.025363,-0.018966,0.101406,0.09438,0.497298,-0.041433,-0.474084,0.115759
1.82,0.11936,-0.230194,-0.409194,-0.074433,0.430907,0.339672,0.288994,0.026607,-0.022987,0.096623,0.198835,0.467976,0.137229,-0.517009,0.108132,-0.080014,-0.411688,0.047426,0.396776,0.343314,0.351667,0.025356,-0.018968,0.101419,0.094211,0.49726,-0.041314,-0.47498,0.11577
1.84,0.119372,-0.228571,-0.407477,-0.07347,0.426633,0.339464,0.286962,0.02794,-0.022749,0.093864,0.200286,0.466744,0.134655,-0.511942,0.108149,-0.07996,-0.411514,0.04744,0.39685,0.343348,0.351646,0.025368,-0.018963,0.101434,0.094274,0.497256,-0.04036,-0.475733,0.115761
1.86,0.118527,-0.225816,-0.408589,-0.070076,0.429023,0.337029,0.294595,0.026876,-0.021934,0.095008,0.197705,0.461624,0.13759,-0.536287,0.108154,-0.07995,-0.411722,0.047461,0.396705,0.343243,0.351647,0.025395,-0.018962,0.101433,0.094532,0.497298,-0.041046,-0.473785,0.115731
1.88,0.120473,-0.228587,-0.410059,-0.073173,0.426095,0.342955,0.288647,0.0251,-0.022634,0.095769,0.198519,0.464664,0.143875,-0.515069,0.108158,-0.07997,-0.411732,0.047427,0.396786,0.343243,0.351655,0.025396,-0.018963,0.101428,0.094436,0.49723,-0.041423,-0.474013,0.115756
1.9,0.118879,-0.229629,-0.409582,-0.074022,0.429611,0.339204,0.289051,0.026251,-0.022606,0.096383,0.199326,0.467799,0.136333,-0.517199,0.10817,-0.079988,-0.411643,0.047395,0.396843,0.343325,0.351641,0.025393,-0.018963,0.101441,0.094261,0.497198,-0.041208,-0.474896,0.115777
1.92,0.11926,-0.230212,-0.40903,-0.07507,0.431521,0.338966,0.289327,0.026853,-0.023351,0.095499,0.199385,0.467488,0.13605,-0.516034,0.108179,-0.079975,-0.41155,0.047427,0.396817,0.343384,0.351623,0.025398,-0.01896,0.101461,0.094181,0.497181,-0.040666,-0.475551,0.115773
1.94,0.118028,-0.226064,-0.406876,-0.069652,0.426642,0.33721,0.294551,0.027804,-0.022656,0.094126,0.197085,0.462129,0.134373,-0.535754,0.108187,-0.079911,-0.411714,0.047525,0.396777,0.343275,0.351629,0.025423,-0.018957,0.101469,0.094522,0.497277,-0.04075,-0.474396,0.115731
1.96,0.120396,-0.227585,-0.410161,-0.072495,0.425944,0.342317,0.289557,0.02525,-0.022934,0.095244,0.199033,0.463435,0.144519,-0.517438,0.108189,-0.07994,-0.411788,0.047444,0.396843,0.343242,0.351644,0.025429,-0.018961,0.101459,0.09446,0.497285,-0.041269,-0.474125,0.115754
1.98,0.119292,-0.22978,-0.409381,-0.073621,0.429446,0.339649,0.289183,0.02663,-0.022647,0.096258,0.199257,0.467018,0.137547,-0.517507,0.108198,-0.079965,-0.411724,0.047381,0.396865,0.343325,0.351635,0.025426,-0.018964,0.101465,0.09429,0.497256,-0.041113,-0.474841,0.115776
2.0,0.087928,-0.231292,-0.355769,-0.184619,0.570773,0.361006,0.249248,0.033057,0.020831,0.07532,0.193552,0.363026,0.158852,-0.661442,0.108209,-0.079974,-0.411671,0.047415,0.39686,0.343376,0.351618,0.02543,-0.018963,0.101482,0.094195,0.497237,-0.040623,-0.475474,0.115772
2.02,0.076059,-0.220027,-0.369294,-0.154267,0.530982,0.378377,0.21129,0.017436,0.013613,0.077826,0.184652,0.380946,0.130673,-0.608112,0.106787,-0.079951,-0.411191,0.045246,0.401126,0.3426,0.351177,0.025604,-0.016991,0.10131,0.094204,0.494418,-0.041289,-0.480032,0.115791
2.04,0.069152,-0.196252,-0.366599,-0.122808,0.536785,0.366188,0.232499,0.035696,-0.002075,0.068619,0.185211,0.396849,0.074567,-0.590529,0.103067,-0.080775,-0.41113,0.044065,0.404559,0.341209,0.348152,0.025657,-0.013448,0.10126,0.093642,0.490721,-0.045072,-0.482287,0.115763
2.06,0.061857,-0.166233,-0.361388,-0.094856,0.534295,0.365822,0.246033,0.041204,-0.009448,0.065589,0.174547,0.409067,0.044383,-0.567895,0.098248,-0.081422,-0.410742,0.045052,0.407314,0.340317,0.343447,0.025919,-0.010286,0.10044,0.093245,0.48653,-0.051094,-0.484556,0.11565
2.08,0.04917,-0.137952,-0.354561,-0.07136,0.536888,0.369325,0.252813,0.044007,-0.012783,0.061183,0.165708,0.428373,0.00671,-0.529442,0.093181,-0.081053,-0.408922,0.045691,0.413405,0.341109,0.338509,0.026455,-0.008492,0.098469,0.093308,0.480034,-0.05747,-0.492516,0.115582
2.1,0.0369,-0.129188,-0.349311,-0.053646,0.559043,0.365926,0.261719,0.052342,-0.011352,0.052197,0.159633,0.439051,-0.030432,-0.51674,0.087243,-0.080762,-0.406966,0.048993,0.41823,0.343144,0.334046,0.027286,-0.008057,0.096219,0.093706,0.47316,-0.066437,-0.499831,0.11545
2.12,0.022188,-0.116908,-0.346664,-0.02318,0.560885,0.365355,0.263289,0.058466,-0.008728,0.051638,0.150148,0.4445,-0.071354,-0.495946,0.08085,-0.079833,-0.40416,0.054935,0.426354,0.346648,0.33051,0.02916,-0.008006,0.092625,0.09405,0.466403,-0.077173,-0.504802,0.115266
2.14,0.012926,-0.108663,-0.341604,-0.006794,0.591255,0.368305,0.265087,0.063703,-0.002268,0.045297,0.145686,0.457214,-0.100689,-0.47973,0.074005,-0.079674,-0.400258,0.064304,0.435554,0.351777,0.327711,0.031632,-0.007992,0.088095,0.094444,0.459537,-0.089077,-0.510942,0.115098
2.16,0.00073,-0.103549,-0.333838,0.009458,0.610859,0.370696,0.260936,0.068407,0.005206,0.041074,0.140393,0.463989,-0.133087,-0.461886,0.066685,-0.079557,-0.395755,0.076065,0.446914,0.358307,0.325322,0.034851,-0.00795,0.083185,0.094824,0.452749,-0.102253,-0.517564,0.114893
2.18,-0.009131,-0.10257,-0.327093,0.023546,0.636245,0.371924,0.257291,0.074264,0.014011,0.033838,0.137612,0.468602,-0.162904,-0.453174,0.058688,-0.079502,-0.391373,0.090587,0.459596,0.365546,0.322993,0.038703,-0.007487,0.078131,0.095045,0.446608,-0.117128,-0.522545,0.114624
2.2,-0.017938,-0.104589,-0.320732,0.038341,0.662907,0.372772,0.253058,0.080436,0.023816,0.026482,0.134965,0.469405,-0.19182,-0.449196,0.049972,-0.079339,-0.387183,0.107987,0.473625,0.37287,0.320452,0.043168,-0.006105,0.072956,0.09496,0.441579,-0.133566,-0.524886,0.114268
2.22,-0.025577,-0.101815,-0.313287,0.057783,0.685872,0.374684,0.247871,0.084565,0.02961,0.020999,0.129016,0.470478,-0.220928,-0.440264,0.040468,-0.079088,-0.38321,0.127307,0.489942,0.379959,0.317632,0.048195,-0.003506,0.067773,0.094474,0.437453,-0.151915,-0.525257,0.113877
2.24,-0.031269,-0.09902,-0.303939,0.075448,0.717416,0.377387,0.244415,0.089084,0.036174,0.012163,0.121853,0.474436,-0.248463,-0.432918,0.030394,-0.078749,-0.380025,0.147558,0.507564,0.386593,0.314449,0.053398,0.000166,0.062533,0.094262,0.433365,-0.172826,-0.525298,0.113498
2.26,-0.038745,-0.094475,-0.293948,0.099509,0.745039,0.378801,0.241696,0.093113,0.042775,0.003293,0.111526,0.478242,-0.282605,-0.422085,0.020208,-0.078457,-0.377725,0.168687,0.526084,0.3925,0.31097,0.05858,0.004696,0.057022,0.09422,0.42941,-0.195986,-0.525278,0.113104
2.28,-0.045727,-0.088206,-0.286213,0.135023,0.765906,0.377349,0.243402,0.097838,0.048706,-0.007137,0.099158,0.480772,-0.325615,-0.407368,0.009952,-0.077948,-0.375758,0.190873,0.546298,0.397634,0.307324,0.063838,0.009954,0.051261,0.094169,0.425926,-0.221015,-0.524765,0.112676
2.3,-0.047347,-0.083392,-0.281518,0.174902,0.772115,0.368892,0.246668,0.096178,0.05311,-0.018769,0.08538,0.478704,-0.365066,-0.393327,-0.00062,-0.077354,-0.373726,0.214464,0.568681,0.402067,0.303756,0.06917,0.015735,0.045225,0.094034,0.422756,-0.248222,-0.522889,0.112195
2.32,-0.044888,-0.085027,-0.280204,0.216312,0.78397,0.35932,0.255848,0.094957,0.056826,-0.033099,0.073948,0.473727,-0.399166,-0.388734,-0.011005,-0.076062,-0.371458,0.239345,0.591483,0.405406,0.300547,0.074217,0.021776,0.038811,0.093811,0.419742,-0.278537,-0.519358,0.11162
2.34,-0.039725,-0.081707,-0.280606,0.261145,0.783296,0.347293,0.260332,0.092517,0.055003,-0.042258,0.061343,0.465611,-0.43113,-0.382663,-0.020875,-0.074594,-0.36834,0.265866,0.61524,0.40748,0.298274,0.07866,0.027868,0.031729,0.093718,0.416934,-0.311362,-0.514278,0.111001
2.36,-0.034283,-0.073031,-0.284661,0.314949,0.778717,0.335177,0.265173,0.092131,0.046512,-0.051135,0.049397,0.460409,-0.471695,-0.375422,-0.0298,-0.073267,-0.364306,0.293914,0.639583,0.408081,0.297091,0.082196,0.033535,0.024018,0.093444,0.414199,-0.346,-0.507947,0.110319
2.38,-0.024531,-0.061334,-0.292008,0.373823,0.767436,0.319104,0.270208,0.092188,0.033955,-0.063624,0.040307,0.459549,-0.525077,-0.361166,-0.03808,-0.073074,-0.359915,0.3246,0.664004,0.40792,0.296858,0.08462,0.037968,0.01601,0.092907,0.41131,-0.381749,-0.500446,0.109581
2.4,-0.015541,-0.046614,-0.302665,0.429979,0.751687,0.300503,0.279466,0.089213,0.018801,-0.073385,0.026244,0.452631,-0.567639,-0.352909,-0.04478,-0.073968,-0.354869,0.358236,0.68861,0.406908,0.29685,0.086289,0.040376,0.007496,0.09232,0.408637,-0.418796,-0.491374,0.108769
2.42,-0.007824,-0.029605,-0.312349,0.463447,0.746841,0.285994,0.287633,0.074136,0.003073,-0.076876,0.008952,0.436562,-0.575441,-0.368065,-0.048359,-0.075171,-0.34802,0.393582,0.713023,0.404667,0.296886,0.08753,0.040787,-0.001916,0.092191,0.407229,-0.457893,-0.480629,0.107876
2.44,-0.003044,-0.014117,-0.316779,0.488567,0.757496,0.287944,0.287278,0.061067,-0.008931,-0.074706,-0.002488,0.424809,-0.574862,-0.393223,-0.049035,-0.076127,-0.339988,0.429058,0.735719,0.400397,0.29733,0.087826,0.039589,-0.011953,0.092216,0.407024,-0.498049,-0.469694,0.106883
2.46,-0.002167,-0.001983,-0.32153,0.526527,0.761915,0.291883,0.278294,0.057669,-0.010798,-0.073895,-0.014384,0.422244,-0.603598,-0.399466,-0.048026,-0.076129,-0.331712,0.462879,0.755892,0.394127,0.298599,0.087042,0.036453,-0.02201,0.092205,0.407556,-0.538319,-0.460829,0.105801
2.48,-0.001184,0.009942,-0.334525,0.589861,0.738286,0.284141,0.270898,0.057713,-0.012562,-0.081143,-0.030066,0.426315,-0.66876,-0.379724,-0.04602,-0.076346,-0.324082,0.497129,0.77455,0.386825,0.300254,0.085116,0.031991,-0.031425,0.092061,0.409039,-0.576788,-0.454265,0.104737
2.5,0.004509,0.020093,-0.356967,0.658812,0.704605,0.265679,0.274054,0.039608,-0.02418,-0.092004,-0.045433,0.427447,-0.72542,-0.370227,-0.043553,-0.076695,-0.317693,0.533658,0.790214,0.37908,0.301278,0.082378,0.026943,-0.040342,0.091348,0.411611,-0.615025,-0.448197,0.103638
2.52,0.009623,0.029505,-0.386361,0.733953,0.669162,0.246863,0.276121,0.01293,-0.037311,-0.093507,-0.063453,0.428358,-0.775288,-0.366752,-0.040609,-0.077077,-0.313772,0.5743,0.800427,0.370484,0.301625,0.078244,0.021282,-0.04934,0.089563,0.415173,-0.654843,-0.441467,0.10244
2.54,0.013223,0.042507,-0.4272,0.827949,0.616402,0.226251,0.272242,-0.018828,-0.0427,-0.08639,-0.091311,0.434046,-0.837108,-0.353244,-0.036953,-0.077604,-0.313266,0.62041,0.803641,0.360274,0.301788,0.071469,0.014656,-0.058377,0.085954,0.419702,-0.696979,-0.434101,0.1011
2.56,0.015323,0.061538,-0.486255,0.967212,0.517336,0.198059,0.266527,-0.054404,-0.040591,-0.06964,-0.135165,0.449754,-0.940005,-0.307524,-0.032512,-0.078304,-0.317318,0.67325,0.799213,0.347777,0.301902,0.061003,0.007273,-0.066766,0.079708,0.425265,-0.742512,-0.425909,0.099546
2.58,0.015512,0.09227,-0.563617,1.176669,0.342902,0.152359,0.273777,-0.098604,-0.042222,-0.037175,-0.190491,0.479113,-1.098315,-0.209576,-0.027324,-0.079465,-0.327995,0.735746,0.783461,0.332615,0.301917,0.046053,-9.3e-05,-0.073502,0.069282,0.432374,-0.793926,-0.414813,0.097659
2.6,0.019798,0.150995,-0.6379,1.442619,0.04813,0.094649,0.30438,-0.139114,-0.018862,0.015658,-0.243135,0.530842,-1.325648,-0.031804,-0.021305,-0.080856,-0.347001,0.813454,0.749364,0.313973,0.301734,0.025952,-0.006992,-0.077311,0.054214,0.442065,-0.855608,-0.395698,0.095155
2.62,0.0544,0.263874,-0.679492,1.562276,-0.260443,0.088168,0.355622,-0.112447,0.018635,0.059661,-0.281627,0.574225,-1.47396,0.115882,-0.01382,-0.080671,-0.375061,0.912675,0.684935,0.290686,0.301865,0.000862,-0.011984,-0.077184,0.034152,0.455846,-0.934254,-0.360324,0.091594
2.64,0.11744,0.347796,-0.622365,1.362365,-0.257623,0.25169,0.455931,-0.065113,0.017133,0.07287,-0.263522,0.549555,-1.320329,0.0155,-0.00311,-0.069515,-0.413043,1.02806,0.57967,0.262637,0.305106,-0.024677,-0.013202,-0.071733,0.006679,0.474826,-1.031898,-0.304512,0.086426
2.66,0.140339,0.344378,-0.476996,1.119195,-0.098616,0.419398,0.507812,-0.108848,0.053334,0.0461,-0.215916,0.427156,-1.130292,-0.106432,0.011553,-0.036285,-0.454812,1.127207,0.447362,0.237283,0.319572,-0.045237,-0.012392,-0.060973,-0.034424,0.499969,-1.13895,-0.240898,0.079149
2.68,0.153584,0.374105,-0.374038,1.02668,0.0636,0.483415,0.445347,-0.017811,0.08723,0.065942,-0.274192,0.370954,-1.050389,-0.100807,0.035529,0.00268,-0.492832,1.208921,0.317176,0.220658,0.351995,-0.062097,-0.008903,-0.053848,-0.078521,0.527581,-1.23342,-0.183773,0.071246
2.7,0.121321,0.357204,-0.321718,1.029973,0.103237,0.52606,0.447392,0.091349,0.032914,0.060519,-0.256791,0.348737,-0.989552,-0.128586,0.068821,0.040084,-0.52627,1.278575,0.207977,0.20954,0.396946,-0.070995,-0.000714,-0.052325,-0.115122,0.553856,-1.308705,-0.134446,0.063873
2.72,0.013465,0.289446,-0.362245,1.079515,0.180936,0.357011,0.315629,0.067491,0.109221,-0.002718,-0.227837,0.40406,-1.122811,-0.1445,0.094902,0.07409,-0.536617,1.305387,0.131962,0.223215,0.444006,-0.070264,0.006873,-0.04097,-0.153835,0.548772,-1.344466,-0.101601,0.061051
2.74,-0.035157,0.24325,-0.398301,1.090143,0.177864,0.302876,0.261734,0.041328,0.10252,-0.001824,-0.214431,0.438545,-1.179974,-0.155108,0.10483,0.107055,-0.52764,1.299247,0.090638,0.248868,0.472196,-0.06135,0.016147,-0.027651,-0.191431,0.522779,-1.344556,-0.086576,0.059518
2.76,0.029207,0.206221,-0.416519,1.031985,0.173788,0.313001,0.247633,0.069786,0.107599,0.022364,-0.167805,0.436949,-1.170215,-0.088472,0.108489,0.131963,-0.521305,1.307826,0.068462,0.263787,0.482093,-0.045444,0.028625,-0.020175,-0.210221,0.501191,-1.334472,-0.081866,0.058738
2.78,0.030241,0.126175,-0.419586,1.094422,0.171079,0.324789,0.228776,-0.005471,0.045438,0.024505,-0.123226,0.444941,-1.212052,-0.107261,0.109343,0.157262,-0.509558,1.313847,0.059716,0.274273,0.477561,-0.024666,0.043485,-0.016512,-0.211257,0.486556,-1.316614,-0.081072,0.05906
2.8,0.053654,0.084823,-0.422864,1.126433,0.167912,0.332267,0.244761,-0.059208,0.010644,0.018731,-0.097021,0.438045,-1.200838,-0.129979,0.109196,0.177578,-0.498569,1.316403,0.058671,0.281077,0.462355,-0.006987,0.055083,-0.013358,-0.20209,0.477624,-1.301066,-0.08125,0.059252
2.82,0.067833,0.066279,-0.441007,1.148928,0.158006,0.347516,0.27422,-0.062306,0.002416,0.015523,-0.083328,0.421641,-1.191192,-0.13111,0.107912,0.189721,-0.489254,1.31779,0.061168,0.28431,0.442944,0.002227,0.059851,-0.009692,-0.188762,0.475496,-1.296712,-0.082242,0.059287
2.84,0.076097,0.057311,-0.461108,1.166593,0.149111,0.358868,0.298214,-0.036755,-0.003656,0.011386,-0.068565,0.414821,-1.184875,-0.133624,0.105278,0.196383,-0.48073,1.318891,0.065183,0.286331,0.424574,0.003987,0.059561,-0.004309,-0.176151,0.476437,-1.298045,-0.08372,0.059149
2.86,0.083075,0.057434,-0.477081,1.180168,0.140814,0.362989,0.317224,-0.0062,-0.008843,0.004097,-0.056742,0.408268,-1.181809,-0.134851,0.101498,0.199089,-0.472695,1.319199,0.069602,0.288971,0.410247,0.00301,0.056107,0.001928,-0.165345,0.47942,-1.303114,-0.084911,0.058861
2.88,0.073291,0.04633,-0.495085,1.203015,0.12925,0.35921,0.320742,0.010711,-0.003161,0.001858,-0.0441,0.42821,-1.20124,-0.136243,0.097748,0.198958,-0.466093,1.317677,0.074141,0.294315,0.400591,0.001888,0.050206,0.00629,-0.158563,0.480788,-1.309426,-0.085496,0.058596
2.9,0.060699,0.031984,-0.50064,1.20813,0.127969,0.3318,0.30575,-0.00302,0.01849,0.002322,-0.047436,0.461717,-1.215466,-0.132007,0.09654,0.195783,-0.464128,1.313692,0.078599,0.30525,0.393646,0.000704,0.042709,0.006591,-0.158815,0.474349,-1.311254,-0.086171,0.058683
2.92,0.063401,0.03113,-0.504667,1.211219,0.12552,0.315309,0.302482,-0.009907,0.026927,0.001472,-0.044402,0.473052,-1.215015,-0.125519,0.096113,0.191498,-0.463895,1.310466,0.082194,0.317023,0.387488,0.000301,0.03654,0.006337,-0.160824,0.468106,-1.311373,-0.087107,0.05878
2.94,0.067555,0.032595,-0.506869,1.212629,0.124187,0.307667,0.30313,-0.011734,0.0273,0.001739,-0.043277,0.478665,-1.212545,-0.12177,0.095617,0.187389,-0.463907,1.308252,0.084816,0.327226,0.381308,0.000142,0.032885,0.005931,-0.162918,0.463997,-1.310875,-0.087907,0.058843
2.96,0.071012,0.034624,-0.508515,1.213172,0.122545,0.302119,0.30353,-0.011992,0.025725,0.001867,-0.043763,0.482249,-1.210037,-0.118881,0.09502,0.183887,-0.463945,1.306434,0.086661,0.335335,0.375316,-5.6e-05,0.031309,0.005395,-0.164604,0.461694,-1.309866,-0.088299,0.058891
2.98,0.073807,0.036871,-0.509519,1.212692,0.120968,0.297696,0.302998,-0.011833,0.024993,0.001831,-0.045577,0.484269,-1.207533,-0.115751,0.094419,0.181008,-0.463998,1.30468,0.087899,0.341387,0.369807,-0.000369,0.030959,0.004788,-0.165829,0.460577,-1.308437,-0.088392,0.058938
3.0,0.076052,0.039227,-0.509733,1.211464,0.119605,0.294293,0.302005,-0.011557,0.025819,0.001709,-0.048341,0.485161,-1.20486,-0.112582,0.0939,0.17868,-0.464131,1.302891,0.088644,0.34553,0.364921,-0.000773,0.030913,0.004188,-0.166659,0.46021,-1.306712,-0.088413,0.058986
3.02,0.077564,0.041553,-0.50961,1.210173,0.118651,0.292203,0.300957,-0.011268,0.02724,0.001608,-0.05161,0.486102,-1.20212,-0.110291,0.093532,0.17682,-0.464329,1.301066,0.08899,0.34794,0.360704,-0.001214,0.030903,0.003671,-0.167187,0.460152,-1.304875,-0.088408,0.059033
3.04,0.078648,0.043665,-0.509152,1.208788,0.117742,0.290794,0.30008,-0.01111,0.028659,0.001343,-0.054663,0.486677,-1.199473,-0.108541,0.093344,0.175349,-0.464535,1.299267,0.089085,0.34886,0.357165,-0.001631,0.030904,0.003289,-0.167501,0.460147,-1.303088,-0.088383,0.059078
3.06,0.078893,0.045288,-0.508717,1.207996,0.11749,0.288722,0.299412,-0.011493,0.029679,0.001124,-0.057028,0.487274,-1.197864,-0.107687,0.093275,0.174198,-0.46478,1.297626,0.089124,0.348971,0.354337,-0.001977,0.030914,0.003051,-0.167675,0.460165,-1.301494,-0.088342,0.059117
3.08,0.079133,0.04707,-0.507793,1.206662,0.117728,0.286438,0.29911,-0.012587,0.030605,0.000923,-0.059244,0.487064,-1.195973,-0.107344,0.093229,0.173311,-0.465087,1.296276,0.089153,0.348943,0.352218,-0.002258,0.03093,0.002941,-0.167766,0.460202,-1.300249,-0.088291,0.059149
3.1,0.079545,0.04889,-0.506602,1.205085,0.117958,0.285303,0.298742,-0.013351,0.031477,0.00087,-0.061379,0.48626,-1.193877,-0.107198,0.093184,0.172634,-0.465402,1.295211,0.08918,0.348767,0.3507,-0.002533,0.030953,0.002889,-0.167821,0.460246,-1.299324,-0.088218,0.059173
3.12,0.079987,0.050516,-0.505474,1.203569,0.118172,0.284916,0.298224,-0.013637,0.032257,0.000913,-0.063279,0.485379,-1.191959,-0.107183,0.093138,0.172116,-0.46568,1.294371,0.089207,0.348334,0.349667,-0.002846,0.03098,0.002847,-0.167869,0.460293,-1.298615,-0.088108,0.059193
3.14,0.080412,0.051941,-0.504367,1.202121,0.118417,0.284878,0.29765,-0.013723,0.032942,0.000987,-0.064947,0.484487,-1.19026,-0.107246,0.093091,0.171725,-0.46591,1.293706,0.089233,0.347632,0.349013,-0.003193,0.031012,0.002809,-0.167918,0.460338,-1.298048,-0.087958,0.059207
3.16,0.080794,0.053188,-0.503278,1.200757,0.118723,0.285071,0.297086,-0.013797,0.033533,0.001086,-0.066408,0.483598,-1.188778,-0.107372,0.093044,0.171433,-0.466095,1.29318,0.089258,0.346702,0.348646,-0.003549,0.031048,0.002774,-0.167969,0.460384,-1.297585,-0.087778,0.059219
3.18,0.08112,0.054254,-0.502239,1.199512,0.119078,0.285414,0.296583,-0.013927,0.034025,0.001204,-0.067651,0.482738,-1.187517,-0.107546,0.092997,0.171224,-0.466243,1.292771,0.089283,0.345604,0.348489,-0.003888,0.031087,0.002742,-0.168024,0.460429,-1.297205,-0.08758,0.059227
3.2,0.081383,0.055099,-0.501329,1.198473,0.119445,0.285862,0.296369,-0.014188,0.03441,0.001366,-0.068626,0.481952,-1.186528,-0.107746,0.09295,0.171083,-0.466363,1.292465,0.089307,0.344397,0.348432,-0.0042,0.031129,0.002712,-0.168087,0.460474,-1.296902,-0.087379,0.059234
3.22,0.081594,0.055781,-0.500489,1.197538,0.119828,0.286322,0.296348,-0.014528,0.034718,0.001524,-0.069407,0.4812,-1.185688,-0.107989,0.092903,0.170997,-0.466461,1.292252,0.089332,0.343142,0.348391,-0.004487,0.031174,0.002685,-0.168157,0.46052,-1.296676,-0.087184,0.059238
3.24,0.081755,0.056341,-0.499728,1.196731,0.120224,0.286812,0.296396,-0.014835,0.034956,0.001678,-0.07002,0.4805,-1.185004,-0.108238,0.092856,0.170944,-0.466541,1.292121,0.089358,0.341898,0.348353,-0.00476,0.03122,0.00266,-0.168239,0.460565,-1.296522,-0.087007,0.05924
3.26,0.081866,0.056798,-0.499054,1.196086,0.120589,0.287306,0.29648,-0.015082,0.035092,0.001806,-0.070455,0.479896,-1.184473,-0.108484,0.092808,0.170899,-0.466607,1.292051,0.089384,0.34071,0.348319,-0.005026,0.031268,0.002638,-0.168343,0.460609,-1.296429,-0.086857,0.059241
3.28,0.081917,0.057114,-0.498482,1.195661,0.120833,0.287802,0.296548,-0.015212,0.035111,0.001879,-0.070704,0.479453,-1.184169,-0.108706,0.092761,0.170856,-0.466676,1.292002,0.089411,0.339603,0.348288,-0.005287,0.031316,0.002617,-0.168465,0.460653,-1.296372,-0.086738,0.059241
3.3,0.081913,0.057268,-0.498076,1.195433,0.121002,0.288234,0.296623,-0.015215,0.035057,0.001919,-0.070786,0.479171,-1.184083,-0.108887,0.092714,0.170814,-0.466747,1.291956,0.089438,0.338595,0.348261,-0.00554,0.031364,0.002598,-0.168597,0.460698,-1.296324,-0.086643,0.059241
3.32,0.081869,0.057316,-0.497788,1.195342,0.121123,0.288562,0.296717,-0.015168,0.034959,0.001928,-0.070759,0.478998,-1.184138,-0.109028,0.092667,0.170772,-0.466817,1.291913,0.089466,0.337704,0.348235,-0.005772,0.031412,0.00258,-0.168732,0.460744,-1.296279,-0.086572,0.059241
3.34,0.081801,0.057303,-0.497591,1.195347,0.121219,0.288794,0.29683,-0.015113,0.034841,0.001924,-0.070673,0.478909,-1.184282,-0.109166,0.09262,0.170732,-0.466882,1.291871,0.089493,0.336943,0.348212,-0.00597,0.031459,0.002562,-0.168863,0.46079,-1.296237,-0.086514,0.05924
3.36,0.081722,0.057252,-0.497459,1.195416,0.121288,0.288939,0.296947,-0.015075,0.034716,0.001909,-0.070552,0.478878,-1.184478,-0.109291,0.092573,0.170692,-0.466942,1.291831,0.08952,0.336318,0.34819,-0.00613,0.031505,0.002544,-0.168986,0.460835,-1.296196,-0.08646,0.05924
3.38,0.08164,0.057177,-0.49738,1.195529,0.12133,0.289015,0.297056,-0.015054,0.034591,0.001886,-0.070408,0.478888,-1.184703,-0.109393,0.092525,0.170653,-0.466999,1.291792,0.089548,0.335825,0.348169,-0.006249,0.031551,0.002526,-0.169101,0.460879,-1.296156,-0.086408,0.05924
3.4,0.081563,0.057089,-0.497341,1.195668,0.121347,0.289037,0.297152,-0.015041,0.034473,0.001859,-0.070256,0.478924,-1.184933,-0.109475,0.092478,0.170615,-0.467051,1.291755,0.089576,0.335453,0.348149,-0.006331,0.031595,0.002508,-0.169206,0.460922,-1.296117,-0.086357,0.05924
3.42,0.081499,0.057,-0.497324,1.195815,0.121336,0.289017,0.297234,-0.015016,0.034361,0.001831,-0.070106,0.478971,-1.185148,-0.109543,0.09243,0.170578,-0.4671,1.291719,0.089603,0.335189,0.34813,-0.006387,0.031638,0.00249,-0.1693,0.460965,-1.296078,-0.086307,0.05924
3.44,0.081448,0.056919,-0.497322,1.195962,0.121302,0.288974,0.2973,-0.014951,0.034259,0.001809,-0.06997,0.479017,-1.185336,-0.109598,0.092383,0.170541,-0.46715,1.291683,0.08963,0.335017,0.348111,-0.006436,0.03168,0.002472,-0.169385,0.461006,-1.296039,-0.086258,0.05924
3.46,0.081411,0.056847,-0.497324,1.196101,0.121257,0.288913,0.29735,-0.014866,0.034167,0.00179,-0.069851,0.479066,-1.185503,-0.109641,0.092335,0.170505,-0.467198,1.291648,0.089658,0.33492,0.348093,-0.006483,0.031722,0.002453,-0.16946,0.461047,-1.296,-0.08621,0.05924
3.48,0.081424,0.056819,-0.497286,1.196157,0.121191,0.288883,0.297384,-0.014773,0.0341,0.001765,-0.069784,0.479066,-1.185562,-0.109663,0.092288,0.170469,-0.467246,1.291614,0.089685,0.334868,0.348074,-0.00653,0.031763,0.002434,-0.169527,0.461086,-1.29596,-0.086163,0.059241
3.5,0.081457,0.056823,-0.497223,1.196173,0.121131,0.288888,0.297392,-0.014676,0.034049,0.00175,-0.06976,0.479044,-1.185573,-0.109677,0.092242,0.170435,-0.467293,1.291578,0.089711,0.334825,0.348055,-0.006576,0.031803,0.002415,-0.169587,0.461123,-1.29592,-0.086117,0.059241
3.52,0.081496,0.056849,-0.497148,1.196164,0.121089,0.288884,0.297387,-0.014602,0.034014,0.001743,-0.069764,0.479008,-1.185563,-0.109691,0.092196,0.1704,-0.467338,1.291542,0.089738,0.334783,0.348036,-0.006621,0.031842,0.002396,-0.169644,0.46116,-1.295878,-0.086072,0.059241
3.54,0.081535,0.056887,-0.497066,1.196146,0.121053,0.288879,0.297379,-0.014544,0.033986,0.00174,-0.069782,0.478964,-1.185542,-0.109707,0.09215,0.170366,-0.467383,1.291507,0.089764,0.334742,0.348017,-0.006665,0.031881,0.002376,-0.169697,0.461195,-1.295836,-0.086027,0.059242
3.56,0.081574,0.056925,-0.496983,1.196128,0.121018,0.288878,0.29737,-0.01449,0.03396,0.001739,-0.0698,0.47892,-1.18552,-0.109724,0.092105,0.170333,-0.467428,1.291471,0.089789,0.334701,0.347997,-0.006709,0.03192,0.002357,-0.169748,0.46123,-1.295794,-0.085983,0.059243
3.58,0.08161,0.056961,-0.496903,1.196115,0.120982,0.28888,0.297364,-0.014433,0.033933,0.001737,-0.069815,0.478879,-1.185503,-0.109741,0.092061,0.1703,-0.467471,1.291436,0.089815,0.33466,0.347978,-0.006752,0.031958,0.002338,-0.169798,0.461265,-1.295752,-0.085939,0.059243
3.6,0.081646,0.056993,-0.496827,1.196105,0.120944,0.288885,0.297361,-0.014371,0.033903,0.001735,-0.069825,0.47884,-1.185488,-0.109759,0.092017,0.170268,-0.467515,1.291401,0.089839,0.334619,0.34796,-0.006795,0.031996,0.002319,-0.169847,0.461299,-1.29571,-0.085896,0.059244
3.62,0.08168,0.057021,-0.496753,1.196099,0.120904,0.288891,0.297361,-0.014305,0.033871,0.001731,-0.06983,0.478804,-1.185477,-0.109776,0.091973,0.170236,-0.467558,1.291366,0.089864,0.334578,0.347941,-0.006837,0.032033,0.0023,-0.169895,0.461333,-1.295669,-0.085853,0.059244
3.64,0.081713,0.057047,-0.496682,1.196095,0.120863,0.288898,0.297362,-0.014237,0.033838,0.001727,-0.069833,0.47877,-1.185467,-0.109793,0.09193,0.170204,-0.467601,1.291332,0.089887,0.334537,0.347922,-0.006879,0.03207,0.002282,-0.169944,0.461366,-1.295627,-0.08581,0.059245
3.66,0.081746,0.057072,-0.496612,1.196093,0.120823,0.288905,0.297364,-0.014169,0.033804,0.001723,-0.069835,0.478737,-1.185459,-0.10981,0.091887,0.170173,-0.467643,1.291298,0.089911,0.334496,0.347904,-0.00692,0.032107,0.002263,-0.169992,0.461399,-1.295585,-0.085767,0.059245
3.68,0.081779,0.057096,-0.496543,1.19609,0.120783,0.288911,0.297366,-0.014101,0.033771,0.001719,-0.069836,0.478704,-1.185449,-0.109826,0.091845,0.170142,-0.467684,1.291265,0.089934,0.334456,0.347886,-0.00696,0.032143,0.002245,-0.17004,0.461431,-1.295544,-0.085725,0.059246
3.7,0.081812,0.05712,-0.496475,1.196088,0.120745,0.288917,0.297368,-0.014035,0.033738,0.001715,-0.069837,0.478672,-1.185441,-0.109842,0.091803,0.170111,-0.467725,1.291231,0.089957,0.334416,0.347867,-0.007,0.032179,0.002226,-0.170087,0.461463,-1.295503,-0.085684,0.059246
3.72,0.081844,0.057144,-0.496407,1.196084,0.120706,0.288923,0.29737,-0.013969,0.033705,0.001711,-0.069837,0.47864,-1.185433,-0.109857,0.091761,0.17008,-0.467766,1.291198,0.089979,0.334375,0.347849,-0.007039,0.032214,0.002208,-0.170135,0.461495,-1.295462,-0.085642,0.059247
3.74,0.081876,0.057167,-0.496341,1.196082,0.120668,0.288929,0.297372,-0.013906,0.033673,0.001708,-0.069838,0.478609,-1.185424,-0.109872,0.09172,0.17005,-0.467806,1.291165,0.090001,0.334336,0.347832,-0.007078,0.032249,0.00219,-0.170182,0.461526,-1.295421,-0.085602,0.059247
3.76,0.081908,0.05719,-0.496276,1.196079,0.120631,0.288934,0.297374,-0.013843,0.033641,0.001704,-0.069838,0.478578,-1.185416,-0.109887,0.091679,0.17002,-0.467845,1.291132,0.090022,0.334296,0.347814,-0.007116,0.032284,0.002172,-0.170229,0.461557,-1.29538,-0.085561,0.059248
3.78,0.081939,0.057213,-0.496211,1.196077,0.120594,0.28894,0.297376,-0.013781,0.033609,0.001701,-0.069838,0.478548,-1.185408,-0.109902,0.091639,0.16999,-0.467884,1.2911,0.090043,0.334256,0.347796,-0.007153,0.032318,0.002154,-0.170276,0.461588,-1.29534,-0.085521,0.059248
3.8,0.081971,0.057235,-0.496147,1.196076,0.120558,0.288945,0.297378,-0.013719,0.033577,0.001698,-0.069837,0.478518,-1.1854,-0.109916,0.091599,0.16996,-0.467923,1.291067,0.090064,0.334217,0.347779,-0.00719,0.032352,0.002136,-0.170323,0.461618,-1.295299,-0.085481,0.059249
3.82,0.082001,0.057256,-0.496085,1.196073,0.120522,0.28895,0.29738,-0.013659,0.033546,0.001695,-0.069837,0.478488,-1.185393,-0.10993,0.09156,0.169931,-0.467961,1.291035,0.090084,0.334178,0.347761,-0.007227,0.032386,0.002118,-0.170369,0.461648,-1.295259,-0.085441,0.059249
3.84,0.082032,0.057277,-0.496023,1.196072,0.120486,0.288955,0.297382,-0.013599,0.033515,0.001692,-0.069835,0.478459,-1.185385,-0.109943,0.091521,0.169902,-0.467999,1.291003,0.090105,0.334139,0.347744,-0.007263,0.032419,0.0021,-0.170415,0.461677,-1.295219,-0.085402,0.05925
3.86,0.082062,0.057298,-0.495962,1.196071,0.120451,0.28896,0.297384,-0.013541,0.033484,0.001689,-0.069833,0.478431,-1.185378,-0.109957,0.091482,0.169873,-0.468036,1.290971,0.090124,0.3341,0.347727,-0.007298,0.032452,0.002082,-0.170461,0.461707,-1.295179,-0.085363,0.05925
3.88,0.082092,0.057318,-0.495902,1.196069,0.120417,0.288964,0.297386,-0.013482,0.033454,0.001686,-0.069832,0.478403,-1.185371,-0.10997,0.091444,0.169844,-0.468072,1.29094,0.090144,0.334061,0.34771,-0.007333,0.032484,0.002065,-0.170507,0.461736,-1.295139,-0.085324,0.059251
3.9,0.082121,0.057338,-0.495843,1.196069,0.120383,0.288969,0.297388,-0.013425,0.033424,0.001683,-0.069829,0.478375,-1.185365,-0.109982,0.091406,0.169816,-0.468108,1.290909,0.090163,0.334023,0.347693,-0.007367,0.032516,0.002047,-0.170553,0.461764,-1.2951,-0.085286,0.059251
3.92,0.08215,0.057357,-0.495785,1.196068,0.120349,0.288973,0.297391,-0.013368,0.033394,0.001681,-0.069826,0.478348,-1.185358,-0.109995,0.091368,0.169788,-0.468144,1.290877,0.090181,0.333984,0.347676,-0.007401,0.032548,0.00203,-0.170598,0.461792,-1.295061,-0.085248,0.059252
3.94,0.082179,0.057376,-0.495728,1.196068,0.120316,0.288977,0.297393,-0.013312,0.033364,0.001678,-0.069823,0.478321,-1.185352,-0.110007,0.091331,0.16976,-0.468179,1.290846,0.0902,0.333946,0.34766,-0.007435,0.032579,0.002013,-0.170643,0.46182,-1.295021,-0.085211,0.059252
3.96,0.082208,0.057394,-0.495672,1.196066,0.120283,0.288982,0.297395,-0.013257,0.033335,0.001676,-0.06982,0.478295,-1.185346,-0.110019,0.091295,0.169733,-0.468214,1.290816,0.090218,0.333908,0.347643,-0.007468,0.03261,0.001996,-0.170688,0.461848,-1.294982,-0.085173,0.059253
3.98,0.082236,0.057412,-0.495616,1.196066,0.120251,0.288986,0.297397,-0.013203,0.033305,0.001674,-0.069817,0.478269,-1.185341,-0.110031,0.091258,0.169705,-0.468248,1.290785,0.090236,0.33387,0.347627,-0.0075,0.03264,0.001979,-0.170733,0.461876,-1.294944,-0.085136,0.059253
4.0,0.082264,0.05743,-0.495561,1.196066,0.120219,0.28899,0.297399,-0.013149,0.033276,0.001671,-0.069813,0.478243,-1.185335,-0.110042,0.091222,0.169678,-0.468282,1.290754,0.090253,0.333832,0.34761,-0.007532,0.032671,0.001962,-0.170778,0.461903,-1.294905,-0.085099,0.059253
4.02,0.082292,0.057447,-0.495507,1.196066,0.120187,0.288994,0.297402,-0.013096,0.033248,0.001669,-0.069809,0.478218,-1.185329,-0.110053,0.091187,0.169651,-0.468315,1.290724,0.09027,0.333795,0.347594,-0.007563,0.032701,0.001945,-0.170822,0.461929,-1.294867,-0.085063,0.059254
4.04,0.082319,0.057464,-0.495454,1.196067,0.120156,0.288998,0.297404,-0.013044,0.033219,0.001667,-0.069804,0.478194,-1.185324,-0.110064,0.091151,0.169625,-0.468348,1.290694,0.090287,0.333757,0.347578,-0.007594,0.03273,0.001928,-0.170866,0.461956,-1.294828,-0.085027,0.059254
4.06,0.082346,0.05748,-0.495402,1.196067,0.120126,0.289001,0.297406,-0.012992,0.033191,0.001665,-0.069799,0.478169,-1.185318,-0.110074,0.091116,0.169598,-0.468381,1.290664,0.090304,0.33372,0.347562,-0.007625,0.032759,0.001911,-0.17091,0.461982,-1.29479,-0.084991,0.059255
4.08,0.082373,0.057497,-0.49535,1.196067,0.120095,0.289005,0.297408,-0.012941,0.033163,0.001664,-0.069794,0.478145,-1.185314,-0.110085,0.091082,0.169572,-0.468413,1.290635,0.09032,0.333683,0.347547,-0.007655,0.032788,0.001894,-0.170954,0.462008,-1.294752,-0.084955,0.059255
4.1,0.0824,0.057512,-0.495299,1.196068,0.120065,0.289009,0.297411,-0.012891,0.033135,0.001662,-0.069789,0.478122,-1.185309,-0.110095,0.091047,0.169546,-0.468445,1.290605,0.090336,0.333646,0.347531,-0.007685,0.032817,0.001878,-0.170997,0.462034,-1.294715,-0.08492,0.059256
4.12,0.082426,0.057528,-0.495249,1.196069,0.120036,0.289012,0.297413,-0.012841,0.033108,0.00166,-0.069784,0.478099,-1.185305,-0.110105,0.091014,0.16952,-0.468476,1.290576,0.090352,0.333609,0.347515,-0.007714,0.032845,0.001862,-0.17104,0.462059,-1.294677,-0.084885,0.059256
4.14,0.082452,0.057543,-0.4952,1.19607,0.120007,0.289015,0.297415,-0.012792,0.033081,0.001659,-0.069778,0.478076,-1.1853,-0.110114,0.09098,0.169494,-0.468507,1.290546,0.090367,0.333573,0.3475,-0.007743,0.032873,0.001845,-0.171083,0.462085,-1.29464,-0.08485,0.059256
4.16,0.082478,0.057558,-0.495151,1.196071,0.119978,0.289019,0.297418,-0.012744,0.033054,0.001657,-0.069772,0.478053,-1.185296,-0.110124,0.090947,0.169469,-0.468537,1.290518,0.090382,0.333536,0.347485,-0.007771,0.032901,0.001829,-0.171126,0.46211,-1.294603,-0.084816,0.059257
4.18,0.082503,0.057572,-0.495103,1.196072,0.11995,0.289022,0.29742,-0.012696,0.033027,0.001656,-0.069766,0.478031,-1.185292,-0.110133,0.090914,0.169444,-0.468567,1.290489,0.090397,0.3335,0.34747,-0.007799,0.032928,0.001813,-0.171169,0.462134,-1.294566,-0.084781,0.059257
4.2,0.082528,0.057586,-0.495056,1.196073,0.119922,0.289025,0.297422,-0.012649,0.033001,0.001655,-0.06976,0.478009,-1.185288,-0.110142,0.090881,0.169419,-0.468597,1.29046,0.090412,0.333464,0.347454,-0.007826,0.032955,0.001797,-0.171211,0.462159,-1.294529,-0.084747,0.059258
4.22,0.082553,0.0576,-0.495009,1.196075,0.119894,0.289028,0.297425,-0.012602,0.032975,0.001654,-0.069753,0.477988,-1.185284,-0.110151,0.090849,0.169394,-0.468626,1.290432,0.090426,0.333428,0.347439,-0.007854,0.032981,0.001781,-0.171253,0.462183,-1.294493,-0.084714,0.059258
4.24,0.082578,0.057614,-0.494963,1.196076,0.119867,0.289031,0.297427,-0.012556,0.032949,0.001653,-0.069747,0.477967,-1.185281,-0.110159,0.090817,0.169369,-0.468655,1.290403,0.09044,0.333392,0.347425,-0.00788,0.033008,0.001765,-0.171295,0.462207,-1.294456,-0.08468,0.059258
4.26,0.082602,0.057627,-0.494918,1.196078,0.11984,0.289034,0.297429,-0.012511,0.032923,0.001652,-0.069739,0.477946,-1.185277,-0.110168,0.090786,0.169345,-0.468684,1.290375,0.090454,0.333356,0.34741,-0.007907,0.033034,0.001749,-0.171337,0.462231,-1.29442,-0.084647,0.059259
4.28,0.082627,0.05764,-0.494874,1.196079,0.119814,0.289037,0.297432,-0.012466,0.032898,0.001651,-0.069732,0.477925,-1.185273,-0.110176,0.090754,0.169321,-0.468712,1.290347,0.090468,0.333321,0.347395,-0.007933,0.03306,0.001733,-0.171378,0.462254,-1.294384,-0.084614,0.059259
4.3,0.082651,0.057652,-0.49483,1.196081,0.119788,0.28904,0.297434,-0.012422,0.032872,0.00165,-0.069725,0.477905,-1.18527,-0.110184,0.090724,0.169297,-0.46874,1.290319,0.090481,0.333286,0.347381,-0.007958,0.033085,0.001718,-0.17142,0.462277,-1.294348,-0.084581,0.059259
4.32,0.082674,0.057665,-0.494786,1.196083,0.119762,0.289043,0.297436,-0.012379,0.032847,0.001649,-0.069717,0.477885,-1.185267,-0.110192,0.090693,0.169273,-0.468767,1.290292,0.090494,0.33325,0.347366,-0.007983,0.03311,0.001702,-0.171461,0.4623,-1.294312,-0.084549,0.05926
4.34,0.082698,0.057677,-0.494744,1.196086,0.119736,0.289045,0.297439,-0.012336,0.032823,0.001648,-0.06971,0.477865,-1.185264,-0.110199,0.090663,0.169249,-0.468794,1.290264,0.090507,0.333215,0.347352,-0.008008,0.033135,0.001687,-0.171502,0.462323,-1.294277,-0.084517,0.05926
4.36,0.082721,0.057689,-0.494702,1.196088,0.119711,0.289048,0.297441,-0.012293,0.032798,0.001648,-0.069702,0.477846,-1.185261,-0.110207,0.090633,0.169226,-0.468821,1.290237,0.09052,0.33318,0.347338,-0.008032,0.03316,0.001671,-0.171542,0.462345,-1.294241,-0.084485,0.059261
4.38,0.082744,0.0577,-0.49466,1.19609,0.119687,0.28905,0.297444,-0.012251,0.032774,0.001647,-0.069694,0.477827,-1.185259,-0.110214,0.090603,0.169203,-0.468848,1.29021,0.090532,0.333146,0.347324,-0.008056,0.033184,0.001656,-0.171583,0.462368,-1.294206,-0.084453,0.059261
4.4,0.082767,0.057712,-0.49462,1.196092,0.119662,0.289053,0.297446,-0.01221,0.03275,0.001646,-0.069686,0.477808,-1.185256,-0.110221,0.090573,0.16918,-0.468874,1.290183,0.090544,0.333111,0.34731,-0.00808,0.033208,0.001641,-0.171623,0.46239,-1.294171,-0.084422,0.059261
4.42,0.082789,0.057723,-0.494579,1.196095,0.119638,0.289055,0.297448,-0.012169,0.032726,0.001646,-0.069677,0.47779,-1.185254,-0.110228,0.090544,0.169157,-0.4689,1.290156,0.090556,0.333076,0.347296,-0.008103,0.033232,0.001626,-0.171663,0.462412,-1.294137,-0.08439,0.059262
4.44,0.082812,0.057734,-0.49454,1.196097,0.119614,0.289057,0.297451,-0.012129,0.032703,0.001646,-0.069669,0.477772,-1.185251,-0.110235,0.090516,0.169134,-0.468925,1.29013,0.090568,0.333042,0.347282,-0.008126,0.033255,0.001611,-0.171703,0.462433,-1.294102,-0.084359,0.059262
4.46,0.082834,0.057744,-0.494501,1.1961,0.119591,0.28906,0.297453,-0.012089,0.03268,0.001645,-0.06966,0.477754,-1.185249,-0.110241,0.090487,0.169112,-0.46895,1.290103,0.09058,0.333008,0.347268,-0.008149,0.033278,0.001596,-0.171742,0.462455,-1.294068,-0.084329,0.059262
4.48,0.082855,0.057754,-0.494462,1.196102,0.119568,0.289062,0.297456,-0.012049,0.032657,0.001645,-0.069651,0.477736,-1.185246,-0.110248,0.090459,0.169089,-0.468975,1.290077,0.090591,0.332974,0.347255,-0.008171,0.033301,0.001581,-0.171782,0.462476,-1.294033,-0.084298,0.059263
4.5,0.082877,0.057765,-0.494424,1.196105,0.119545,0.289064,0.297458,-0.012011,0.032634,0.001645,-0.069643,0.477719,-1.185244,-0.110254,0.090431,0.169067,-0.468999,1.290051,0.090602,0.33294,0.347241,-0.008193,0.033324,0.001566,-0.171821,0.462497,-1.293999,-0.084268,0.059263
4.52,0.082898,0.057774,-0.494387,1.196108,0.119523,0.289066,0.297461,-0.011972,0.032611,0.001645,-0.069634,0.477701,-1.185242,-0.11026,0.090403,0.169045,-0.469023,1.290025,0.090613,0.332906,0.347228,-0.008215,0.033346,0.001551,-0.17186,0.462518,-1.293965,-0.084238,0.059263
4.54,0.08292,0.057784,-0.49435,1.196111,0.119501,0.289069,0.297463,-0.011934,0.032589,0.001645,-0.069625,0.477684,-1.18524,-0.110266,0.090376,0.169023,-0.469047,1.289999,0.090624,0.332873,0.347215,-0.008236,0.033368,0.001537,-0.171899,0.462538,-1.293932,-0.084208,0.059264
4.56,0.082941,0.057794,-0.494313,1.196114,0.119479,0.289071,0.297466,-0.011897,0.032567,0.001645,-0.069615,0.477668,-1.185239,-0.110272,0.090349,0.169001,-0.469071,1.289974,0.090634,0.332839,0.347202,-0.008257,0.03339,0.001522,-0.171937,0.462558,-1.293898,-0.084178,0.059264
4.58,0.082961,0.057803,-0.494278,1.196117,0.119457,0.289072,0.297468,-0.01186,0.032545,0.001645,-0.069606,0.477651,-1.185237,-0.110277,0.090322,0.16898,-0.469094,1.289948,0.090645,0.332806,0.347189,-0.008278,0.033412,0.001508,-0.171976,0.462579,-1.293865,-0.084149,0.059264
4.6,0.082982,0.057812,-0.494242,1.19612,0.119436,0.289075,0.297471,-0.011824,0.032524,0.001645,-0.069596,0.477635,-1.185235,-0.110283,0.090295,0.168959,-0.469117,1.289923,0.090655,0.332773,0.347176,-0.008298,0.033433,0.001494,-0.172014,0.462599,-1.293832,-0.084119,0.059265
4.62,0.083002,0.057821,-0.494207,1.196123,0.119415,0.289076,0.297473,-0.011788,0.032502,0.001645,-0.069587,0.477619,-1.185234,-0.110288,0.090269,0.168937,-0.46914,1.289898,0.090665,0.33274,0.347163,-0.008318,0.033454,0.001479,-0.172052,0.462618,-1.293798,-0.08409,0.059265
4.64,0.083022,0.05783,-0.494173,1.196127,0.119394,0.289078,0.297475,-0.011752,0.032481,0.001645,-0.069577,0.477604,-1.185232,-0.110293,0.090243,0.168916,-0.469162,1.289873,0.090674,0.332707,0.34715,-0.008338,0.033475,0.001465,-0.172089,0.462638,-1.293766,-0.084062,0.059265
4.66,0.083042,0.057838,-0.494139,1.19613,0.119374,0.28908,0.297478,-0.011718,0.03246,0.001645,-0.069567,0.477588,-1.185231,-0.110298,0.090217,0.168895,-0.469184,1.289848,0.090684,0.332674,0.347137,-0.008357,0.033495,0.001451,-0.172127,0.462657,-1.293733,-0.084033,0.059265
4.68,0.083062,0.057847,-0.494106,1.196133,0.119354,0.289082,0.29748,-0.011683,0.032439,0.001646,-0.069557,0.477573,-1.18523,-0.110303,0.090192,0.168875,-0.469206,1.289823,0.090693,0.332641,0.347125,-0.008377,0.033516,0.001437,-0.172164,0.462677,-1.2937,-0.084005,0.059266
4.7,0.083081,0.057855,-0.494073,1.196136,0.119334,0.289084,0.297483,-0.011649,0.032419,0.001646,-0.069548,0.477558,-1.185228,-0.110308,0.090166,0.168854,-0.469227,1.289799,0.090703,0.332609,0.347112,-0.008395,0.033536,0.001423,-0.172201,0.462696,-1.293668,-0.083977,0.059266
4.72,0.083101,0.057863,-0.494041,1.19614,0.119314,0.289086,0.297485,-0.011615,0.032398,0.001646,-0.069538,0.477543,-1.185227,-0.110313,0.090141,0.168834,-0.469249,1.289775,0.090712,0.332577,0.3471,-0.008414,0.033556,0.00141,-0.172238,0.462714,-1.293636,-0.083949,0.059266
4.74,0.08312,0.057871,-0.494009,1.196144,0.119295,0.289087,0.297488,-0.011582,0.032378,0.001647,-0.069528,0.477529,-1.185226,-0.110317,0.090117,0.168813,-0.46927,1.28975,0.09072,0.332544,0.347088,-0.008432,0.033576,0.001396,-0.172275,0.462733,-1.293604,-0.083921,0.059267
4.76,0.083139,0.057878,-0.493977,1.196147,0.119276,0.289089,0.29749,-0.011549,0.032358,0.001647,-0.069517,0.477514,-1.185225,-0.110322,0.090092,0.168793,-0.46929,1.289726,0.090729,0.332512,0.347076,-0.00845,0.033595,0.001382,-0.172311,0.462752,-1.293572,-0.083893,0.059267
4.78,0.083158,0.057886,-0.493946,1.196151,0.119257,0.289091,0.297493,-0.011517,0.032338,0.001648,-0.069507,0.4775,-1.185224,-0.110326,0.090068,0.168773,-0.469311,1.289702,0.090738,0.33248,0.347064,-0.008468,0.033614,0.001369,-0.172347,0.46277,-1.29354,-0.083866,0.059267
4.8,0.083176,0.057893,-0.493915,1.196154,0.119239,0.289092,0.297495,-0.011485,0.032319,0.001649,-0.069497,0.477486,-1.185223,-0.110331,0.090044,0.168753,-0.469331,1.289679,0.090746,0.332449,0.347052,-0.008485,0.033633,0.001355,-0.172383,0.462788,-1.293509,-0.083839,0.059267
4.82,0.083194,0.0579,-0.493885,1.196158,0.119221,0.289094,0.297498,-0.011453,0.0323,0.001649,-0.069486,0.477472,-1.185223,-0.110335,0.09002,0.168734,-0.469351,1.289655,0.090754,0.332417,0.34704,-0.008503,0.033652,0.001342,-0.172419,0.462806,-1.293478,-0.083812,0.059268
4.84,0.083213,0.057907,-0.493856,1.196161,0.119203,0.289095,0.2975,-0.011422,0.032281,0.00165,-0.069476,0.477459,-1.185222,-0.110339,0.089997,0.168714,-0.469371,1.289632,0.090762,0.332385,0.347028,-0.008519,0.03367,0.001328,-0.172455,0.462824,-1.293446,-0.083785,0.059268
4.86,0.083231,0.057914,-0.493826,1.196165,0.119185,0.289097,0.297503,-0.011391,0.032262,0.001651,-0.069465,0.477445,-1.185221,-0.110343,0.089974,0.168695,-0.46939,1.289608,0.09077,0.332354,0.347016,-0.008536,0.033689,0.001315,-0.17249,0.462841,-1.293415,-0.083758,0.059268
4.88,0.083248,0.057921,-0.493797,1.196169,0.119168,0.289098,0.297505,-0.011361,0.032243,0.001651,-0.069455,0.477432,-1.18522,-0.110346,0.089951,0.168676,-0.469409,1.289585,0.090778,0.332323,0.347005,-0.008552,0.033707,0.001302,-0.172526,0.462859,-1.293385,-0.083732,0.059269
4.9,0.083266,0.057928,-0.493769,1.196173,0.11915,0.2891,0.297508,-0.011331,0.032225,0.001652,-0.069444,0.477419,-1.18522,-0.11035,0.089928,0.168656,-0.469428,1.289562,0.090785,0.332292,0.346993,-0.008569,0.033725,0.001289,-0.172561,0.462876,-1.293354,-0.083706,0.059269
4.92,0.083284,0.057934,-0.49374,1.196176,0.119133,0.289101,0.29751,-0.011301,0.032207,0.001653,-0.069434,0.477406,-1.185219,-0.110354,0.089905,0.168637,-0.469447,1.28954,0.090793,0.332261,0.346982,-0.008584,0.033742,0.001276,-0.172596,0.462893,-1.293323,-0.08368,0.059269
4.94,0.083301,0.05794,-0.493713,1.196181,0.119117,0.289103,0.297513,-0.011272,0.032189,0.001654,-0.069423,0.477393,-1.185219,-0.110357,0.089883,0.168619,-0.469465,1.289517,0.0908,0.33223,0.34697,-0.0086,0.03376,0.001263,-0.17263,0.46291,-1.293293,-0.083654,0.059269
4.96,0.083318,0.057947,-0.493685,1.196185,0.1191,0.289104,0.297515,-0.011243,0.032171,0.001655,-0.069412,0.477381,-1.185219,-0.110361,0.089861,0.1686,-0.469484,1.289494,0.090807,0.332199,0.346959,-0.008615,0.033777,0.00125,-0.172665,0.462927,-1.293263,-0.083628,0.05927
4.98,0.083335,0.057953,-0.493658,1.196188,0.119084,0.289105,0.297518,-0.011215,0.032153,0.001656,-0.069401,0.477368,-1.185218,-0.110364,0.089839,0.168581,-0.469502,1.289472,0.090814,0.332168,0.346948,-0.008631,0.033794,0.001238,-0.172699,0.462943,-1.293233,-0.083603,0.05927
5.0,-0.145177,-0.415018,-0.639762,1.416854,0.164623,-0.00719,0.474684,0.026471,-0.027196,0.419236,0.398324,0.765839,-1.280912,-0.112304,0.089817,0.168563,-0.469519,1.28945,0.090821,0.332138,0.346937,-0.008645,0.033811,0.001225,-0.172733,0.46296,-1.293203,-0.083577,0.05927
5.02,-0.173309,-0.426584,-0.600606,1.340328,0.187723,-0.004712,0.500064,-0.08655,-0.005208,0.418799,0.541404,0.652072,-1.286897,-0.148309,0.085516,0.157768,-0.472484,1.294618,0.09488,0.324869,0.352104,-0.007503,0.031161,0.014889,-0.16356,0.47167,-1.290545,-0.085169,0.059702
5.04,-0.211071,-0.469335,-0.708289,1.30393,0.202392,-0.01357,0.484973,-0.119214,0.035105,0.418133,0.597279,0.57472,-1.301372,-0.266132,0.077903,0.13775,-0.475648,1.299798,0.104381,0.30928,0.364393,-0.009955,0.026918,0.040361,-0.139529,0.484558,-1.286197,-0.090367,0.060686
5.06,-0.277634,-0.431349,-0.764022,1.296647,0.191068,-0.027595,0.435729,-0.154718,0.060195,0.383392,0.623899,0.530632,-1.342552,-0.375808,0.063591,0.104928,-0.484923,1.30115,0.117692,0.286545,0.380483,-0.018718,0.024679,0.073374,-0.094785,0.493559,-1.283047,-0.104888,0.061601
5.08,-0.341169,-0.461872,-0.991867,1.207054,0.174068,-0.005231,0.41148,-0.167779,0.049698,0.381937,0.638959,0.201566,-1.314829,-0.567083,0.042203,0.071193,-0.500874,1.298798,0.131914,0.258671,0.395618,-0.033008,0.025458,0.106802,-0.041284,0.499404,-1.286915,-0.131868,0.062735
5.1,-0.384589,-0.35758,-1.247666,1.042193,0.075456,0.043485,0.361148,-0.159338,-0.009398,0.311045,0.51779,-0.258796,-1.230277,-0.876733,0.010511,0.038333,-0.53043,1.288493,0.144164,0.224428,0.40915,-0.050414,0.028246,0.143817,0.02026,0.497499,-1.305062,-0.173067,0.063855
5.12,-0.362287,-0.286569,-1.280583,0.768474,0.000467,0.198859,0.251695,-0.175482,-0.088289,0.294088,0.429569,-0.672361,-1.107594,-1.09308,-0.034207,0.011843,-0.5777,1.260508,0.14828,0.184826,0.42156,-0.071009,0.02823,0.178799,0.066529,0.480211,-1.345243,-0.233708,0.065276
5.14,-0.292333,-0.315932,-0.859677,-0.260412,0.2762,0.766337,0.099954,-0.33711,-0.039071,0.121627,0.242299,-1.074535,-0.357631,-1.374283,-0.083017,-0.002615,-0.64073,1.204384,0.141147,0.15343,0.426045,-0.094076,0.0213,0.204383,0.092743,0.420695,-1.386787,-0.320463,0.066821
5.16,-0.006873,-0.494867,-0.360193,-0.610172,0.370709,1.276603,0.090286,0.043182,-0.228504,0.137713,0.076234,-0.863552,0.195755,-0.92527,-0.129792,-0.016075,-0.706721,1.10503,0.138218,0.147485,0.425404,-0.125579,0.010273,0.210738,0.091026,0.331617,-1.39501,-0.432699,0.069109
5.18,0.344635,-0.682212,-0.251361,-0.288471,0.403158,0.996437,0.257119,0.471157,-0.237557,0.080033,0.383344,0.166606,0.474274,-0.360327,-0.153139,-0.028266,-0.764619,1.004652,0.14185,0.186835,0.425491,-0.143584,-0.008817,0.205154,0.073152,0.21044,-1.345204,-0.539342,0.073702
5.2,0.356926,-0.380377,0.130389,-0.116211,0.510562,0.678097,0.3335,0.671864,-0.004129,0.065099,0.18346,0.943793,0.622498,-0.035268,-0.142458,-0.043895,-0.795394,0.894287,0.15228,0.259678,0.426377,-0.119226,-0.036338,0.19781,0.055755,0.121437,-1.245316,-0.59579,0.079665
5.22,0.179461,0.112312,0.396876,0.114748,0.842199,0.375446,0.487577,0.250042,0.267318,0.088574,-0.042563,1.285912,0.465087,0.015066,-0.099951,-0.051522,-0.786885,0.782218,0.171713,0.334581,0.427096,-0.045029,-0.054185,0.187699,0.040452,0.10784,-1.096194,-0.596017,0.086023
5.24,-0.013394,-0.081732,0.143232,0.20233,0.784153,0.236508,0.409937,-0.282782,0.216663,0.101102,0.151295,1.074072,0.00493,-0.192652,-0.043882,-0.033718,-0.726737,0.683808,0.218912,0.389887,0.432116,0.042362,-0.045311,0.176592,0.01683,0.163174,-0.911244,-0.559911,0.092336
5.26,-0.080533,-0.419228,-0.254579,0.095787,0.579654,0.438976,0.407294,-0.366681,0.039914,0.146196,0.342109,0.735613,-0.138783,-0.491623,0.001606,-0.016824,-0.630305,0.596115,0.291236,0.422805,0.43391,0.090931,-0.017891,0.167022,0.001978,0.249402,-0.724976,-0.518139,0.098268
5.28,-0.235301,-0.227391,-0.079098,0.271703,0.234674,0.70208,0.34888,-0.348657,0.070303,0.197626,0.193997,0.762918,-0.36401,0.206892,0.023891,-0.015875,-0.555862,0.526919,0.355989,0.439195,0.435612,0.091451,0.007589,0.162414,-0.000726,0.330637,-0.563602,-0.494086,0.103162
5.3,-0.214566,-0.247306,-0.22379,0.198586,0.114401,0.385342,0.443521,-0.470778,0.172136,0.107883,0.252082,0.616084,-0.81101,-0.241115,0.021359,-0.029026,-0.488454,0.468686,0.39006,0.466032,0.433195,0.060073,0.026373,0.162622,0.006358,0.399242,-0.449343,-0.449118,0.106281
5.32,-0.034021,-0.175749,-0.825336,0.544554,-0.264066,0.275568,0.341317,-0.194675,0.036776,-0.036806,-0.1154,-0.477283,-0.76418,-0.477136,0.001261,-0.031572,-0.44017,0.432418,0.386467,0.487098,0.432203,0.006517,0.046933,0.162566,0.010375,0.444355,-0.399447,-0.40177,0.107888
5.34,0.175572,-0.153683,-1.445916,1.065702,-0.12635,0.101607,0.372167,0.162181,-0.019974,0.344588,-0.247333,-0.44433,-0.340138,-0.593601,-0.020764,-0.038474,-0.411874,0.413866,0.349281,0.490941,0.427988,-0.053007,0.062297,0.148987,0.006491,0.436219,-0.41589,-0.373014,0.108141
5.36,0.190639,-0.247417,-0.807784,0.598643,0.370436,0.434819,0.208436,0.383191,-0.265626,0.209414,0.107748,0.254174,0.24145,-0.147284,-0.028704,-0.052345,-0.426843,0.435298,0.300974,0.478175,0.418505,-0.091118,0.066583,0.142638,-0.012084,0.382655,-0.450461,-0.366046,0.107491
5.38,-0.263427,0.285078,0.39816,0.94125,0.544499,0.470267,0.409423,0.306638,-0.013783,0.117062,-0.010088,1.41098,-0.350299,0.620067,-0.020545,-0.072858,-0.465311,0.467039,0.273672,0.460212,0.406244,-0.090256,0.048784,0.144783,-0.028247,0.346982,-0.464033,-0.351563,0.106781
5.4,-0.334951,0.135561,0.445838,0.450566,0.4574,0.21512,0.87933,-0.362088,0.249976,-0.002062,0.340501,1.51786,-1.046562,0.167514,-0.022297,-0.076858,-0.454501,0.515285,0.276082,0.458681,0.396306,-0.054358,0.025821,0.147517,-0.029283,0.366183,-0.4647,-0.294586,0.106554
5.42,-0.03134,-0.363957,-1.062965,0.639642,0.361315,0.051684,0.574761,-0.238229,0.180115,-0.082068,0.2009,0.060562,-1.026894,-1.168584,-0.043922,-0.062322,-0.383317,0.553849,0.294219,0.461706,0.411451,-0.033358,0.022535,0.144006,-0.008042,0.438237,-0.493936,-0.225254,0.10554
5.44,0.039681,-0.125711,-1.112103,1.313102,-0.06239,0.239046,0.19727,-0.096839,0.147783,0.377097,-0.329389,-0.32598,-0.866764,-0.630617,-0.064033,-0.057828,-0.362972,0.592882,0.31105,0.438154,0.443544,-0.038932,0.035211,0.127812,0.019426,0.486872,-0.56444,-0.23005,0.103303
5.46,-0.150972,-0.064378,-1.189362,1.400606,-0.238148,0.192818,0.040263,0.050035,-0.08081,0.499758,-0.093508,0.341469,-1.112812,-0.062704,-0.070757,-0.064803,-0.401727,0.673596,0.307875,0.40362,0.456656,-0.054734,0.053256,0.12445,0.021856,0.470708,-0.64459,-0.279331,0.10047
5.48,-0.517082,0.503643,-0.515384,2.195181,-0.273827,0.083362,0.250533,0.063686,-0.175513,0.400277,-0.2866,1.128207,-1.938966,0.728223,-0.077501,-0.076318,-0.472202,0.780929,0.272632,0.362984,0.441302,-0.066209,0.058981,0.145144,0.012643,0.456766,-0.748741,-0.297153,0.09648
5.5,-0.137858,0.564708,-0.203055,1.767707,0.354609,0.258314,0.595172,-0.142187,-0.28661,0.114699,-0.117803,1.275493,-1.401697,0.360198,-0.10587,-0.057642,-0.535368,0.927025,0.208216,0.320278,0.411761,-0.062447,0.046337,0.178898,-0.004844,0.480064,-0.895046,-0.244982,0.089716
5.52,0.065388,0.163389,-0.303665,1.432884,0.320695,0.377069,0.640486,-0.070729,-0.243451,0.126777,0.023846,0.615568,-1.154649,-0.116116,-0.134582,0.001577,-0.554841,1.091136,0.166226,0.285419,0.400129,-0.059407,0.014953,0.201674,-0.027405,0.553902,-1.036561,-0.153394,0.078968
5.54,0.121408,-0.048077,-0.587574,1.25427,0.292971,0.139382,0.553422,0.114048,-0.178989,0.230133,0.215015,0.345239,-1.13018,-0.449203,-0.140581,0.060716,-0.54457,1.225989,0.15631,0.264641,0.415752,-0.05955,-0.025939,0.20764,-0.041966,0.629264,-1.15517,-0.08065,0.065773
5.56,0.023574,-0.279978,-0.754152,1.238906,0.251424,0.033844,0.356641,0.066894,-0.18297,0.372694,0.389514,0.329568,-1.253355,-0.484611,-0.125276,0.086597,-0.544425,1.331294,0.15483,0.244409,0.459538,-0.050883,-0.064751,0.21095,-0.041672,0.658395,-1.257105,-0.055511,0.060172
5.58,-0.252522,-0.539286,-1.003973,1.000419,0.255351,-0.026428,0.326778,-0.083955,0.005007,0.370014,0.670442,0.070097,-1.271753,-0.708028,-0.100993,0.094128,-0.540526,1.383177,0.163084,0.23108,0.492694,-0.035398,-0.095809,0.218471,-0.022945,0.644233,-1.310945,-0.076546,0.061146
5.6,-0.561285,-0.680462,-1.441439,0.591313,0.135587,0.147455,0.325798,-0.172877,0.23506,0.309677,0.762041,-0.608104,-1.29837,-1.102239,-0.082631,0.080616,-0.560503,1.385859,0.175165,0.210817,0.503294,-0.027412,-0.109939,0.225385,0.014797,0.598955,-1.339402,-0.135985,0.063094
5.62,-0.368032,-0.215933,-0.473148,-0.771164,0.565081,0.715429,-0.250163,-0.238756,0.260736,-0.469478,0.009443,-0.949863,-0.378913,-1.617529,-0.094255,0.03842,-0.624033,1.329475,0.181612,0.194002,0.499341,-0.032751,-0.095281,0.230973,0.081859,0.495767,-1.353867,-0.241432,0.065032
5.64,-0.10101,-0.357518,-0.168164,-0.60479,0.698757,1.178025,0.061862,-0.345603,-0.143514,-0.194048,-0.024881,-0.460874,-0.10416,-1.138922,-0.127748,0.005839,-0.671629,1.216012,0.203573,0.194601,0.469114,-0.04797,-0.058935,0.1979,0.101512,0.373835,-1.344506,-0.37947,0.067524
5.66,0.260067,-0.75445,-0.388771,-0.324121,0.481751,0.973225,0.269653,0.237077,-0.15508,0.114622,0.462659,0.167722,0.402421,-0.478674,-0.152022,0.002059,-0.698425,1.112814,0.241129,0.224534,0.440851,-0.077588,-0.033364,0.140967,0.067762,0.267396,-1.297999,-0.514924,0.073288
5.68,0.333387,-0.645822,-0.145687,-0.243981,0.443181,0.669292,0.272474,0.647753,-0.056091,0.122176,0.34162,0.656566,0.567048,-0.100411,-0.151103,-0.010057,-0.714065,1.000084,0.277163,0.286676,0.424008,-0.088171,-0.026716,0.10431,0.044191,0.195196,-1.198487,-0.602219,0.080302
5.7,0.292813,-0.092498,0.180545,-0.108336,0.737899,0.408634,0.475333,0.396874,0.119928,0.088351,0.068862,1.113092,0.543641,-0.041451,-0.122435,-0.029186,-0.714779,0.871786,0.301894,0.354378,0.41114,-0.047989,-0.02631,0.090648,0.031257,0.173527,-1.049547,-0.624175,0.087477
5.72,0.093277,0.014941,0.12568,-0.045223,0.700083,0.222002,0.39072,-0.170689,0.205796,0.076944,0.112712,0.98542,0.302554,-0.161217,-0.070505,-0.035086,-0.677535,0.742053,0.336295,0.403098,0.407971,0.021873,-0.018247,0.086807,0.023198,0.2132,-0.860782,-0.596168,0.093914
5.74,-0.017589,-0.26615,-0.237461,-0.1203,0.630012,0.371563,0.358101,-0.418176,0.03026,0.142846,0.322076,0.777207,0.223802,-0.378479,-0.01853,-0.022408,-0.612692,0.618405,0.380871,0.43017,0.406868,0.071162,0.001675,0.087019,0.010816,0.273452,-0.654994,-0.557306,0.100392
5.76,-0.063245,-0.323455,-0.234251,-0.084134,0.445293,0.563721,0.326208,-0.340093,-0.018375,0.133714,0.283009,0.747195,0.11979,-0.029362,0.016354,-0.018822,-0.547385,0.496554,0.426257,0.442454,0.404217,0.072688,0.019692,0.091856,0.011682,0.338774,-0.462365,-0.52432,0.105744
5.78,-0.039328,-0.328542,-0.295865,-0.031086,0.319912,0.440462,0.28701,-0.371922,0.006212,0.149111,0.290476,0.711722,-0.204568,-0.208761,0.031663,-0.025813,-0.497842,0.387687,0.455649,0.457015,0.399728,0.042265,0.027902,0.099315,0.019355,0.395875,-0.298805,-0.482384,0.109675
5.8,0.041819,-0.436472,-0.507501,-0.06179,0.100841,0.418509,0.269815,-0.241972,-0.005541,0.103847,0.329337,0.26988,-0.240934,-0.454438,0.035181,-0.029168,-0.464309,0.301427,0.462496,0.471724,0.390733,-0.004869,0.030176,0.106918,0.023445,0.439196,-0.18472,-0.439217,0.112188
5.82,0.212142,-0.395366,-0.772077,0.078117,0.218544,0.279729,0.286176,0.072287,-0.070368,0.08462,0.234907,0.074523,0.214169,-0.526393,0.035772,-0.033166,-0.442082,0.230575,0.44705,0.482132,0.377449,-0.055397,0.02995,0.109665,0.023869,0.458321,-0.126363,-0.413577,0.113599
5.84,0.215976,-0.447019,-0.636375,0.039828,0.375695,0.358289,0.301104,0.224531,-0.034478,0.088217,0.314121,0.503924,0.231538,-0.349107,0.043513,-0.042646,-0.431154,0.172839,0.427196,0.483383,0.36298,-0.087959,0.024842,0.106428,0.021031,0.456334,-0.091096,-0.406177,0.114496
5.86,0.097942,-0.392754,-0.428836,-0.018319,0.286121,0.370948,0.329094,0.110326,0.014208,0.116369,0.370938,0.647432,-0.006762,-0.28948,0.060867,-0.054992,-0.428647,0.12965,0.418389,0.481598,0.349968,-0.09015,0.017121,0.099235,0.016439,0.457381,-0.056552,-0.402861,0.115092
5.88,0.054936,-0.396596,-0.473491,-0.01668,0.265316,0.317247,0.386801,-0.012522,-0.011452,0.110794,0.3889,0.592161,-0.042941,-0.400129,0.078836,-0.064779,-0.426679,0.098834,0.412132,0.481339,0.34049,-0.073316,0.01171,0.092647,0.014609,0.466018,-0.031567,-0.399044,0.115497
5.9,0.068727,-0.424659,-0.554644,0.030213,0.297699,0.292011,0.360664,-0.021661,-0.071007,0.116864,0.366219,0.47901,0.057479,-0.474128,0.091061,-0.070563,-0.424258,0.076303,0.403182,0.480412,0.337419,-0.054986,0.008028,0.088082,0.016266,0.475788,-0.02216,-0.400207,0.115766
5.92,0.089186,-0.439424,-0.545893,0.042072,0.33987,0.29603,0.328221,0.014525,-0.082361,0.112096,0.372138,0.495229,0.128549,-0.448041,0.098287,-0.074561,-0.423342,0.060516,0.395889,0.475853,0.338024,-0.041994,0.001959,0.085063,0.018772,0.482664,-0.020902,-0.409618,0.115907
5.94,0.089254,-0.439163,-0.516231,0.021983,0.336866,0.307537,0.309912,0.02946,-0.053575,0.113606,0.387751,0.524025,0.105487,-0.410583,0.103571,-0.078375,-0.423287,0.050518,0.393525,0.467907,0.338759,-0.032134,-0.007283,0.082948,0.020851,0.487259,-0.019641,-0.423462,0.115966
5.96,0.081185,-0.433047,-0.50907,0.01585,0.346248,0.294298,0.310792,0.025206,-0.045484,0.108387,0.389991,0.535404,0.092263,-0.412864,0.108219,-0.081744,-0.423283,0.044105,0.393492,0.458855,0.338831,-0.022909,-0.016507,0.08159,0.02315,0.490878,-0.01808,-0.436524,0.11599
5.98,0.079733,-0.429663,-0.505766,0.009755,0.360575,0.289884,0.31141,0.022901,-0.047783,0.107124,0.387503,0.528417,0.10052,-0.428651,0.111799,-0.084288,-0.42327,0.039944,0.394568,0.449351,0.338644,-0.014358,-0.023762,0.080644,0.025971,0.493896,-0.017137,-0.447607,0.11599
6.0,0.081906,-0.425467,-0.504708,0.004702,0.369252,0.289575,0.309879,0.021957,-0.051444,0.105577,0.381343,0.520964,0.108983,-0.441224,0.114147,-0.086039,-0.423234,0.037048,0.397276,0.439404,0.338526,-0.006978,-0.029133,0.07997,0.029358,0.496365,-0.016648,-0.457326,0.115969
6.02,0.084032,-0.417886,-0.502014,-9.6e-05,0.377037,0.28916,0.308435,0.021004,-0.052788,0.104985,0.373524,0.513396,0.11725,-0.451642,0.115606,-0.087212,-0.423057,0.034635,0.40173,0.429381,0.338481,-0.000925,-0.033174,0.079541,0.033171,0.498313,-0.016154,-0.466129,0.115927
6.04,0.085754,-0.407939,-0.498838,-0.004177,0.383605,0.288014,0.307951,0.020378,-0.053444,0.104033,0.363577,0.506043,0.122858,-0.462981,0.116528,-0.088009,-0.422479,0.032232,0.407633,0.419684,0.338446,0.003815,-0.036244,0.079343,0.037257,0.49969,-0.015323,-0.474234,0.115866
6.06,0.086317,-0.395705,-0.496657,-0.005345,0.391343,0.284475,0.310692,0.019844,-0.053777,0.102828,0.350474,0.494898,0.128115,-0.484961,0.117032,-0.088428,-0.421331,0.029462,0.414498,0.410511,0.33842,0.00744,-0.038546,0.079297,0.041708,0.500561,-0.01455,-0.481397,0.115794
6.08,0.087811,-0.394149,-0.493348,-0.009981,0.418672,0.278199,0.318905,0.031005,-0.052208,0.09636,0.346574,0.471489,0.13596,-0.524751,0.116685,-0.088296,-0.419937,0.027466,0.420525,0.401326,0.338464,0.010098,-0.040168,0.079514,0.046283,0.501681,-0.014619,-0.486229,0.115786
6.1,0.119514,-0.397056,-0.4358,-0.051498,0.510801,0.281014,0.307244,0.081556,-0.05877,0.071337,0.325642,0.46549,0.137881,-0.535309,0.112765,-0.088246,-0.421862,0.031906,0.41878,0.389757,0.339538,0.011234,-0.041155,0.080767,0.050334,0.50246,-0.015658,-0.489114,0.11582
6.12,0.111898,-0.38486,-0.417413,-0.055877,0.499264,0.305536,0.325474,0.065049,-0.045161,0.070557,0.30363,0.445384,0.127957,-0.624438,0.10879,-0.087843,-0.424552,0.037899,0.418164,0.375216,0.341721,0.015863,-0.04198,0.082969,0.053797,0.503462,-0.021025,-0.486887,0.115816
6.14,0.124204,-0.369911,-0.413695,-0.056584,0.479716,0.325726,0.30696,0.0473,-0.033029,0.070713,0.299494,0.434138,0.173524,-0.592292,0.105858,-0.087726,-0.425223,0.043799,0.420131,0.360242,0.345829,0.022858,-0.042206,0.08458,0.056718,0.504325,-0.028128,-0.487656,0.115731
6.16,0.126155,-0.359089,-0.40996,-0.062756,0.481389,0.332538,0.302579,0.04497,-0.023398,0.075112,0.29385,0.432338,0.173907,-0.603548,0.104269,-0.087717,-0.425253,0.048363,0.421811,0.347266,0.350842,0.028899,-0.042046,0.085245,0.059285,0.504467,-0.034602,-0.490807,0.115648
6.18,0.130921,-0.34885,-0.408504,-0.068439,0.473076,0.341796,0.293951,0.037553,-0.019114,0.077752,0.290348,0.431903,0.184454,-0.586827,0.103665,-0.087707,-0.425228,0.051467,0.422513,0.336611,0.355656,0.033288,-0.041119,0.085843,0.061712,0.50452,-0.040395,-0.493302,0.115577
6.2,0.134328,-0.338786,-0.405297,-0.074738,0.468474,0.347388,0.284776,0.03727,-0.016278,0.080204,0.288133,0.436819,0.182387,-0.568357,0.103517,-0.087727,-0.42533,0.053458,0.422336,0.328426,0.35963,0.035738,-0.039328,0.086557,0.064068,0.504527,-0.044689,-0.495132,0.115517
6.22,0.132489,-0.327387,-0.404952,-0.077392,0.461362,0.349252,0.285956,0.031919,-0.01403,0.081644,0.283445,0.440042,0.175468,-0.572962,0.103463,-0.087555,-0.425596,0.054526,0.421543,0.32255,0.362233,0.036704,-0.036905,0.087575,0.066506,0.504557,-0.048062,-0.494702,0.115482
6.24,0.134731,-0.319831,-0.402061,-0.081412,0.453505,0.350941,0.278394,0.030022,-0.015012,0.083736,0.280203,0.447056,0.171301,-0.544788,0.103448,-0.087033,-0.425846,0.054844,0.419991,0.319202,0.363459,0.036782,-0.034106,0.088327,0.069187,0.504492,-0.049254,-0.494949,0.115449
6.26,0.132625,-0.30998,-0.403164,-0.081467,0.452152,0.347072,0.283338,0.025694,-0.012975,0.086356,0.273986,0.447771,0.164541,-0.556907,0.103563,-0.085991,-0.425881,0.054551,0.41843,0.317993,0.36366,0.036762,-0.031292,0.089012,0.072213,0.504496,-0.050373,-0.493685,0.115446
6.28,0.135079,-0.303217,-0.397174,-0.085232,0.451123,0.350343,0.277887,0.027316,-0.015718,0.086943,0.264313,0.451176,0.164005,-0.537003,0.1036,-0.084764,-0.426011,0.053917,0.416414,0.317861,0.363648,0.036467,-0.028619,0.089691,0.075373,0.504424,-0.05094,-0.493149,0.115436
6.3,0.13253,-0.293302,-0.398029,-0.084605,0.440725,0.351709,0.278486,0.024065,-0.014032,0.089457,0.256117,0.454563,0.157008,-0.533931,0.103899,-0.083323,-0.42603,0.052763,0.414654,0.318098,0.363445,0.036207,-0.026314,0.090276,0.078519,0.504341,-0.051075,-0.492713,0.115442
6.32,0.133013,-0.283728,-0.396768,-0.083851,0.44294,0.350725,0.280101,0.024868,-0.01514,0.089752,0.247656,0.454328,0.156693,-0.531238,0.104203,-0.081901,-0.426075,0.051232,0.4127,0.318708,0.363025,0.035875,-0.024392,0.090856,0.081563,0.504242,-0.05117,-0.49189,0.115448
6.34,0.130596,-0.276481,-0.396072,-0.083964,0.433066,0.35285,0.279516,0.022969,-0.013328,0.091215,0.239084,0.456563,0.151344,-0.526382,0.104534,-0.080578,-0.426081,0.049683,0.410647,0.319548,0.362574,0.035472,-0.022867,0.091431,0.084381,0.504069,-0.051263,-0.490699,0.115453
6.36,0.128413,-0.267731,-0.397234,-0.081156,0.427064,0.351724,0.279973,0.021059,-0.013866,0.0933,0.232361,0.459186,0.150359,-0.522255,0.104883,-0.079372,-0.425862,0.047756,0.409082,0.320903,0.362043,0.035044,-0.02162,0.091794,0.08687,0.50365,-0.051478,-0.489647,0.115474
6.38,0.126519,-0.264218,-0.401566,-0.082478,0.425728,0.351793,0.27874,0.018571,-0.015642,0.097929,0.230572,0.465576,0.150234,-0.507505,0.105253,-0.079209,-0.425623,0.045491,0.407422,0.322886,0.361399,0.034141,-0.02074,0.091885,0.087535,0.50272,-0.051761,-0.489168,0.115563
6.4,0.123014,-0.262764,-0.402626,-0.082764,0.425453,0.346978,0.278487,0.019754,-0.015614,0.0981,0.231,0.469101,0.139772,-0.501591,0.105615,-0.079326,-0.424972,0.044071,0.405642,0.325444,0.36037,0.032936,-0.020207,0.092226,0.087612,0.50212,-0.050745,-0.48893,0.115628
6.42,0.121681,-0.259512,-0.403029,-0.081107,0.424462,0.34367,0.27889,0.022453,-0.01528,0.095509,0.230727,0.469089,0.133619,-0.498343,0.105873,-0.079368,-0.423886,0.043678,0.403984,0.3281,0.358971,0.031835,-0.019883,0.092776,0.087952,0.501998,-0.048566,-0.488374,0.115642
6.44,0.119873,-0.253453,-0.40159,-0.074771,0.420478,0.34033,0.286104,0.024367,-0.015343,0.093589,0.224974,0.46449,0.129728,-0.518229,0.105987,-0.078983,-0.422704,0.043625,0.402577,0.330296,0.357422,0.031353,-0.019599,0.093244,0.089313,0.501974,-0.046746,-0.486489,0.115604
6.46,0.121838,-0.251946,-0.406791,-0.076168,0.421787,0.345758,0.285683,0.020344,-0.01619,0.097901,0.222252,0.463214,0.144956,-0.511934,0.106012,-0.079048,-0.421905,0.043444,0.40187,0.331983,0.356382,0.031129,-0.019489,0.093408,0.089819,0.501646,-0.046871,-0.48396,0.115653
6.48,0.120611,-0.253042,-0.409235,-0.076348,0.418896,0.344487,0.282156,0.020512,-0.015888,0.099321,0.222375,0.46855,0.137013,-0.500951,0.106049,-0.079314,-0.420807,0.043344,0.401647,0.333881,0.355685,0.030719,-0.019444,0.093511,0.089779,0.501174,-0.046136,-0.483657,0.115712
6.5,0.119183,-0.252602,-0.409209,-0.076406,0.421514,0.340678,0.283154,0.02101,-0.018465,0.099069,0.222006,0.470614,0.132743,-0.501247,0.106082,-0.079425,-0.419866,0.043315,0.401224,0.335814,0.354959,0.030277,-0.019402,0.093827,0.089757,0.500957,-0.044922,-0.483573,0.115739
6.52,0.119184,-0.252157,-0.408968,-0.074855,0.421304,0.339992,0.284609,0.022167,-0.021336,0.098223,0.221755,0.470218,0.132386,-0.502356,0.106111,-0.079468,-0.419119,0.043317,0.400821,0.337472,0.354188,0.029987,-0.019369,0.094275,0.089754,0.500904,-0.04368,-0.483394,0.115757
6.54,0.120013,-0.24786,-0.40657,-0.070849,0.416216,0.338895,0.283218,0.026232,-0.01967,0.094483,0.22023,0.466834,0.129167,-0.501479,0.106143,-0.079203,-0.418278,0.043455,0.400472,0.338628,0.353514,0.029894,-0.019342,0.094647,0.090667,0.500883,-0.041872,-0.483182,0.115711
6.56,0.120092,-0.243036,-0.408348,-0.068028,0.425868,0.337158,0.29463,0.025331,-0.019857,0.096823,0.213493,0.459288,0.139197,-0.533519,0.106162,-0.078961,-0.418049,0.043401,0.399678,0.338997,0.353128,0.029863,-0.019325,0.094811,0.091715,0.500743,-0.042737,-0.480454,0.115676
6.58,0.122577,-0.246943,-0.408939,-0.074082,0.421795,0.346699,0.286351,0.023642,-0.020962,0.098982,0.211617,0.46705,0.14325,-0.504225,0.106183,-0.079048,-0.417908,0.043037,0.399379,0.33911,0.353061,0.029739,-0.019315,0.094856,0.091831,0.500016,-0.043724,-0.479995,0.115719
6.6,0.119666,-0.245572,-0.408804,-0.074916,0.424385,0.340114,0.286049,0.023357,-0.020405,0.099739,0.212571,0.470903,0.131554,-0.506497,0.106223,-0.07911,-0.4174,0.04291,0.399316,0.3397,0.353021,0.029688,-0.019303,0.094983,0.091783,0.499593,-0.043334,-0.480145,0.115761
6.62,0.119192,-0.244919,-0.408036,-0.074781,0.425697,0.339048,0.287564,0.023102,-0.022729,0.09846,0.212307,0.469184,0.133025,-0.509195,0.106257,-0.079145,-0.41704,0.042902,0.399196,0.340404,0.352975,0.029654,-0.019287,0.095306,0.091728,0.499481,-0.042538,-0.480166,0.115783
6.64,0.119489,-0.245643,-0.407322,-0.075407,0.428342,0.33907,0.288543,0.024437,-0.024187,0.097956,0.212042,0.469139,0.133483,-0.510612,0.106283,-0.079166,-0.416879,0.042932,0.398967,0.340805,0.352938,0.02962,-0.019281,0.095706,0.091682,0.499445,-0.041832,-0.480173,0.11579
6.66,0.120346,-0.24381,-0.405676,-0.073879,0.425551,0.3392,0.28684,0.027244,-0.022549,0.095712,0.212593,0.467003,0.131856,-0.508133,0.106313,-0.079131,-0.416609,0.043094,0.398809,0.340923,0.352909,0.029597,-0.019278,0.096021,0.091904,0.499425,-0.040769,-0.480191,0.115772
6.68,0.119901,-0.239927,-0.406981,-0.069475,0.426887,0.336941,0.294016,0.026032,-0.021735,0.096648,0.209712,0.461311,0.13662,-0.530872,0.106337,-0.079066,-0.416502,0.04331,0.398484,0.340917,0.352898,0.029596,-0.019275,0.096121,0.092495,0.499382,-0.041059,-0.478368,0.115731
6.7,0.122261,-0.243086,-0.407531,-0.074609,0.426786,0.343094,0.288453,0.024866,-0.022507,0.098433,0.208772,0.465783,0.141272,-0.511053,0.106355,-0.079134,-0.416487,0.043316,0.398347,0.340929,0.352903,0.029564,-0.019276,0.096165,0.092532,0.499064,-0.041684,-0.478042,0.115753
6.72,0.120063,-0.242399,-0.40696,-0.075471,0.428457,0.339602,0.288588,0.024752,-0.022072,0.098821,0.20882,0.468879,0.13284,-0.513011,0.106388,-0.079164,-0.41633,0.043325,0.398306,0.34107,0.352887,0.029537,-0.019273,0.096269,0.092473,0.498905,-0.041405,-0.4782,0.115782
6.74,0.120098,-0.241879,-0.405604,-0.075732,0.430137,0.339353,0.289355,0.024818,-0.023986,0.098019,0.208047,0.468181,0.134405,-0.51445,0.106417,-0.079193,-0.416237,0.043359,0.39821,0.341162,0.352861,0.029511,-0.019268,0.09648,0.092399,0.498854,-0.04094,-0.478251,0.115793
6.76,0.120598,-0.23928,-0.402981,-0.073869,0.4256,0.339082,0.286023,0.028208,-0.021827,0.095352,0.208374,0.466354,0.131954,-0.509731,0.106451,-0.079147,-0.416008,0.043641,0.39812,0.34119,0.352841,0.029496,-0.019262,0.096621,0.092752,0.498838,-0.039916,-0.478385,0.115753
6.78,0.120361,-0.236228,-0.406141,-0.071809,0.429532,0.337989,0.292975,0.025179,-0.021061,0.097799,0.205233,0.462863,0.138073,-0.529953,0.106472,-0.079154,-0.41601,0.043855,0.397895,0.341134,0.352834,0.029495,-0.019259,0.096667,0.093167,0.498721,-0.040957,-0.476393,0.115732
6.8,0.121649,-0.238423,-0.407058,-0.074722,0.426958,0.342919,0.288372,0.023625,-0.021623,0.098655,0.205233,0.465812,0.140773,-0.512528,0.106495,-0.079217,-0.41587,0.043855,0.397889,0.341154,0.35283,0.029464,-0.019254,0.096703,0.093128,0.498448,-0.041453,-0.476548,0.115766
6.82,0.120486,-0.238852,-0.405597,-0.076276,0.43124,0.339911,0.288754,0.024622,-0.02229,0.098956,0.205007,0.468623,0.134693,-0.514824,0.106524,-0.079266,-0.415758,0.043858,0.397867,0.341211,0.35281,0.029429,-0.019248,0.09681,0.093016,0.498326,-0.041327,-0.47706,0.115784
6.84,0.120093,-0.238666,-0.405175,-0.076311,0.430327,0.339779,0.289301,0.024415,-0.023605,0.098085,0.205319,0.468496,0.134178,-0.515166,0.106553,-0.079293,-0.415636,0.043892,0.39784,0.341262,0.352787,0.029403,-0.019242,0.097007,0.092895,0.498286,-0.040856,-0.477279,0.115796
6.86,0.119209,-0.234577,-0.40413,-0.071795,0.426345,0.337779,0.291843,0.025979,-0.021939,0.096101,0.204426,0.463874,0.132355,-0.526318,0.106582,-0.079256,-0.415375,0.044144,0.397788,0.341257,0.352777,0.029392,-0.019235,0.097137,0.093261,0.498302,-0.040236,-0.476655,0.115759
6.88,0.121188,-0.235647,-0.406936,-0.074088,0.427623,0.341738,0.289716,0.02378,-0.021806,0.098151,0.204104,0.464616,0.14057,-0.518485,0.106594,-0.079355,-0.415351,0.044236,0.397648,0.341236,0.352789,0.029368,-0.019235,0.097189,0.093271,0.498228,-0.040997,-0.475601,0.115759
6.9,0.120762,-0.236953,-0.40646,-0.074917,0.428738,0.340769,0.288281,0.02404,-0.021851,0.098746,0.2044,0.467253,0.136684,-0.514819,0.106621,-0.079391,-0.415179,0.044236,0.397631,0.34137,0.352774,0.029336,-0.019231,0.097234,0.093167,0.498149,-0.040948,-0.475936,0.115785
6.92,0.12018,-0.237172,-0.405966,-0.075601,0.429981,0.33982,0.288804,0.024231,-0.022866,0.09837,0.204601,0.467997,0.135152,-0.515471,0.106648,-0.079418,-0.415061,0.044253,0.3976,0.341455,0.352749,0.029305,-0.019225,0.097335,0.093046,0.498104,-0.040631,-0.476375,0.115797
6.94,0.120669,-0.236047,-0.404172,-0.075234,0.428359,0.339557,0.286504,0.026563,-0.021806,0.096312,0.205268,0.467155,0.133125,-0.510738,0.106678,-0.079407,-0.4149,0.04441,0.397547,0.341496,0.352725,0.029282,-0.019217,0.097441,0.093159,0.498082,-0.039832,-0.476768,0.115775
6.96,0.119544,-0.23268,-0.406451,-0.071396,0.428108,0.338008,0.293265,0.024257,-0.020895,0.097544,0.20308,0.462786,0.135856,-0.531977,0.106699,-0.079456,-0.414882,0.0446,0.397389,0.341462,0.352721,0.029277,-0.019211,0.097491,0.093387,0.498082,-0.04046,-0.474878,0.115749
6.98,0.121624,-0.235267,-0.407317,-0.07447,0.427263,0.342802,0.28804,0.023122,-0.021963,0.098315,0.203469,0.465141,0.141494,-0.513676,0.106718,-0.079509,-0.414738,0.044599,0.397408,0.341487,0.352717,0.029244,-0.019204,0.097523,0.093313,0.49802,-0.040709,-0.47494,0.115776
7.0,0.119988,-0.236103,-0.407069,-0.075515,0.430005,0.339615,0.288309,0.023817,-0.021865,0.09901,0.203781,0.468531,0.134285,-0.515349,0.106745,-0.079537,-0.414578,0.044591,0.397409,0.341615,0.352696,0.029209,-0.019198,0.097578,0.093191,0.497979,-0.040444,-0.475584,0.115796
7.02,0.120461,-0.235672,-0.406011,-0.075784,0.43124,0.339286,0.288466,0.024542,-0.022475,0.097737,0.203936,0.467241,0.134625,-0.515018,0.106771,-0.079548,-0.414437,0.044655,0.39739,0.341694,0.352669,0.02918,-0.01919,0.097678,0.093152,0.497954,-0.039906,-0.476055,0.115794
7.04,0.119059,-0.231832,-0.405087,-0.071003,0.42679,0.337659,0.293069,0.024916,-0.021646,0.096838,0.20168,0.463262,0.133421,-0.531934,0.106796,-0.079554,-0.414474,0.044848,0.397344,0.341663,0.352665,0.02917,-0.019181,0.097749,0.093465,0.497974,-0.040053,-0.474943,0.115752
7.06,0.121031,-0.233273,-0.408325,-0.073728,0.426165,0.34253,0.288423,0.022571,-0.021713,0.09804,0.203011,0.464835,0.142004,-0.514864,0.106811,-0.07962,-0.4144,0.044869,0.397338,0.341671,0.352672,0.02914,-0.019178,0.097781,0.093407,0.497873,-0.040638,-0.474731,0.11577
7.08,0.120321,-0.23503,-0.407133,-0.074765,0.429976,0.339942,0.288159,0.023909,-0.021946,0.098993,0.20289,0.467916,0.135998,-0.515575,0.106834,-0.07965,-0.414229,0.044853,0.397328,0.34178,0.352651,0.029102,-0.019174,0.097822,0.093292,0.497812,-0.040574,-0.47538,0.11579
7.1,0.119782,-0.234968,-0.407042,-0.074591,0.428942,0.339531,0.288927,0.023717,-0.023059,0.098092,0.203867,0.467588,0.135447,-0.516179,0.106859,-0.079665,-0.414076,0.044867,0.397327,0.341852,0.352624,0.029072,-0.019167,0.097898,0.093164,0.497782,-0.040237,-0.475894,0.115803
7.12,0.119294,-0.232048,-0.404767,-0.071421,0.426978,0.337659,0.291229,0.025832,-0.022121,0.096226,0.202362,0.464049,0.133484,-0.526338,0.106883,-0.079638,-0.414061,0.045088,0.397238,0.341844,0.352613,0.029056,-0.01916,0.097965,0.093496,0.497802,-0.039897,-0.475552,0.115755
7.14,0.120522,-0.232179,-0.408599,-0.072854,0.426793,0.341094,0.290148,0.022913,-0.021502,0.097711,0.20299,0.463643,0.140761,-0.520739,0.106899,-0.079688,-0.413997,0.045146,0.3972,0.341826,0.352617,0.029036,-0.019158,0.097995,0.093521,0.497797,-0.040644,-0.474672,0.115768
7.16,0.120494,-0.23451,-0.407932,-0.07473,0.429531,0.340724,0.28824,0.02341,-0.021954,0.098793,0.202421,0.467432,0.13763,-0.514891,0.106919,-0.079726,-0.413893,0.045126,0.397195,0.341871,0.352603,0.028995,-0.019155,0.09803,0.093412,0.497741,-0.040668,-0.475188,0.115787
7.18,0.119845,-0.234551,-0.40703,-0.075021,0.43039,0.339405,0.28892,0.023738,-0.023094,0.098392,0.20291,0.468025,0.135372,-0.516587,0.106942,-0.079746,-0.413781,0.045131,0.397194,0.34194,0.352579,0.028962,-0.019149,0.098095,0.09328,0.497708,-0.040387,-0.475749,0.115798
7.2,0.118953,-0.231894,-0.403645,-0.072662,0.42576,0.338115,0.288107,0.026857,-0.022376,0.095346,0.202175,0.466466,0.13126,-0.518057,0.106967,-0.079674,-0.413621,0.045299,0.397166,0.34195,0.352561,0.028943,-0.019142,0.098168,0.093544,0.497711,-0.039701,-0.475979,0.115765
7.22,0.119831,-0.230264,-0.408583,-0.072229,0.42843,0.33944,0.291759,0.023087,-0.021211,0.097821,0.201338,0.463202,0.139281,-0.527445,0.106977,-0.079684,-0.413616,0.045448,0.396986,0.34184,0.352563,0.028935,-0.01914,0.098203,0.093762,0.497713,-0.040767,-0.474308,0.11575
7.24,0.121057,-0.232961,-0.408229,-0.073772,0.427977,0.342034,0.288071,0.022844,-0.022018,0.098304,0.201752,0.465674,0.140812,-0.514793,0.106994,-0.079708,-0.413495,0.045421,0.397023,0.341868,0.352552,0.028897,-0.019136,0.098231,0.093677,0.497664,-0.040979,-0.474757,0.115777
7.26,0.119734,-0.233831,-0.408168,-0.075057,0.430148,0.339649,0.288538,0.023475,-0.022294,0.098622,0.202443,0.468231,0.135401,-0.515831,0.107017,-0.079727,-0.413368,0.045411,0.39704,0.341958,0.352529,0.028861,-0.019131,0.098277,0.093536,0.497631,-0.04073,-0.475527,0.115793
7.28,0.120343,-0.234209,-0.406947,-0.07591,0.432133,0.339411,0.288368,0.024555,-0.022849,0.097786,0.202321,0.467874,0.13507,-0.514646,0.107038,-0.079741,-0.413313,0.04549,0.396999,0.342011,0.352504,0.028831,-0.019126,0.098348,0.093476,0.497609,-0.040253,-0.47606,0.115784
7.3,0.11868,-0.229424,-0.40612,-0.070002,0.426672,0.337252,0.294218,0.024793,-0.021613,0.09616,0.200317,0.462247,0.133162,-0.53548,0.10706,-0.079672,-0.413315,0.045668,0.396996,0.341938,0.352502,0.028826,-0.019118,0.098401,0.09387,0.497674,-0.040342,-0.474738,0.115746
7.32,0.121095,-0.231383,-0.409487,-0.07333,0.426055,0.343053,0.28849,0.02221,-0.02181,0.097691,0.201623,0.4643,0.143756,-0.515037,0.10707,-0.079708,-0.413286,0.04568,0.397006,0.341919,0.352515,0.028796,-0.019116,0.098424,0.093847,0.49758,-0.041014,-0.474459,0.115761
7.34,0.120067,-0.233203,-0.408233,-0.074505,0.429745,0.340139,0.287996,0.023688,-0.021788,0.098756,0.201593,0.468097,0.136042,-0.51542,0.107091,-0.079734,-0.413165,0.045655,0.397018,0.342019,0.352498,0.028757,-0.019113,0.09846,0.093715,0.497527,-0.040906,-0.475171,0.115783
7.36,0.119529,-0.233305,-0.407843,-0.07471,0.429926,0.339344,0.289061,0.023573,-0.023279,0.098105,0.202114,0.467945,0.13565,-0.516748,0.107113,-0.07975,-0.413031,0.045653,0.39706,0.342131,0.352469,0.028727,-0.019107,0.098513,0.093566,0.497503,-0.040506,-0.475687,0.115797
7.38,0.118665,-0.231044,-0.403975,-0.073057,0.426272,0.338044,0.287883,0.026974,-0.022428,0.095349,0.201208,0.466804,0.131186,-0.517568,0.107136,-0.079716,-0.413005,0.045861,0.397011,0.342152,0.352452,0.028708,-0.0191,0.098562,0.093784,0.497525,-0.039873,-0.475912,0.115758
7.4,0.119605,-0.228857,-0.408834,-0.071681,0.42815,0.339082,0.2922,0.023034,-0.021476,0.097293,0.200953,0.462481,0.139539,-0.528833,0.107146,-0.079734,-0.413048,0.045952,0.396909,0.342068,0.352451,0.028704,-0.019098,0.098586,0.093977,0.497589,-0.040831,-0.474239,0.115752
7.42,0.121061,-0.232216,-0.408737,-0.073828,0.428352,0.342172,0.288134,0.022963,-0.022198,0.098165,0.200975,0.465696,0.141407,-0.514617,0.107159,-0.079771,-0.413001,0.045892,0.396917,0.342087,0.352443,0.028658,-0.019097,0.09861,0.093874,0.497546,-0.041051,-0.474715,0.115774
7.44,0.119587,-0.233001,-0.408401,-0.075155,0.43048,0.339614,0.288629,0.023596,-0.022431,0.098535,0.201547,0.468491,0.135164,-0.516049,0.10718,-0.079791,-0.412898,0.045877,0.396946,0.342174,0.352422,0.028623,-0.019093,0.098653,0.093722,0.497516,-0.04078,-0.47547,0.11579
7.46,0.120161,-0.231954,-0.405671,-0.074813,0.429481,0.339156,0.286691,0.025856,-0.02239,0.096146,0.201998,0.467231,0.134091,-0.512065,0.107204,-0.079774,-0.412791,0.045986,0.396963,0.342239,0.352396,0.028599,-0.019085,0.098695,0.093797,0.497505,-0.039992,-0.47604,0.115768
7.48,0.119204,-0.22853,-0.407556,-0.070843,0.428924,0.337792,0.293851,0.023984,-0.021216,0.097037,0.199791,0.462268,0.136581,-0.534882,0.107219,-0.079778,-0.412975,0.046146,0.396867,0.342141,0.352395,0.028595,-0.019081,0.098723,0.094069,0.497539,-0.040781,-0.474052,0.115736
7.5,0.121286,-0.231005,-0.408848,-0.073674,0.426877,0.343052,0.288142,0.022537,-0.022023,0.097684,0.200739,0.464507,0.143251,-0.514697,0.107233,-0.079803,-0.41293,0.046124,0.397022,0.342151,0.352396,0.028564,-0.019077,0.098744,0.093989,0.497493,-0.041104,-0.474228,0.115767
7.52,0.119566,-0.232225,-0.408718,-0.074858,0.429929,0.339678,0.288278,0.023511,-0.021791,0.098502,0.201229,0.468336,0.135354,-0.515753,0.107255,-0.079825,-0.412822,0.046103,0.397053,0.342246,0.352377,0.028529,-0.019073,0.098783,0.093837,0.497458,-0.040869,-0.47508,0.115786
7.54,0.119271,-0.232643,-0.407818,-0.0752,0.430971,0.339208,0.28933,0.023652,-0.023503,0.098062,0.201149,0.468175,0.135576,-0.517051,0.107273,-0.079841,-0.41274,0.046111,0.397034,0.342323,0.352351,0.0285,-0.019067,0.098833,0.09368,0.497436,-0.040475,-0.475627,0.115794
7.56,0.118729,-0.229027,-0.404717,-0.071355,0.427278,0.337449,0.291817,0.026238,-0.022414,0.095533,0.199525,0.463752,0.132595,-0.528925,0.107292,-0.079801,-0.412813,0.046308,0.396994,0.342281,0.352345,0.028488,-0.019061,0.098876,0.094006,0.4975,-0.040085,-0.475228,0.115746
7.58,0.120619,-0.229204,-0.408956,-0.07277,0.427596,0.341332,0.290286,0.022947,-0.022029,0.097329,0.200279,0.463553,0.142486,-0.521563,0.1073,-0.079839,-0.412882,0.046321,0.397006,0.342244,0.352355,0.028473,-0.019062,0.098894,0.094067,0.497501,-0.040971,-0.474256,0.115755
7.6,0.120376,-0.231525,-0.408286,-0.07418,0.429407,0.340853,0.28837,0.023609,-0.022004,0.098212,0.200493,0.466705,0.138768,-0.516062,0.107317,-0.079872,-0.412819,0.046287,0.397048,0.342318,0.352343,0.028439,-0.019062,0.098921,0.093931,0.497445,-0.041065,-0.474861,0.115777
7.62,0.119646,-0.232188,-0.407788,-0.075171,0.430876,0.339646,0.288922,0.023957,-0.023059,0.098145,0.200712,0.4682,0.136179,-0.516594,0.107336,-0.079894,-0.412753,0.046284,0.397058,0.342387,0.352322,0.02841,-0.019058,0.098964,0.093771,0.497413,-0.040822,-0.475533,0.115787
7.64,0.118533,-0.229168,-0.404161,-0.072301,0.425124,0.338146,0.288109,0.026914,-0.022475,0.094919,0.200346,0.466367,0.131376,-0.518374,0.107359,-0.079822,-0.41259,0.046367,0.39708,0.3424,0.352303,0.028396,-0.019051,0.099002,0.093997,0.497429,-0.040017,-0.475807,0.11576
7.66,0.119736,-0.227885,-0.408875,-0.072094,0.429571,0.339178,0.292152,0.02344,-0.021645,0.097407,0.199352,0.463149,0.140232,-0.528506,0.107364,-0.079841,-0.412702,0.046418,0.39685,0.342278,0.352306,0.02839,-0.019051,0.099018,0.09418,0.497426,-0.041111,-0.474123,0.115741
7.68,0.120774,-0.230646,-0.408654,-0.073607,0.427827,0.342179,0.288273,0.023027,-0.0221,0.097833,0.200088,0.465487,0.141412,-0.515389,0.107378,-0.07986,-0.412616,0.046385,0.396921,0.3423,0.352298,0.02836,-0.019048,0.099038,0.094069,0.497366,-0.041357,-0.474605,0.11577
7.7,0.119401,-0.231593,-0.408765,-0.074841,0.430085,0.339634,0.28872,0.023655,-0.022305,0.098065,0.201001,0.468074,0.135992,-0.516228,0.107397,-0.079879,-0.412517,0.046371,0.396943,0.342377,0.352278,0.028329,-0.019045,0.099077,0.093906,0.497334,-0.041117,-0.475417,0.115785
7.72,0.119832,-0.231164,-0.406344,-0.074922,0.429375,0.339219,0.286774,0.025842,-0.022223,0.095836,0.201392,0.467481,0.134062,-0.511752,0.107418,-0.079835,-0.412407,0.04647,0.39693,0.342433,0.352254,0.028306,-0.019037,0.099116,0.093988,0.497322,-0.040318,-0.476054,0.115764
7.74,0.118959,-0.227387,-0.407955,-0.070546,0.428437,0.337764,0.293951,0.023974,-0.021236,0.096775,0.199079,0.46223,0.136536,-0.534977,0.10743,-0.07981,-0.412536,0.046546,0.396849,0.342334,0.352253,0.028305,-0.019032,0.099139,0.094277,0.497366,-0.040988,-0.474057,0.115736
7.76,0.120863,-0.230009,-0.409493,-0.073648,0.426639,0.343083,0.288203,0.022458,-0.021921,0.097545,0.199849,0.464877,0.143378,-0.514477,0.107441,-0.079834,-0.412483,0.046522,0.396941,0.342341,0.352256,0.028275,-0.019028,0.099156,0.094192,0.497296,-0.041345,-0.474232,0.115763
7.78,0.119438,-0.23141,-0.408794,-0.075081,0.430481,0.339869,0.288264,0.023718,-0.022022,0.098476,0.199988,0.468801,0.135566,-0.515608,0.107458,-0.079859,-0.412406,0.0465,0.396971,0.3424,0.352238,0.02824,-0.019024,0.099191,0.09403,0.497256,-0.041177,-0.475095,0.115779
7.8,0.119161,-0.231599,-0.407926,-0.074933,0.430753,0.339225,0.289351,0.023855,-0.023736,0.097791,0.200406,0.46824,0.135845,-0.517226,0.107474,-0.079876,-0.412323,0.046503,0.396985,0.342477,0.352212,0.028214,-0.01902,0.099237,0.093858,0.497239,-0.040762,-0.475624,0.115788
7.82,0.118454,-0.228162,-0.40573,-0.071022,0.426567,0.337546,0.292001,0.026137,-0.022335,0.095301,0.199155,0.463694,0.132701,-0.528881,0.107492,-0.079792,-0.412312,0.046688,0.396964,0.342436,0.352206,0.028206,-0.019014,0.099271,0.094202,0.497308,-0.040296,-0.475237,0.115745
7.84,0.120159,-0.22869,-0.409733,-0.072725,0.426987,0.341491,0.290299,0.022935,-0.02188,0.097081,0.199903,0.463706,0.14215,-0.521188,0.107497,-0.079815,-0.412392,0.046707,0.396932,0.342349,0.352219,0.028192,-0.019016,0.099282,0.094251,0.497315,-0.041168,-0.474232,0.11575
7.86,0.119986,-0.231039,-0.409085,-0.07425,0.429298,0.34082,0.288408,0.023491,-0.022045,0.098147,0.199857,0.467262,0.138345,-0.515794,0.107512,-0.079838,-0.412329,0.04664,0.396974,0.342417,0.352207,0.02816,-0.019015,0.099305,0.094116,0.497275,-0.041211,-0.474801,0.115774
7.88,0.119366,-0.231481,-0.408238,-0.074812,0.430742,0.339482,0.289172,0.02397,-0.023238,0.097833,0.200361,0.467989,0.136383,-0.517262,0.107528,-0.07986,-0.412267,0.046627,0.396986,0.34249,0.352185,0.028132,-0.019012,0.099344,0.093948,0.497249,-0.040947,-0.475449,0.115785
7.9,0.118507,-0.229124,-0.404054,-0.072811,0.426014,0.3383,0.288008,0.027408,-0.022789,0.094851,0.199611,0.466771,0.131768,-0.518148,0.107548,-0.079826,-0.412252,0.046761,0.39698,0.342498,0.352169,0.028117,-0.019006,0.099378,0.094133,0.497269,-0.040254,-0.475731,0.115749
7.92,0.11933,-0.227185,-0.409037,-0.072051,0.428511,0.339242,0.292238,0.023486,-0.021626,0.096881,0.199393,0.462789,0.139823,-0.528837,0.107555,-0.079842,-0.412404,0.046826,0.396863,0.342387,0.352172,0.028118,-0.019006,0.099389,0.094291,0.497328,-0.041245,-0.474086,0.11574
7.94,0.120748,-0.230277,-0.408888,-0.073746,0.42847,0.342047,0.288476,0.023187,-0.022486,0.097667,0.199483,0.465687,0.141691,-0.5155,0.107565,-0.079868,-0.412392,0.04664,0.396933,0.342408,0.352164,0.028089,-0.019005,0.099405,0.094171,0.497296,-0.041428,-0.474568,0.115769
7.96,0.119231,-0.231205,-0.408765,-0.074985,0.430165,0.339684,0.288822,0.02389,-0.022506,0.097898,0.200469,0.468244,0.1358,-0.516328,0.107582,-0.079889,-0.412323,0.046601,0.396942,0.342478,0.352146,0.028059,-0.019004,0.099441,0.093999,0.497269,-0.041165,-0.475374,0.115783
7.98,0.119629,-0.230719,-0.406454,-0.074972,0.429384,0.339176,0.286872,0.026052,-0.02242,0.09559,0.200978,0.467619,0.134016,-0.511781,0.107601,-0.079846,-0.412221,0.046697,0.39693,0.34253,0.352124,0.028039,-0.018998,0.099477,0.094072,0.497259,-0.040338,-0.476005,0.115762
