/home/joyandai/microduck_rl/.venv/lib/python3.12/site-packages/tyro/_parsers.py:353: UserWarning: The field `env.scene.entities.robot.collisions.0.geom-names-expr` is annotated with type `tuple[str, ...]`, but the default value `['.*_collision']` has type `<class 'list'>`. We'll try to handle this gracefully, but it may cause unexpected behavior.
  warnings.warn(message)
/home/joyandai/microduck_rl/.venv/lib/python3.12/site-packages/tyro/_resolver.py:600: TyroWarning: <class 'list'> does not match any type in Union: [<class 'str'>, <class 'tuple'>, <class 'NoneType'>]
  warnings.warn(
/home/joyandai/microduck_rl/.venv/lib/python3.12/site-packages/mjlab/entity/entity.py:149: UserWarning: Actuator config matched 14 joint(s) but the same expressions also match 7 site(s): imu, left_foot, head_camera, tof, head_imu, mouth_tip, right_foot. Add a separate config with transmission_type=TransmissionType.SITE if those should be actuated too.
  self._add_actuators()
[mdp] Patches 1-2 active: NaN-safe reward/advantage
[mdp] Patch 4 active: ONNX export filters passive_* joints
[INFO] Training with: device=cuda:0, seed=42, rank=0
[INFO] Logging experiment in directory: logs/rsl_rl/velocity/2026-09-07_14-15-42_hls2909-fix7
Setting seed: 42
Warp 1.12.0 initialized:
   CUDA Toolkit 12.9, Driver 13.0
   Devices:
     "cpu"      : "x86_64"
     "cuda:0"   : "NVIDIA GeForce RTX 4080 Laptop GPU" (12 GiB, sm_89, mempool enabled)
   Kernel cache:
     /home/joyandai/.cache/warp/1.12.0
Warp DeprecationWarning: The symbol `warp.context.runtime` will soon be removed from the public API. It can still be accessed from `warp._src.context.runtime` but might be changed or removed without notice.
Module mujoco_warp._src.smooth 95a0b8b load on device 'cuda:0' took 2.43 ms  (cached)
Module mujoco_warp._src.collision_driver 88f7770 load on device 'cuda:0' took 0.29 ms  (cached)
Module _nxn_broadphase__locals__kernel_e73b1315 e73b131 load on device 'cuda:0' took 0.31 ms  (cached)
Module ccd_kernel_builder__locals__ccd_kernel_079dfa94 079dfa9 load on device 'cuda:0' took 1.68 ms  (cached)
Module _primitive_narrowphase__locals__primitive_narrowphase_b282a07a b282a07 load on device 'cuda:0' took 0.57 ms  (cached)
Module mujoco_warp._src.constraint 27c5750 load on device 'cuda:0' took 1.53 ms  (cached)
Module _efc_contact_init__locals__kernel_fda71e14 fda71e1 load on device 'cuda:0' took 0.32 ms  (cached)
Module _efc_contact_jac_dense__locals__kernel_7974b597 cc0fc30 load on device 'cuda:0' took 0.66 ms  (cached)
Module _efc_contact_update__locals__kernel_90315d53 90315d5 load on device 'cuda:0' took 0.34 ms  (cached)
Module mujoco_warp._src.sensor 7fc0378 load on device 'cuda:0' took 1.81 ms  (cached)
Module mujoco_warp._src.forward f60f76d load on device 'cuda:0' took 0.94 ms  (cached)
Module mujoco_warp._src.passive 1a5e55c load on device 'cuda:0' took 0.67 ms  (cached)
Module mujoco_warp._src.forward 8ebfcb1 load on device 'cuda:0' took 0.93 ms  (cached)
Module mujoco_warp._src.support dd3f924 load on device 'cuda:0' took 0.59 ms  (cached)
Module _tile_cholesky_factorize_solve__locals__cholesky_factorize_solve_b16bf393 b7e5d5f load on device 'cuda:0' took 19.70 ms  (cached)
Module mujoco_warp._src.solver b116efb load on device 'cuda:0' took 1.07 ms  (cached)
Module solve_init_jaref__locals__kernel_5208712d 5208712 load on device 'cuda:0' took 0.28 ms  (cached)
Module mul_m_dense__locals___mul_m_dense_b66df345 b66df34 load on device 'cuda:0' took 0.25 ms  (cached)
Module update_constraint_efc__locals__kernel_32935e9d 32935e9 load on device 'cuda:0' took 0.31 ms  (cached)
Module update_constraint_gauss_cost__locals__kernel_baf8e129 baf8e12 load on device 'cuda:0' took 0.34 ms  (cached)
Module update_gradient_JTDAJ_dense_tiled__locals__kernel_9404d42c b63011f load on device 'cuda:0' took 0.49 ms  (cached)
Module update_gradient_cholesky__locals__kernel_5ee47d83 324a2ff load on device 'cuda:0' took 23.19 ms  (cached)
Module linesearch_jv_fused__locals__kernel_7bf09094 7bf0909 load on device 'cuda:0' took 0.31 ms  (cached)
Module linesearch_prepare_gauss__locals__kernel_97347d38 97347d3 load on device 'cuda:0' took 0.29 ms  (cached)
Module update_constraint_efc__locals__kernel_3c1a9816 3c1a981 load on device 'cuda:0' took 0.29 ms  (cached)
Module _contact_sort__locals__contact_sort_304c86df 6c97b35 load on device 'cuda:0' took 0.32 ms  (cached)
Module mujoco_warp._src.derivative d0e2fd7 load on device 'cuda:0' took 0.59 ms  (cached)
Module reset_data__locals__reset_xfrc_applied_e7898c5c e7898c5 load on device 'cuda:0' took 0.28 ms  (cached)
Module reset_data__locals__reset_qM_10d3c793 10d3c79 load on device 'cuda:0' took 0.22 ms  (cached)
Module reset_data__locals__reset_mocap_ff71f630 ff71f63 load on device 'cuda:0' took 0.22 ms  (cached)
Module reset_data__locals__reset_contact_df686d47 df686d4 load on device 'cuda:0' took 0.22 ms  (cached)
Module reset_data__locals__reset_nworld_6e0d904e 6e0d904 load on device 'cuda:0' took 0.35 ms  (cached)
[BamActuator] model='m1' joints=14 kt=1.4000 R=5.0000 vin=range=(10.5, 12.6) drop_gain_range=(0.0, 0.15) force_limit=±3.53Nm friction_base=0.0800 friction_viscous=0.0120 envs=4096 device=cuda:0
Module mujoco_warp._src.render_util 94fd13e load on device 'cuda:0' took 0.41 ms  (cached)
Module mujoco_warp._src.bvh 08f985a load on device 'cuda:0' took 0.66 ms  (cached)
Module mujoco_warp._src.ray c8f2bb3 load on device 'cuda:0' took 0.82 ms  (cached)

+---------------------------------+
|         Base Environment        |
+------------------------+--------+
| Property               | Value  |
+------------------------+--------+
| Number of environments | 4096   |
| Environment device     | cuda:0 |
| Environment seed       | 42     |
| Physics step-size      | 0.005  |
| Environment step-size  | 0.02   |
+------------------------+--------+

[INFO] <EventManager> contains 3 active terms.
+-------------------------------------+
| Active Event Terms in Mode: 'reset' |
+-------+-----------------------------+
| Index | Name                        |
+-------+-----------------------------+
|   0   | reset_base                  |
|   1   | reset_robot_joints          |
|   2   | reset_action_history        |
|   3   | randomize_com               |
|   4   | randomize_head_com          |
|   5   | randomize_joint_friction    |
|   6   | randomize_armature          |
+-------+-----------------------------+
+----------------------------------------------+
|    Active Event Terms in Mode: 'interval'    |
+-------+------------+-------------------------+
| Index | Name       | Interval time range (s) |
+-------+------------+-------------------------+
|   0   | push_robot |        (3.0, 6.0)       |
+-------+------------+-------------------------+
+---------------------------------------+
| Active Event Terms in Mode: 'startup' |
+-------+-------------------------------+
| Index | Name                          |
+-------+-------------------------------+
|   0   | foot_friction                 |
|   1   | encoder_bias                  |
|   2   | base_com                      |
|   3   | expand_bam_friction_fields    |
|   4   | randomize_mass_inertia        |
+-------+-------------------------------+
+-----------------------------+
| Domain Randomization Fields |
+-------+---------------------+
| Index | Field Name          |
+-------+---------------------+
|   0   | geom_friction       |
|   1   | body_ipos           |
|   2   | body_subtreemass    |
|   3   | dof_invweight0      |
|   4   | body_invweight0     |
|   5   | tendon_length0      |
|   6   | tendon_invweight0   |
|   7   | dof_frictionloss    |
|   8   | dof_damping         |
|   9   | body_mass           |
|   10  | body_inertia        |
|   11  | body_iquat          |
|   12  | dof_armature        |
+-------+---------------------+

Module repeat_array_kernel_39317a34 b712927 load on device 'cuda:0' took 0.53 ms  (cached)
Module repeat_array_kernel_39317a34 18fcc7e load on device 'cuda:0' took 0.27 ms  (cached)
Module repeat_array_kernel_39317a34 5cde7e8 load on device 'cuda:0' took 0.30 ms  (cached)
Module repeat_array_kernel_39317a34 0fe3117 load on device 'cuda:0' took 0.38 ms  (cached)
[INFO] <CommandManager> contains 3 active terms.
+------------------------------------------------+
|              Active Command Terms              |
+-------+-----------+----------------------------+
| Index | Name      |            Type            |
+-------+-----------+----------------------------+
|   0   | twist     | VelocityCommandCommandOnly |
|   1   | head_pose |     UniformPoseCommand     |
|   2   | body_pose |     UniformPoseCommand     |
+-------+-----------+----------------------------+

[INFO] <ActionManager> contains 1 active terms.
+---------------------------------+
| Active Action Terms (shape: 14) |
+-------+-----------+-------------+
| Index | Name      |   Dimension |
+-------+-----------+-------------+
|   0   | joint_pos |          14 |
+-------+-----------+-------------+

[INFO] <ObservationManager> contains 2 groups.
+-----------------------------------------------------------+
| Active Observation Terms in Group: 'actor' (shape: (61,)) |
+-----------+----------------------------------+------------+
|   Index   | Name                             |   Shape    |
+-----------+----------------------------------+------------+
|     0     | base_ang_vel                     |    (3,)    |
|     1     | projected_gravity                |    (3,)    |
|     2     | joint_pos                        |   (14,)    |
|     3     | joint_vel                        |   (14,)    |
|     4     | actions                          |   (14,)    |
|     5     | command                          |    (3,)    |
|     6     | head_command                     |    (4,)    |
|     7     | body_command                     |    (6,)    |
+-----------+----------------------------------+------------+
+------------------------------------------------------------+
| Active Observation Terms in Group: 'critic' (shape: (76,)) |
+----------+------------------------------------+------------+
|  Index   | Name                               |   Shape    |
+----------+------------------------------------+------------+
|    0     | base_lin_vel                       |    (3,)    |
|    1     | base_ang_vel                       |    (3,)    |
|    2     | projected_gravity                  |    (3,)    |
|    3     | joint_pos                          |   (14,)    |
|    4     | joint_vel                          |   (14,)    |
|    5     | actions                            |   (14,)    |
|    6     | command                            |    (3,)    |
|    7     | foot_height                        |    (2,)    |
|    8     | foot_air_time                      |    (2,)    |
|    9     | foot_contact                       |    (2,)    |
|    10    | foot_contact_forces                |    (6,)    |
|    11    | head_command                       |    (4,)    |
|    12    | body_command                       |    (6,)    |
+----------+------------------------------------+------------+
wandb: WARNING `start_method` is deprecated and will be removed in a future version of wandb. This setting is currently non-functional and safely ignored.
wandb: Tracking run with wandb version 0.24.0
wandb: W&B syncing is set to `offline` in this directory. Run `wandb online` or set WANDB_MODE=online to enable cloud syncing.
wandb: Run data is saved locally in /home/joyandai/microduck_rl/wandb/offline-run-20260907_141547-8ufkxppo
wandb: WARNING Symlinked 1 file into the W&B run directory; call wandb.save again to sync new files.
wandb: WARNING Symlinked 1 file into the W&B run directory; call wandb.save again to sync new files.
wandb: WARNING Symlinked 1 file into the W&B run directory; call wandb.save again to sync new files.

[INFO] <TerminationManager> contains 4 active terms.
+------------------------------------------+
|         Active Termination Terms         |
+-------+-----------------------+----------+
| Index | Name                  | Time Out |
+-------+-----------------------+----------+
|   0   | time_out              |   True   |
|   1   | fell_over             |  False   |
|   2   | out_of_terrain_bounds |   True   |
|   3   | nan_state             |  False   |
+-------+-----------------------+----------+

[INFO] <RewardManager> contains 16 active terms.
+-----------------------------------------+
|           Active Reward Terms           |
+-------+------------------------+--------+
| Index | Name                   | Weight |
+-------+------------------------+--------+
|   0   | track_linear_velocity  |    2.0 |
|   1   | track_angular_velocity |    2.0 |
|   2   | upright                |    2.0 |
|   3   | pose                   |    1.0 |
|   4   | body_ang_vel           |  -0.05 |
|   5   | angular_momentum       |  -0.02 |
|   6   | dof_pos_limits         |   -1.0 |
|   7   | action_rate_l2         |   -0.1 |
|   8   | air_time               |    3.0 |
|   9   | foot_clearance         |   -2.0 |
|   10  | foot_swing_height      |  -0.25 |
|   11  | foot_slip              |   -0.1 |
|   12  | self_collisions        |   -1.0 |
|   13  | head_pose_tracking     |    2.0 |
|   14  | body_pose_tracking     |    0.0 |
|   15  | head_pose_bias         |    0.0 |
+-------+------------------------+--------+

[INFO] <CurriculumManager> contains 7 active terms.
+-------------------------------+
|    Active Curriculum Terms    |
+-------+-----------------------+
| Index | Name                  |
+-------+-----------------------+
|   0   | action_rate_weight    |
|   1   | standing_envs         |
|   2   | head_pose_range       |
|   3   | body_pose_range       |
|   4   | com_range             |
|   5   | head_com_range        |
|   6   | head_pose_bias_weight |
+-------+-----------------------+

[INFO] <MetricsManager> contains 1 active terms.
+-------------------------+
|   Active Metrics Terms  |
+-------+-----------------+
| Index | Name            |
+-------+-----------------+
|   0   | mean_action_acc |
+-------+-----------------+

[INFO] <NullRecorderManager> (inactive)
Module mujoco_warp._src.io 4b387a0 load on device 'cuda:0' took 1.26 ms  (cached)
Module _tile_cholesky_factorize__locals__cholesky_factorize_a02b7349 3d3b894 load on device 'cuda:0' took 17.82 ms  (cached)
Module _tile_cholesky_solve__locals__cholesky_solve_8c82e9f1 95f6085 load on device 'cuda:0' took 16.49 ms  (cached)
--------------------------------------------------------------------------------
Resolved observation sets: 
	 actor :  ('actor',)
	 critic :  ('critic',)
--------------------------------------------------------------------------------
Actor Model: MLPModel(
  (obs_normalizer): EmpiricalNormalization()
  (distribution): GaussianDistribution()
  (mlp): MLP(
    (0): Linear(in_features=61, out_features=512, bias=True)
    (1): ELU(alpha=1.0)
    (2): Linear(in_features=512, out_features=256, bias=True)
    (3): ELU(alpha=1.0)
    (4): Linear(in_features=256, out_features=128, bias=True)
    (5): ELU(alpha=1.0)
    (6): Linear(in_features=128, out_features=14, bias=True)
  )
)
Critic Model: MLPModel(
  (obs_normalizer): EmpiricalNormalization()
  (mlp): MLP(
    (0): Linear(in_features=76, out_features=512, bias=True)
    (1): ELU(alpha=1.0)
    (2): Linear(in_features=512, out_features=256, bias=True)
    (3): ELU(alpha=1.0)
    (4): Linear(in_features=256, out_features=128, bias=True)
    (5): ELU(alpha=1.0)
    (6): Linear(in_features=128, out_features=1, bias=True)
  )
)
Storing git diff for 'microduck_rl' in: logs/rsl_rl/velocity/2026-09-07_14-15-42_hls2909-fix7/git/microduck_rl.diff
################################################################################
[1m                            Learning iteration 0/400                            [0m 

                               Run name: hls2909-fix7
                            Total steps: 98304 
                       Steps per second: 34480 
                        Collection time: 2.667s 
                          Learning time: 0.184s 
                        Mean value loss: 0.0467
                    Mean surrogate loss: 0.0249
                      Mean entropy loss: 10.1959
                            Mean reward: 0.08
                    Mean episode length: 24.00
                        Mean action std: 0.50
   Episode_Reward/track_linear_velocity: 0.0069
  Episode_Reward/track_angular_velocity: 0.0005
                 Episode_Reward/upright: 0.0123
                    Episode_Reward/pose: 0.0039
            Episode_Reward/body_ang_vel: -0.0086
        Episode_Reward/angular_momentum: -0.0000
          Episode_Reward/dof_pos_limits: -0.0005
          Episode_Reward/action_rate_l2: -0.0085
                Episode_Reward/air_time: 0.0006
          Episode_Reward/foot_clearance: -0.0003
       Episode_Reward/foot_swing_height: -0.0008
               Episode_Reward/foot_slip: -0.0001
         Episode_Reward/self_collisions: -0.0000
      Episode_Reward/head_pose_tracking: 0.0174
      Episode_Reward/body_pose_tracking: 0.0000
          Episode_Reward/head_pose_bias: 0.0000
        Episode_Metrics/mean_action_acc: 0.8773
          Curriculum/action_rate_weight: -0.1000
               Curriculum/standing_envs: 0.0200
             Curriculum/head_pose_range: 0.0700
             Curriculum/body_pose_range: 0.0500
                   Curriculum/com_range: 0.0030
              Curriculum/head_com_range: 0.0030
       Curriculum/head_pose_bias_weight: 0.0000
             Metrics/twist/error_vel_xy: 0.0099
            Metrics/twist/error_vel_yaw: 0.0699
           Episode_Termination/time_out: 4.0417
          Episode_Termination/fell_over: 21.5833
Episode_Termination/out_of_terrain_bounds: 0.0000
          Episode_Termination/nan_state: 0.0000
          Metrics/angular_momentum_mean: 0.0086
                  Metrics/air_time_mean: 0.0357
               Metrics/peak_height_mean: 0.0070
             Metrics/slip_velocity_mean: 0.2858
--------------------------------------------------------------------------------
                         Iteration time: 2.85s
                           Time elapsed: 00:00:02
                                    ETA: 00:18:57

################################################################################
[1m                            Learning iteration 1/400                            [0m 

                               Run name: hls2909-fix7
                            Total steps: 196608 
                       Steps per second: 48042 
                        Collection time: 1.899s 
                          Learning time: 0.147s 
                        Mean value loss: 0.0752
                    Mean surrogate loss: -0.0021
                      Mean entropy loss: 10.2096
                            Mean reward: 0.20
                    Mean episode length: 25.15
                        Mean action std: 0.50
   Episode_Reward/track_linear_velocity: 0.0156
  Episode_Reward/track_angular_velocity: 0.0006
                 Episode_Reward/upright: 0.0183
                    Episode_Reward/pose: 0.0045
            Episode_Reward/body_ang_vel: -0.0458
        Episode_Reward/angular_momentum: -0.0000
          Episode_Reward/dof_pos_limits: -0.0053
          Episode_Reward/action_rate_l2: -0.0214
                Episode_Reward/air_time: 0.0026
          Episode_Reward/foot_clearance: -0.0005
       Episode_Reward/foot_swing_height: -0.0018
               Episode_Reward/foot_slip: -0.0003
         Episode_Reward/self_collisions: -0.0002
      Episode_Reward/head_pose_tracking: 0.0362
      Episode_Reward/body_pose_tracking: 0.0000
          Episode_Reward/head_pose_bias: 0.0000
        Episode_Metrics/mean_action_acc: 0.9575
          Curriculum/action_rate_weight: -0.1000
               Curriculum/standing_envs: 0.0200
             Curriculum/head_pose_range: 0.0700
             Curriculum/body_pose_range: 0.0500
                   Curriculum/com_range: 0.0030
              Curriculum/head_com_range: 0.0030
       Curriculum/head_pose_bias_weight: 0.0000
             Metrics/twist/error_vel_xy: 0.0280
            Metrics/twist/error_vel_yaw: 0.2077
           Episode_Termination/time_out: 1.2083
          Episode_Termination/fell_over: 163.5417
Episode_Termination/out_of_terrain_bounds: 0.0000
          Episode_Termination/nan_state: 0.0000
          Metrics/angular_momentum_mean: 0.0121
                  Metrics/air_time_mean: 0.0385
               Metrics/peak_height_mean: 0.0107
             Metrics/slip_velocity_mean: 0.3180
--------------------------------------------------------------------------------
                         Iteration time: 2.05s
                           Time elapsed: 00:00:04
                                    ETA: 00:16:14

################################################################################
[1m                            Learning iteration 2/400                            [0m 

                               Run name: hls2909-fix7
                            Total steps: 294912 
                       Steps per second: 48233 
                        Collection time: 1.890s 
                          Learning time: 0.149s 
                        Mean value loss: 0.0572
                    Mean surrogate loss: -0.0044
                      Mean entropy loss: 10.2622
                            Mean reward: 0.39
                    Mean episode length: 27.08
                        Mean action std: 0.50
   Episode_Reward/track_linear_velocity: 0.0177
  Episode_Reward/track_angular_velocity: 0.0002
                 Episode_Reward/upright: 0.0189
                    Episode_Reward/pose: 0.0036
            Episode_Reward/body_ang_vel: -0.0367
        Episode_Reward/angular_momentum: -0.0000
          Episode_Reward/dof_pos_limits: -0.0031
          Episode_Reward/action_rate_l2: -0.0193
                Episode_Reward/air_time: 0.0037
          Episode_Reward/foot_clearance: -0.0005
       Episode_Reward/foot_swing_height: -0.0016
               Episode_Reward/foot_slip: -0.0002
         Episode_Reward/self_collisions: -0.0009
      Episode_Reward/head_pose_tracking: 0.0359
      Episode_Reward/body_pose_tracking: 0.0000
          Episode_Reward/head_pose_bias: 0.0000
        Episode_Metrics/mean_action_acc: 0.9528
          Curriculum/action_rate_weight: -0.1000
               Curriculum/standing_envs: 0.0200
             Curriculum/head_pose_range: 0.0700
             Curriculum/body_pose_range: 0.0500
                   Curriculum/com_range: 0.0030
              Curriculum/head_com_range: 0.0030
       Curriculum/head_pose_bias_weight: 0.0000
             Metrics/twist/error_vel_xy: 0.0242
            Metrics/twist/error_vel_yaw: 0.2011
           Episode_Termination/time_out: 0.0417
          Episode_Termination/fell_over: 158.0833
Episode_Termination/out_of_terrain_bounds: 0.0000
          Episode_Termination/nan_state: 0.0000
          Metrics/angular_momentum_mean: 0.0117
                  Metrics/air_time_mean: 0.0391
               Metrics/peak_height_mean: 0.0091
             Metrics/slip_velocity_mean: 0.2796
--------------------------------------------------------------------------------
                         Iteration time: 2.04s
                           Time elapsed: 00:00:06
                                    ETA: 00:15:17

################################################################################
[1m                            Learning iteration 3/400                            [0m 

                               Run name: hls2909-fix7
                            Total steps: 393216 
                       Steps per second: 47850 
                        Collection time: 1.908s 
                          Learning time: 0.147s 
                        Mean value loss: 0.0455
                    Mean surrogate loss: -0.0042
                      Mean entropy loss: 10.2673
                            Mean reward: 0.40
                    Mean episode length: 28.63
                        Mean action std: 0.50
   Episode_Reward/track_linear_velocity: 0.0178
  Episode_Reward/track_angular_velocity: 0.0003
                 Episode_Reward/upright: 0.0186
                    Episode_Reward/pose: 0.0036
            Episode_Reward/body_ang_vel: -0.0361
        Episode_Reward/angular_momentum: -0.0000
          Episode_Reward/dof_pos_limits: -0.0030
          Episode_Reward/action_rate_l2: -0.0191
                Episode_Reward/air_time: 0.0038
          Episode_Reward/foot_clearance: -0.0005
       Episode_Reward/foot_swing_height: -0.0016
               Episode_Reward/foot_slip: -0.0002
         Episode_Reward/self_collisions: -0.0007
      Episode_Reward/head_pose_tracking: 0.0357
      Episode_Reward/body_pose_tracking: 0.0000
          Episode_Reward/head_pose_bias: 0.0000
        Episode_Metrics/mean_action_acc: 0.9519
          Curriculum/action_rate_weight: -0.1000
               Curriculum/standing_envs: 0.0200
             Curriculum/head_pose_range: 0.0700
             Curriculum/body_pose_range: 0.0500
                   Curriculum/com_range: 0.0030
              Curriculum/head_com_range: 0.0030
       Curriculum/head_pose_bias_weight: 0.0000
             Metrics/twist/error_vel_xy: 0.0241
            Metrics/twist/error_vel_yaw: 0.2005
           Episode_Termination/time_out: 0.0000
          Episode_Termination/fell_over: 153.4167
Episode_Termination/out_of_terrain_bounds: 0.0000
          Episode_Termination/nan_state: 0.0000
          Metrics/angular_momentum_mean: 0.0117
                  Metrics/air_time_mean: 0.0394
               Metrics/peak_height_mean: 0.0089
             Metrics/slip_velocity_mean: 0.2807
--------------------------------------------------------------------------------
                         Iteration time: 2.05s
                           Time elapsed: 00:00:08
                                    ETA: 00:14:49

################################################################################
[1m                            Learning iteration 4/400                            [0m 

                               Run name: hls2909-fix7
                            Total steps: 491520 
                       Steps per second: 48253 
                        Collection time: 1.891s 
                          Learning time: 0.146s 
                        Mean value loss: 0.0363
                    Mean surrogate loss: -0.0025
                      Mean entropy loss: 10.2736
                            Mean reward: 0.45
                    Mean episode length: 29.00
                        Mean action std: 0.50
   Episode_Reward/track_linear_velocity: 0.0181
  Episode_Reward/track_angular_velocity: 0.0003
                 Episode_Reward/upright: 0.0188
                    Episode_Reward/pose: 0.0036
            Episode_Reward/body_ang_vel: -0.0363
        Episode_Reward/angular_momentum: -0.0000
          Episode_Reward/dof_pos_limits: -0.0031
          Episode_Reward/action_rate_l2: -0.0192
                Episode_Reward/air_time: 0.0038
          Episode_Reward/foot_clearance: -0.0005
       Episode_Reward/foot_swing_height: -0.0016
               Episode_Reward/foot_slip: -0.0002
         Episode_Reward/self_collisions: -0.0009
      Episode_Reward/head_pose_tracking: 0.0361
      Episode_Reward/body_pose_tracking: 0.0000
          Episode_Reward/head_pose_bias: 0.0000
        Episode_Metrics/mean_action_acc: 0.9515
          Curriculum/action_rate_weight: -0.1000
               Curriculum/standing_envs: 0.0200
             Curriculum/head_pose_range: 0.0700
             Curriculum/body_pose_range: 0.0500
                   Curriculum/com_range: 0.0030
              Curriculum/head_com_range: 0.0030
       Curriculum/head_pose_bias_weight: 0.0000
             Metrics/twist/error_vel_xy: 0.0242
            Metrics/twist/error_vel_yaw: 0.2019
           Episode_Termination/time_out: 0.0000
          Episode_Termination/fell_over: 146.7917
Episode_Termination/out_of_terrain_bounds: 0.0000
          Episode_Termination/nan_state: 0.0000
          Metrics/angular_momentum_mean: 0.0117
                  Metrics/air_time_mean: 0.0396
               Metrics/peak_height_mean: 0.0089
             Metrics/slip_velocity_mean: 0.2812
--------------------------------------------------------------------------------
                         Iteration time: 2.04s
                           Time elapsed: 00:00:11
                                    ETA: 00:14:31

################################################################################
[1m                            Learning iteration 5/400                            [0m 

                               Run name: hls2909-fix7
                            Total steps: 589824 
                       Steps per second: 47776 
                        Collection time: 1.906s 
                          Learning time: 0.152s 
                        Mean value loss: 0.0305
                    Mean surrogate loss: -0.0031
                      Mean entropy loss: 10.2639
                            Mean reward: 0.38
                    Mean episode length: 27.68
                        Mean action std: 0.50
   Episode_Reward/track_linear_velocity: 0.0181
  Episode_Reward/track_angular_velocity: 0.0003
                 Episode_Reward/upright: 0.0191
                    Episode_Reward/pose: 0.0036
            Episode_Reward/body_ang_vel: -0.0362
        Episode_Reward/angular_momentum: -0.0000
          Episode_Reward/dof_pos_limits: -0.0031
          Episode_Reward/action_rate_l2: -0.0192
                Episode_Reward/air_time: 0.0037
          Episode_Reward/foot_clearance: -0.0005
       Episode_Reward/foot_swing_height: -0.0016
               Episode_Reward/foot_slip: -0.0002
         Episode_Reward/self_collisions: -0.0009
      Episode_Reward/head_pose_tracking: 0.0362
      Episode_Reward/body_pose_tracking: 0.0000
          Episode_Reward/head_pose_bias: 0.0000
        Episode_Metrics/mean_action_acc: 0.9485
          Curriculum/action_rate_weight: -0.1000
               Curriculum/standing_envs: 0.0200
             Curriculum/head_pose_range: 0.0700
             Curriculum/body_pose_range: 0.0500
                   Curriculum/com_range: 0.0030
              Curriculum/head_com_range: 0.0030
       Curriculum/head_pose_bias_weight: 0.0000
             Metrics/twist/error_vel_xy: 0.0239
            Metrics/twist/error_vel_yaw: 0.2057
           Episode_Termination/time_out: 0.0000
          Episode_Termination/fell_over: 146.6667
Episode_Termination/out_of_terrain_bounds: 0.0000
          Episode_Termination/nan_state: 0.0000
          Metrics/angular_momentum_mean: 0.0116
                  Metrics/air_time_mean: 0.0394
               Metrics/peak_height_mean: 0.0088
             Metrics/slip_velocity_mean: 0.2795
--------------------------------------------------------------------------------
                         Iteration time: 2.06s
                           Time elapsed: 00:00:13
                                    ETA: 00:14:19

################################################################################
[1m                            Learning iteration 6/400                            [0m 

                               Run name: hls2909-fix7
                            Total steps: 688128 
                       Steps per second: 48221 
                        Collection time: 1.890s 
                          Learning time: 0.149s 
                        Mean value loss: 0.0314
                    Mean surrogate loss: -0.0023
                      Mean entropy loss: 10.2427
                            Mean reward: 0.34
                    Mean episode length: 28.96
                        Mean action std: 0.50
   Episode_Reward/track_linear_velocity: 0.0180
  Episode_Reward/track_angular_velocity: 0.0002
                 Episode_Reward/upright: 0.0187
                    Episode_Reward/pose: 0.0036
            Episode_Reward/body_ang_vel: -0.0367
        Episode_Reward/angular_momentum: -0.0000
          Episode_Reward/dof_pos_limits: -0.0031
          Episode_Reward/action_rate_l2: -0.0191
                Episode_Reward/air_time: 0.0038
          Episode_Reward/foot_clearance: -0.0005
       Episode_Reward/foot_swing_height: -0.0016
               Episode_Reward/foot_slip: -0.0002
         Episode_Reward/self_collisions: -0.0009
      Episode_Reward/head_pose_tracking: 0.0360
      Episode_Reward/body_pose_tracking: 0.0000
          Episode_Reward/head_pose_bias: 0.0000
        Episode_Metrics/mean_action_acc: 0.9438
          Curriculum/action_rate_weight: -0.1000
               Curriculum/standing_envs: 0.0200
             Curriculum/head_pose_range: 0.0700
             Curriculum/body_pose_range: 0.0500
                   Curriculum/com_range: 0.0030
              Curriculum/head_com_range: 0.0030
       Curriculum/head_pose_bias_weight: 0.0000
             Metrics/twist/error_vel_xy: 0.0244
            Metrics/twist/error_vel_yaw: 0.2066
           Episode_Termination/time_out: 0.0000
          Episode_Termination/fell_over: 146.0833
Episode_Termination/out_of_terrain_bounds: 0.0000
          Episode_Termination/nan_state: 0.0000
          Metrics/angular_momentum_mean: 0.0116
                  Metrics/air_time_mean: 0.0397
               Metrics/peak_height_mean: 0.0090
             Metrics/slip_velocity_mean: 0.2813
--------------------------------------------------------------------------------
                         Iteration time: 2.04s
                           Time elapsed: 00:00:15
                                    ETA: 00:14:09

################################################################################
[1m                            Learning iteration 7/400                            [0m 

                               Run name: hls2909-fix7
                            Total steps: 786432 
                       Steps per second: 48204 
                        Collection time: 1.889s 
                          Learning time: 0.151s 
                        Mean value loss: 0.0318
                    Mean surrogate loss: -0.0034
                      Mean entropy loss: 10.2166
                            Mean reward: 0.35
                    Mean episode length: 27.65
                        Mean action std: 0.50
   Episode_Reward/track_linear_velocity: 0.0178
  Episode_Reward/track_angular_velocity: 0.0003
                 Episode_Reward/upright: 0.0188
                    Episode_Reward/pose: 0.0035
            Episode_Reward/body_ang_vel: -0.0360
        Episode_Reward/angular_momentum: -0.0000
          Episode_Reward/dof_pos_limits: -0.0030
          Episode_Reward/action_rate_l2: -0.0188
                Episode_Reward/air_time: 0.0040
          Episode_Reward/foot_clearance: -0.0005
       Episode_Reward/foot_swing_height: -0.0016
               Episode_Reward/foot_slip: -0.0002
         Episode_Reward/self_collisions: -0.0009
      Episode_Reward/head_pose_tracking: 0.0358
      Episode_Reward/body_pose_tracking: 0.0000
          Episode_Reward/head_pose_bias: 0.0000
        Episode_Metrics/mean_action_acc: 0.9393
          Curriculum/action_rate_weight: -0.1000
               Curriculum/standing_envs: 0.0200
             Curriculum/head_pose_range: 0.0700
             Curriculum/body_pose_range: 0.0500
                   Curriculum/com_range: 0.0030
              Curriculum/head_com_range: 0.0030
       Curriculum/head_pose_bias_weight: 0.0000
             Metrics/twist/error_vel_xy: 0.0244
            Metrics/twist/error_vel_yaw: 0.2021
           Episode_Termination/time_out: 0.0000
          Episode_Termination/fell_over: 147.9167
Episode_Termination/out_of_terrain_bounds: 0.0000
          Episode_Termination/nan_state: 0.0000
          Metrics/angular_momentum_mean: 0.0117
                  Metrics/air_time_mean: 0.0399
               Metrics/peak_height_mean: 0.0089
             Metrics/slip_velocity_mean: 0.2809
--------------------------------------------------------------------------------
                         Iteration time: 2.04s
                           Time elapsed: 00:00:17
                                    ETA: 00:14:00

################################################################################
[1m                            Learning iteration 8/400                            [0m 

                               Run name: hls2909-fix7
                            Total steps: 884736 
                       Steps per second: 47752 
                        Collection time: 1.911s 
                          Learning time: 0.148s 
                        Mean value loss: 0.0276
                    Mean surrogate loss: -0.0028
                      Mean entropy loss: 10.1888
                            Mean reward: 0.31
                    Mean episode length: 28.05
                        Mean action std: 0.50
   Episode_Reward/track_linear_velocity: 0.0178
  Episode_Reward/track_angular_velocity: 0.0003
                 Episode_Reward/upright: 0.0188
                    Episode_Reward/pose: 0.0035
            Episode_Reward/body_ang_vel: -0.0366
        Episode_Reward/angular_momentum: -0.0000
          Episode_Reward/dof_pos_limits: -0.0030
          Episode_Reward/action_rate_l2: -0.0187
                Episode_Reward/air_time: 0.0039
          Episode_Reward/foot_clearance: -0.0005
       Episode_Reward/foot_swing_height: -0.0016
               Episode_Reward/foot_slip: -0.0002
         Episode_Reward/self_collisions: -0.0008
      Episode_Reward/head_pose_tracking: 0.0360
      Episode_Reward/body_pose_tracking: 0.0000
          Episode_Reward/head_pose_bias: 0.0000
        Episode_Metrics/mean_action_acc: 0.9349
          Curriculum/action_rate_weight: -0.1000
               Curriculum/standing_envs: 0.0200
             Curriculum/head_pose_range: 0.0700
             Curriculum/body_pose_range: 0.0500
                   Curriculum/com_range: 0.0030
              Curriculum/head_com_range: 0.0030
       Curriculum/head_pose_bias_weight: 0.0000
             Metrics/twist/error_vel_xy: 0.0241
            Metrics/twist/error_vel_yaw: 0.2029
           Episode_Termination/time_out: 0.0000
          Episode_Termination/fell_over: 149.2500
Episode_Termination/out_of_terrain_bounds: 0.0000
          Episode_Termination/nan_state: 0.0000
          Metrics/angular_momentum_mean: 0.0117
                  Metrics/air_time_mean: 0.0396
               Metrics/peak_height_mean: 0.0090
             Metrics/slip_velocity_mean: 0.2819
--------------------------------------------------------------------------------
                         Iteration time: 2.06s
                           Time elapsed: 00:00:19
                                    ETA: 00:13:55

################################################################################
[1m                            Learning iteration 9/400                            [0m 

                               Run name: hls2909-fix7
                            Total steps: 983040 
                       Steps per second: 48137 
                        Collection time: 1.898s 
                          Learning time: 0.144s 
                        Mean value loss: 0.0336
                    Mean surrogate loss: -0.0028
                      Mean entropy loss: 10.1806
                            Mean reward: 0.38
                    Mean episode length: 26.93
                        Mean action std: 0.50
   Episode_Reward/track_linear_velocity: 0.0177
  Episode_Reward/track_angular_velocity: 0.0003
                 Episode_Reward/upright: 0.0188
                    Episode_Reward/pose: 0.0036
            Episode_Reward/body_ang_vel: -0.0362
        Episode_Reward/angular_momentum: -0.0000
          Episode_Reward/dof_pos_limits: -0.0031
          Episode_Reward/action_rate_l2: -0.0186
                Episode_Reward/air_time: 0.0041
          Episode_Reward/foot_clearance: -0.0005
       Episode_Reward/foot_swing_height: -0.0016
               Episode_Reward/foot_slip: -0.0002
         Episode_Reward/self_collisions: -0.0009
      Episode_Reward/head_pose_tracking: 0.0358
      Episode_Reward/body_pose_tracking: 0.0000
          Episode_Reward/head_pose_bias: 0.0000
        Episode_Metrics/mean_action_acc: 0.9322
          Curriculum/action_rate_weight: -0.1000
               Curriculum/standing_envs: 0.0200
             Curriculum/head_pose_range: 0.0700
             Curriculum/body_pose_range: 0.0500
                   Curriculum/com_range: 0.0030
              Curriculum/head_com_range: 0.0030
       Curriculum/head_pose_bias_weight: 0.0000
             Metrics/twist/error_vel_xy: 0.0243
            Metrics/twist/error_vel_yaw: 0.2021
           Episode_Termination/time_out: 0.0000
          Episode_Termination/fell_over: 148.1250
Episode_Termination/out_of_terrain_bounds: 0.0000
          Episode_Termination/nan_state: 0.0000
          Metrics/angular_momentum_mean: 0.0117
                  Metrics/air_time_mean: 0.0400
               Metrics/peak_height_mean: 0.0090
             Metrics/slip_velocity_mean: 0.2821
--------------------------------------------------------------------------------
                         Iteration time: 2.04s
                           Time elapsed: 00:00:21
                                    ETA: 00:13:49

################################################################################
[1m                           Learning iteration 10/400                            [0m 

                               Run name: hls2909-fix7
                            Total steps: 1081344 
                       Steps per second: 47633 
                        Collection time: 1.910s 
                          Learning time: 0.154s 
                        Mean value loss: 0.0281
                    Mean surrogate loss: -0.0030
                      Mean entropy loss: 10.1715
                            Mean reward: 0.38
                    Mean episode length: 27.48
                        Mean action std: 0.50
   Episode_Reward/track_linear_velocity: 0.0175
  Episode_Reward/track_angular_velocity: 0.0003
                 Episode_Reward/upright: 0.0188
                    Episode_Reward/pose: 0.0036
            Episode_Reward/body_ang_vel: -0.0368
        Episode_Reward/angular_momentum: -0.0000
          Episode_Reward/dof_pos_limits: -0.0030
          Episode_Reward/action_rate_l2: -0.0183
                Episode_Reward/air_time: 0.0038
          Episode_Reward/foot_clearance: -0.0005
       Episode_Reward/foot_swing_height: -0.0016
               Episode_Reward/foot_slip: -0.0002
         Episode_Reward/self_collisions: -0.0008
      Episode_Reward/head_pose_tracking: 0.0357
      Episode_Reward/body_pose_tracking: 0.0000
          Episode_Reward/head_pose_bias: 0.0000
        Episode_Metrics/mean_action_acc: 0.9282
          Curriculum/action_rate_weight: -0.1000
               Curriculum/standing_envs: 0.0200
             Curriculum/head_pose_range: 0.0700
             Curriculum/body_pose_range: 0.0500
                   Curriculum/com_range: 0.0030
              Curriculum/head_com_range: 0.0030
       Curriculum/head_pose_bias_weight: 0.0000
             Metrics/twist/error_vel_xy: 0.0241
            Metrics/twist/error_vel_yaw: 0.1973
           Episode_Termination/time_out: 0.0000
          Episode_Termination/fell_over: 145.8333
Episode_Termination/out_of_terrain_bounds: 0.0000
          Episode_Termination/nan_state: 0.0000
          Metrics/angular_momentum_mean: 0.0116
                  Metrics/air_time_mean: 0.0398
               Metrics/peak_height_mean: 0.0089
             Metrics/slip_velocity_mean: 0.2828
--------------------------------------------------------------------------------
                         Iteration time: 2.06s
                           Time elapsed: 00:00:23
                                    ETA: 00:13:44

################################################################################
[1m                           Learning iteration 11/400                            [0m 

                               Run name: hls2909-fix7
                            Total steps: 1179648 
                       Steps per second: 47953 
                        Collection time: 1.902s 
                          Learning time: 0.148s 
                        Mean value loss: 0.0268
                    Mean surrogate loss: -0.0017
                      Mean entropy loss: 10.1673
                            Mean reward: 0.36
                    Mean episode length: 27.06
                        Mean action std: 0.50
   Episode_Reward/track_linear_velocity: 0.0179
  Episode_Reward/track_angular_velocity: 0.0003
                 Episode_Reward/upright: 0.0189
                    Episode_Reward/pose: 0.0036
            Episode_Reward/body_ang_vel: -0.0362
        Episode_Reward/angular_momentum: -0.0000
          Episode_Reward/dof_pos_limits: -0.0030
          Episode_Reward/action_rate_l2: -0.0183
                Episode_Reward/air_time: 0.0039
          Episode_Reward/foot_clearance: -0.0005
       Episode_Reward/foot_swing_height: -0.0016
               Episode_Reward/foot_slip: -0.0002
         Episode_Reward/self_collisions: -0.0009
      Episode_Reward/head_pose_tracking: 0.0361
      Episode_Reward/body_pose_tracking: 0.0000
          Episode_Reward/head_pose_bias: 0.0000
        Episode_Metrics/mean_action_acc: 0.9248
          Curriculum/action_rate_weight: -0.1000
               Curriculum/standing_envs: 0.0200
             Curriculum/head_pose_range: 0.0700
             Curriculum/body_pose_range: 0.0500
                   Curriculum/com_range: 0.0030
              Curriculum/head_com_range: 0.0030
       Curriculum/head_pose_bias_weight: 0.0000
             Metrics/twist/error_vel_xy: 0.0241
            Metrics/twist/error_vel_yaw: 0.1997
           Episode_Termination/time_out: 0.0000
          Episode_Termination/fell_over: 148.3750
Episode_Termination/out_of_terrain_bounds: 0.0000
          Episode_Termination/nan_state: 0.0000
          Metrics/angular_momentum_mean: 0.0118
                  Metrics/air_time_mean: 0.0398
               Metrics/peak_height_mean: 0.0089
             Metrics/slip_velocity_mean: 0.2825
--------------------------------------------------------------------------------
                         Iteration time: 2.05s
                           Time elapsed: 00:00:25
                                    ETA: 00:13:40

################################################################################
[1m                           Learning iteration 12/400                            [0m 

                               Run name: hls2909-fix7
                            Total steps: 1277952 
                       Steps per second: 47047 
                        Collection time: 1.940s 
                          Learning time: 0.149s 
                        Mean value loss: 0.0273
                    Mean surrogate loss: -0.0030
                      Mean entropy loss: 10.1635
                            Mean reward: 0.40
                    Mean episode length: 28.19
                        Mean action std: 0.50
   Episode_Reward/track_linear_velocity: 0.0178
  Episode_Reward/track_angular_velocity: 0.0003
                 Episode_Reward/upright: 0.0189
                    Episode_Reward/pose: 0.0036
            Episode_Reward/body_ang_vel: -0.0369
        Episode_Reward/angular_momentum: -0.0000
          Episode_Reward/dof_pos_limits: -0.0031
          Episode_Reward/action_rate_l2: -0.0182
                Episode_Reward/air_time: 0.0040
          Episode_Reward/foot_clearance: -0.0005
       Episode_Reward/foot_swing_height: -0.0016
               Episode_Reward/foot_slip: -0.0002
         Episode_Reward/self_collisions: -0.0009
      Episode_Reward/head_pose_tracking: 0.0359
      Episode_Reward/body_pose_tracking: 0.0000
          Episode_Reward/head_pose_bias: 0.0000
        Episode_Metrics/mean_action_acc: 0.9217
          Curriculum/action_rate_weight: -0.1000
               Curriculum/standing_envs: 0.0200
             Curriculum/head_pose_range: 0.0700
             Curriculum/body_pose_range: 0.0500
                   Curriculum/com_range: 0.0030
              Curriculum/head_com_range: 0.0030
       Curriculum/head_pose_bias_weight: 0.0000
             Metrics/twist/error_vel_xy: 0.0241
            Metrics/twist/error_vel_yaw: 0.2021
           Episode_Termination/time_out: 0.0000
          Episode_Termination/fell_over: 147.2917
Episode_Termination/out_of_terrain_bounds: 0.0000
          Episode_Termination/nan_state: 0.0000
          Metrics/angular_momentum_mean: 0.0117
                  Metrics/air_time_mean: 0.0403
               Metrics/peak_height_mean: 0.0089
             Metrics/slip_velocity_mean: 0.2811
--------------------------------------------------------------------------------
                         Iteration time: 2.09s
                           Time elapsed: 00:00:27
                                    ETA: 00:13:37

################################################################################
[1m                           Learning iteration 13/400                            [0m 

                               Run name: hls2909-fix7
                            Total steps: 1376256 
                       Steps per second: 47286 
                        Collection time: 1.930s 
                          Learning time: 0.149s 
                        Mean value loss: 0.0261
                    Mean surrogate loss: -0.0038
                      Mean entropy loss: 10.1641
                            Mean reward: 0.35
                    Mean episode length: 27.89
                        Mean action std: 0.50
   Episode_Reward/track_linear_velocity: 0.0183
  Episode_Reward/track_angular_velocity: 0.0003
                 Episode_Reward/upright: 0.0189
                    Episode_Reward/pose: 0.0035
            Episode_Reward/body_ang_vel: -0.0363
        Episode_Reward/angular_momentum: -0.0000
          Episode_Reward/dof_pos_limits: -0.0031
          Episode_Reward/action_rate_l2: -0.0184
                Episode_Reward/air_time: 0.0041
          Episode_Reward/foot_clearance: -0.0005
       Episode_Reward/foot_swing_height: -0.0016
               Episode_Reward/foot_slip: -0.0002
         Episode_Reward/self_collisions: -0.0008
      Episode_Reward/head_pose_tracking: 0.0362
      Episode_Reward/body_pose_tracking: 0.0000
          Episode_Reward/head_pose_bias: 0.0000
        Episode_Metrics/mean_action_acc: 0.9212
          Curriculum/action_rate_weight: -0.1000
               Curriculum/standing_envs: 0.0200
             Curriculum/head_pose_range: 0.0700
             Curriculum/body_pose_range: 0.0500
                   Curriculum/com_range: 0.0030
              Curriculum/head_com_range: 0.0030
       Curriculum/head_pose_bias_weight: 0.0000
             Metrics/twist/error_vel_xy: 0.0241
            Metrics/twist/error_vel_yaw: 0.2008
           Episode_Termination/time_out: 0.0000
          Episode_Termination/fell_over: 146.5833
Episode_Termination/out_of_terrain_bounds: 0.0000
          Episode_Termination/nan_state: 0.0000
          Metrics/angular_momentum_mean: 0.0116
                  Metrics/air_time_mean: 0.0398
               Metrics/peak_height_mean: 0.0089
             Metrics/slip_velocity_mean: 0.2827
--------------------------------------------------------------------------------
                         Iteration time: 2.08s
                           Time elapsed: 00:00:29
                                    ETA: 00:13:34

################################################################################
[1m                           Learning iteration 14/400                            [0m 

                               Run name: hls2909-fix7
                            Total steps: 1474560 
                       Steps per second: 47527 
                        Collection time: 1.918s 
                          Learning time: 0.151s 
                        Mean value loss: 0.0255
                    Mean surrogate loss: -0.0040
                      Mean entropy loss: 10.1588
                            Mean reward: 0.44
                    Mean episode length: 28.05
                        Mean action std: 0.50
   Episode_Reward/track_linear_velocity: 0.0182
  Episode_Reward/track_angular_velocity: 0.0003
                 Episode_Reward/upright: 0.0190
                    Episode_Reward/pose: 0.0036
            Episode_Reward/body_ang_vel: -0.0363
        Episode_Reward/angular_momentum: -0.0000
          Episode_Reward/dof_pos_limits: -0.0031
          Episode_Reward/action_rate_l2: -0.0181
                Episode_Reward/air_time: 0.0038
          Episode_Reward/foot_clearance: -0.0005
       Episode_Reward/foot_swing_height: -0.0016
               Episode_Reward/foot_slip: -0.0002
         Episode_Reward/self_collisions: -0.0009
      Episode_Reward/head_pose_tracking: 0.0359
      Episode_Reward/body_pose_tracking: 0.0000
          Episode_Reward/head_pose_bias: 0.0000
        Episode_Metrics/mean_action_acc: 0.9158
          Curriculum/action_rate_weight: -0.1000
               Curriculum/standing_envs: 0.0200
             Curriculum/head_pose_range: 0.0700
             Curriculum/body_pose_range: 0.0500
                   Curriculum/com_range: 0.0030
              Curriculum/head_com_range: 0.0030
       Curriculum/head_pose_bias_weight: 0.0000
             Metrics/twist/error_vel_xy: 0.0239
            Metrics/twist/error_vel_yaw: 0.2021
           Episode_Termination/time_out: 0.0000
          Episode_Termination/fell_over: 148.1667
Episode_Termination/out_of_terrain_bounds: 0.0000
          Episode_Termination/nan_state: 0.0000
          Metrics/angular_momentum_mean: 0.0117
                  Metrics/air_time_mean: 0.0395
               Metrics/peak_height_mean: 0.0089
             Metrics/slip_velocity_mean: 0.2765
--------------------------------------------------------------------------------
                         Iteration time: 2.07s
                           Time elapsed: 00:00:31
                                    ETA: 00:13:31

################################################################################
[1m                           Learning iteration 15/400                            [0m 

                               Run name: hls2909-fix7
                            Total steps: 1572864 
                       Steps per second: 47499 
                        Collection time: 1.921s 
                          Learning time: 0.149s 
                        Mean value loss: 0.0273
                    Mean surrogate loss: -0.0031
                      Mean entropy loss: 10.1796
                            Mean reward: 0.43
                    Mean episode length: 28.12
                        Mean action std: 0.50
   Episode_Reward/track_linear_velocity: 0.0180
  Episode_Reward/track_angular_velocity: 0.0002
                 Episode_Reward/upright: 0.0189
                    Episode_Reward/pose: 0.0036
            Episode_Reward/body_ang_vel: -0.0370
        Episode_Reward/angular_momentum: -0.0000
          Episode_Reward/dof_pos_limits: -0.0031
          Episode_Reward/action_rate_l2: -0.0181
                Episode_Reward/air_time: 0.0039
          Episode_Reward/foot_clearance: -0.0005
       Episode_Reward/foot_swing_height: -0.0016
               Episode_Reward/foot_slip: -0.0002
         Episode_Reward/self_collisions: -0.0008
      Episode_Reward/head_pose_tracking: 0.0361
      Episode_Reward/body_pose_tracking: 0.0000
          Episode_Reward/head_pose_bias: 0.0000
        Episode_Metrics/mean_action_acc: 0.9136
          Curriculum/action_rate_weight: -0.1000
               Curriculum/standing_envs: 0.0200
             Curriculum/head_pose_range: 0.0700
             Curriculum/body_pose_range: 0.0500
                   Curriculum/com_range: 0.0030
              Curriculum/head_com_range: 0.0030
       Curriculum/head_pose_bias_weight: 0.0000
             Metrics/twist/error_vel_xy: 0.0242
            Metrics/twist/error_vel_yaw: 0.2001
           Episode_Termination/time_out: 0.0000
          Episode_Termination/fell_over: 148.0833
Episode_Termination/out_of_terrain_bounds: 0.0000
          Episode_Termination/nan_state: 0.0000
          Metrics/angular_momentum_mean: 0.0117
                  Metrics/air_time_mean: 0.0397
               Metrics/peak_height_mean: 0.0089
             Metrics/slip_velocity_mean: 0.2803
--------------------------------------------------------------------------------
                         Iteration time: 2.07s
                           Time elapsed: 00:00:33
                                    ETA: 00:13:28

################################################################################
[1m                           Learning iteration 16/400                            [0m 

                               Run name: hls2909-fix7
                            Total steps: 1671168 
                       Steps per second: 47706 
                        Collection time: 1.912s 
                          Learning time: 0.148s 
                        Mean value loss: 0.0262
                    Mean surrogate loss: -0.0050
                      Mean entropy loss: 10.1668
                            Mean reward: 0.39
                    Mean episode length: 28.14
                        Mean action std: 0.50
   Episode_Reward/track_linear_velocity: 0.0175
  Episode_Reward/track_angular_velocity: 0.0003
                 Episode_Reward/upright: 0.0189
                    Episode_Reward/pose: 0.0036
            Episode_Reward/body_ang_vel: -0.0365
        Episode_Reward/angular_momentum: -0.0000
          Episode_Reward/dof_pos_limits: -0.0030
          Episode_Reward/action_rate_l2: -0.0178
                Episode_Reward/air_time: 0.0039
          Episode_Reward/foot_clearance: -0.0005
       Episode_Reward/foot_swing_height: -0.0016
               Episode_Reward/foot_slip: -0.0002
         Episode_Reward/self_collisions: -0.0008
      Episode_Reward/head_pose_tracking: 0.0360
      Episode_Reward/body_pose_tracking: 0.0000
          Episode_Reward/head_pose_bias: 0.0000
        Episode_Metrics/mean_action_acc: 0.9086
          Curriculum/action_rate_weight: -0.1000
               Curriculum/standing_envs: 0.0200
             Curriculum/head_pose_range: 0.0700
             Curriculum/body_pose_range: 0.0500
                   Curriculum/com_range: 0.0030
              Curriculum/head_com_range: 0.0030
       Curriculum/head_pose_bias_weight: 0.0000
             Metrics/twist/error_vel_xy: 0.0242
            Metrics/twist/error_vel_yaw: 0.2021
           Episode_Termination/time_out: 0.0000
          Episode_Termination/fell_over: 147.2917
Episode_Termination/out_of_terrain_bounds: 0.0000
          Episode_Termination/nan_state: 0.0000
          Metrics/angular_momentum_mean: 0.0118
                  Metrics/air_time_mean: 0.0399
               Metrics/peak_height_mean: 0.0088
             Metrics/slip_velocity_mean: 0.2793
--------------------------------------------------------------------------------
                         Iteration time: 2.06s
                           Time elapsed: 00:00:35
                                    ETA: 00:13:25

################################################################################
[1m                           Learning iteration 17/400                            [0m 

                               Run name: hls2909-fix7
                            Total steps: 1769472 
                       Steps per second: 47552 
                        Collection time: 1.917s 
                          Learning time: 0.150s 
                        Mean value loss: 0.0275
                    Mean surrogate loss: -0.0035
                      Mean entropy loss: 10.1585
                            Mean reward: 0.42
                    Mean episode length: 26.86
                        Mean action std: 0.50
   Episode_Reward/track_linear_velocity: 0.0180
  Episode_Reward/track_angular_velocity: 0.0003
                 Episode_Reward/upright: 0.0190
                    Episode_Reward/pose: 0.0037
            Episode_Reward/body_ang_vel: -0.0361
        Episode_Reward/angular_momentum: -0.0000
          Episode_Reward/dof_pos_limits: -0.0031
          Episode_Reward/action_rate_l2: -0.0178
                Episode_Reward/air_time: 0.0039
          Episode_Reward/foot_clearance: -0.0005
       Episode_Reward/foot_swing_height: -0.0016
               Episode_Reward/foot_slip: -0.0002
         Episode_Reward/self_collisions: -0.0008
      Episode_Reward/head_pose_tracking: 0.0358
      Episode_Reward/body_pose_tracking: 0.0000
          Episode_Reward/head_pose_bias: 0.0000
        Episode_Metrics/mean_action_acc: 0.9078
          Curriculum/action_rate_weight: -0.1000
               Curriculum/standing_envs: 0.0200
             Curriculum/head_pose_range: 0.0700
             Curriculum/body_pose_range: 0.0500
                   Curriculum/com_range: 0.0030
              Curriculum/head_com_range: 0.0030
       Curriculum/head_pose_bias_weight: 0.0000
             Metrics/twist/error_vel_xy: 0.0242
            Metrics/twist/error_vel_yaw: 0.2034
           Episode_Termination/time_out: 0.0000
          Episode_Termination/fell_over: 147.0833
Episode_Termination/out_of_terrain_bounds: 0.0000
          Episode_Termination/nan_state: 0.0000
          Metrics/angular_momentum_mean: 0.0117
                  Metrics/air_time_mean: 0.0399
               Metrics/peak_height_mean: 0.0089
             Metrics/slip_velocity_mean: 0.2815
--------------------------------------------------------------------------------
                         Iteration time: 2.07s
                           Time elapsed: 00:00:37
                                    ETA: 00:13:22

################################################################################
[1m                           Learning iteration 18/400                            [0m 

                               Run name: hls2909-fix7
                            Total steps: 1867776 
                       Steps per second: 47248 
                        Collection time: 1.932s 
                          Learning time: 0.149s 
                        Mean value loss: 0.0248
                    Mean surrogate loss: -0.0057
                      Mean entropy loss: 10.1386
                            Mean reward: 0.44
                    Mean episode length: 26.85
                        Mean action std: 0.50
   Episode_Reward/track_linear_velocity: 0.0177
  Episode_Reward/track_angular_velocity: 0.0002
                 Episode_Reward/upright: 0.0188
                    Episode_Reward/pose: 0.0037
            Episode_Reward/body_ang_vel: -0.0363
        Episode_Reward/angular_momentum: -0.0000
          Episode_Reward/dof_pos_limits: -0.0030
          Episode_Reward/action_rate_l2: -0.0177
                Episode_Reward/air_time: 0.0039
          Episode_Reward/foot_clearance: -0.0005
       Episode_Reward/foot_swing_height: -0.0016
               Episode_Reward/foot_slip: -0.0002
         Episode_Reward/self_collisions: -0.0009
      Episode_Reward/head_pose_tracking: 0.0359
      Episode_Reward/body_pose_tracking: 0.0000
          Episode_Reward/head_pose_bias: 0.0000
        Episode_Metrics/mean_action_acc: 0.9048
          Curriculum/action_rate_weight: -0.1000
               Curriculum/standing_envs: 0.0200
             Curriculum/head_pose_range: 0.0700
             Curriculum/body_pose_range: 0.0500
                   Curriculum/com_range: 0.0030
              Curriculum/head_com_range: 0.0030
       Curriculum/head_pose_bias_weight: 0.0000
             Metrics/twist/error_vel_xy: 0.0242
            Metrics/twist/error_vel_yaw: 0.2026
           Episode_Termination/time_out: 0.0000
          Episode_Termination/fell_over: 149.2917
Episode_Termination/out_of_terrain_bounds: 0.0000
          Episode_Termination/nan_state: 0.0000
          Metrics/angular_momentum_mean: 0.0117
                  Metrics/air_time_mean: 0.0397
               Metrics/peak_height_mean: 0.0090
             Metrics/slip_velocity_mean: 0.2842
--------------------------------------------------------------------------------
                         Iteration time: 2.08s
                           Time elapsed: 00:00:39
                                    ETA: 00:13:19

################################################################################
[1m                           Learning iteration 19/400                            [0m 

                               Run name: hls2909-fix7
                            Total steps: 1966080 
                       Steps per second: 47327 
                        Collection time: 1.931s 
                          Learning time: 0.146s 
                        Mean value loss: 0.0250
                    Mean surrogate loss: -0.0038
                      Mean entropy loss: 10.1391
                            Mean reward: 0.42
                    Mean episode length: 28.84
                        Mean action std: 0.50
   Episode_Reward/track_linear_velocity: 0.0178
  Episode_Reward/track_angular_velocity: 0.0002
                 Episode_Reward/upright: 0.0189
                    Episode_Reward/pose: 0.0036
            Episode_Reward/body_ang_vel: -0.0364
        Episode_Reward/angular_momentum: -0.0000
          Episode_Reward/dof_pos_limits: -0.0030
          Episode_Reward/action_rate_l2: -0.0176
                Episode_Reward/air_time: 0.0040
          Episode_Reward/foot_clearance: -0.0005
       Episode_Reward/foot_swing_height: -0.0016
               Episode_Reward/foot_slip: -0.0002
         Episode_Reward/self_collisions: -0.0009
      Episode_Reward/head_pose_tracking: 0.0357
      Episode_Reward/body_pose_tracking: 0.0000
          Episode_Reward/head_pose_bias: 0.0000
        Episode_Metrics/mean_action_acc: 0.9030
          Curriculum/action_rate_weight: -0.1000
               Curriculum/standing_envs: 0.0200
             Curriculum/head_pose_range: 0.0700
             Curriculum/body_pose_range: 0.0500
                   Curriculum/com_range: 0.0030
              Curriculum/head_com_range: 0.0030
       Curriculum/head_pose_bias_weight: 0.0000
             Metrics/twist/error_vel_xy: 0.0237
            Metrics/twist/error_vel_yaw: 0.2031
           Episode_Termination/time_out: 0.0000
          Episode_Termination/fell_over: 145.8333
Episode_Termination/out_of_terrain_bounds: 0.0000
          Episode_Termination/nan_state: 0.0000
          Metrics/angular_momentum_mean: 0.0117
                  Metrics/air_time_mean: 0.0401
               Metrics/peak_height_mean: 0.0089
             Metrics/slip_velocity_mean: 0.2821
--------------------------------------------------------------------------------
                         Iteration time: 2.08s
                           Time elapsed: 00:00:41
                                    ETA: 00:13:17

################################################################################
[1m                           Learning iteration 20/400                            [0m 

                               Run name: hls2909-fix7
                            Total steps: 2064384 
                       Steps per second: 47391 
                        Collection time: 1.926s 
                          Learning time: 0.148s 
                        Mean value loss: 0.0244
                    Mean surrogate loss: -0.0058
                      Mean entropy loss: 10.1146
                            Mean reward: 0.35
                    Mean episode length: 26.75
                        Mean action std: 0.50
   Episode_Reward/track_linear_velocity: 0.0176
  Episode_Reward/track_angular_velocity: 0.0003
                 Episode_Reward/upright: 0.0187
                    Episode_Reward/pose: 0.0035
            Episode_Reward/body_ang_vel: -0.0365
        Episode_Reward/angular_momentum: -0.0000
          Episode_Reward/dof_pos_limits: -0.0031
          Episode_Reward/action_rate_l2: -0.0175
                Episode_Reward/air_time: 0.0041
          Episode_Reward/foot_clearance: -0.0005
       Episode_Reward/foot_swing_height: -0.0016
               Episode_Reward/foot_slip: -0.0002
         Episode_Reward/self_collisions: -0.0009
      Episode_Reward/head_pose_tracking: 0.0357
      Episode_Reward/body_pose_tracking: 0.0000
          Episode_Reward/head_pose_bias: 0.0000
        Episode_Metrics/mean_action_acc: 0.8985
          Curriculum/action_rate_weight: -0.1000
               Curriculum/standing_envs: 0.0200
             Curriculum/head_pose_range: 0.0700
             Curriculum/body_pose_range: 0.0500
                   Curriculum/com_range: 0.0030
              Curriculum/head_com_range: 0.0030
       Curriculum/head_pose_bias_weight: 0.0000
             Metrics/twist/error_vel_xy: 0.0242
            Metrics/twist/error_vel_yaw: 0.2031
           Episode_Termination/time_out: 0.0000
          Episode_Termination/fell_over: 146.3750
Episode_Termination/out_of_terrain_bounds: 0.0000
          Episode_Termination/nan_state: 0.0000
          Metrics/angular_momentum_mean: 0.0116
                  Metrics/air_time_mean: 0.0401
               Metrics/peak_height_mean: 0.0090
             Metrics/slip_velocity_mean: 0.2845
--------------------------------------------------------------------------------
                         Iteration time: 2.07s
                           Time elapsed: 00:00:44
                                    ETA: 00:13:14

################################################################################
[1m                           Learning iteration 21/400                            [0m 

                               Run name: hls2909-fix7
                            Total steps: 2162688 
                       Steps per second: 47708 
                        Collection time: 1.914s 
                          Learning time: 0.146s 
                        Mean value loss: 0.0258
                    Mean surrogate loss: -0.0049
                      Mean entropy loss: 10.1049
                            Mean reward: 0.45
                    Mean episode length: 27.60
                        Mean action std: 0.50
   Episode_Reward/track_linear_velocity: 0.0180
  Episode_Reward/track_angular_velocity: 0.0003
                 Episode_Reward/upright: 0.0190
                    Episode_Reward/pose: 0.0035
            Episode_Reward/body_ang_vel: -0.0363
        Episode_Reward/angular_momentum: -0.0000
          Episode_Reward/dof_pos_limits: -0.0031
          Episode_Reward/action_rate_l2: -0.0175
                Episode_Reward/air_time: 0.0039
          Episode_Reward/foot_clearance: -0.0005
       Episode_Reward/foot_swing_height: -0.0016
               Episode_Reward/foot_slip: -0.0002
         Episode_Reward/self_collisions: -0.0009
      Episode_Reward/head_pose_tracking: 0.0359
      Episode_Reward/body_pose_tracking: 0.0000
          Episode_Reward/head_pose_bias: 0.0000
        Episode_Metrics/mean_action_acc: 0.8963
          Curriculum/action_rate_weight: -0.1000
               Curriculum/standing_envs: 0.0200
             Curriculum/head_pose_range: 0.0700
             Curriculum/body_pose_range: 0.0500
                   Curriculum/com_range: 0.0030
              Curriculum/head_com_range: 0.0030
       Curriculum/head_pose_bias_weight: 0.0000
             Metrics/twist/error_vel_xy: 0.0240
            Metrics/twist/error_vel_yaw: 0.1995
           Episode_Termination/time_out: 0.0000
          Episode_Termination/fell_over: 150.5417
Episode_Termination/out_of_terrain_bounds: 0.0000
          Episode_Termination/nan_state: 0.0000
          Metrics/angular_momentum_mean: 0.0118
                  Metrics/air_time_mean: 0.0398
               Metrics/peak_height_mean: 0.0090
             Metrics/slip_velocity_mean: 0.2845
--------------------------------------------------------------------------------
                         Iteration time: 2.06s
                           Time elapsed: 00:00:46
                                    ETA: 00:13:12

################################################################################
[1m                           Learning iteration 22/400                            [0m 

                               Run name: hls2909-fix7
                            Total steps: 2260992 
                       Steps per second: 47524 
                        Collection time: 1.920s 
                          Learning time: 0.148s 
                        Mean value loss: 0.0251
                    Mean surrogate loss: -0.0057
                      Mean entropy loss: 10.0910
                            Mean reward: 0.37
                    Mean episode length: 26.71
                        Mean action std: 0.50
   Episode_Reward/track_linear_velocity: 0.0180
  Episode_Reward/track_angular_velocity: 0.0003
                 Episode_Reward/upright: 0.0189
                    Episode_Reward/pose: 0.0036
            Episode_Reward/body_ang_vel: -0.0371
        Episode_Reward/angular_momentum: -0.0000
          Episode_Reward/dof_pos_limits: -0.0030
          Episode_Reward/action_rate_l2: -0.0174
                Episode_Reward/air_time: 0.0038
          Episode_Reward/foot_clearance: -0.0005
       Episode_Reward/foot_swing_height: -0.0016
               Episode_Reward/foot_slip: -0.0002
         Episode_Reward/self_collisions: -0.0007
      Episode_Reward/head_pose_tracking: 0.0361
      Episode_Reward/body_pose_tracking: 0.0000
          Episode_Reward/head_pose_bias: 0.0000
        Episode_Metrics/mean_action_acc: 0.8921
          Curriculum/action_rate_weight: -0.1000
               Curriculum/standing_envs: 0.0200
             Curriculum/head_pose_range: 0.0700
             Curriculum/body_pose_range: 0.0500
                   Curriculum/com_range: 0.0030
              Curriculum/head_com_range: 0.0030
       Curriculum/head_pose_bias_weight: 0.0000
             Metrics/twist/error_vel_xy: 0.0238
            Metrics/twist/error_vel_yaw: 0.2018
           Episode_Termination/time_out: 0.0000
          Episode_Termination/fell_over: 146.9583
Episode_Termination/out_of_terrain_bounds: 0.0000
          Episode_Termination/nan_state: 0.0000
          Metrics/angular_momentum_mean: 0.0117
                  Metrics/air_time_mean: 0.0398
               Metrics/peak_height_mean: 0.0090
             Metrics/slip_velocity_mean: 0.2833
--------------------------------------------------------------------------------
                         Iteration time: 2.07s
                           Time elapsed: 00:00:48
                                    ETA: 00:13:09

################################################################################
[1m                           Learning iteration 23/400                            [0m 

                               Run name: hls2909-fix7
                            Total steps: 2359296 
                       Steps per second: 47583 
                        Collection time: 1.920s 
                          Learning time: 0.146s 
                        Mean value loss: 0.0243
                    Mean surrogate loss: -0.0071
                      Mean entropy loss: 10.0862
                            Mean reward: 0.42
                    Mean episode length: 29.05
                        Mean action std: 0.50
   Episode_Reward/track_linear_velocity: 0.0180
  Episode_Reward/track_angular_velocity: 0.0002
                 Episode_Reward/upright: 0.0193
                    Episode_Reward/pose: 0.0036
            Episode_Reward/body_ang_vel: -0.0362
        Episode_Reward/angular_momentum: -0.0000
          Episode_Reward/dof_pos_limits: -0.0032
          Episode_Reward/action_rate_l2: -0.0175
                Episode_Reward/air_time: 0.0041
          Episode_Reward/foot_clearance: -0.0005
       Episode_Reward/foot_swing_height: -0.0016
               Episode_Reward/foot_slip: -0.0002
         Episode_Reward/self_collisions: -0.0009
      Episode_Reward/head_pose_tracking: 0.0362
      Episode_Reward/body_pose_tracking: 0.0000
          Episode_Reward/head_pose_bias: 0.0000
        Episode_Metrics/mean_action_acc: 0.8893
          Curriculum/action_rate_weight: -0.1000
               Curriculum/standing_envs: 0.0200
             Curriculum/head_pose_range: 0.0700
             Curriculum/body_pose_range: 0.0500
                   Curriculum/com_range: 0.0030
              Curriculum/head_com_range: 0.0030
       Curriculum/head_pose_bias_weight: 0.0000
             Metrics/twist/error_vel_xy: 0.0242
            Metrics/twist/error_vel_yaw: 0.2034
           Episode_Termination/time_out: 0.0000
          Episode_Termination/fell_over: 146.2083
Episode_Termination/out_of_terrain_bounds: 0.0000
          Episode_Termination/nan_state: 0.0000
          Metrics/angular_momentum_mean: 0.0117
                  Metrics/air_time_mean: 0.0399
               Metrics/peak_height_mean: 0.0089
             Metrics/slip_velocity_mean: 0.2818
--------------------------------------------------------------------------------
                         Iteration time: 2.07s
                           Time elapsed: 00:00:50
                                    ETA: 00:13:07

################################################################################
[1m                           Learning iteration 24/400                            [0m 

                               Run name: hls2909-fix7
                            Total steps: 2457600 
                       Steps per second: 47327 
                        Collection time: 1.929s 
                          Learning time: 0.148s 
                        Mean value loss: 0.0249
                    Mean surrogate loss: -0.0048
                      Mean entropy loss: 10.1019
                            Mean reward: 0.53
                    Mean episode length: 27.80
                        Mean action std: 0.50
   Episode_Reward/track_linear_velocity: 0.0180
  Episode_Reward/track_angular_velocity: 0.0003
                 Episode_Reward/upright: 0.0187
                    Episode_Reward/pose: 0.0036
            Episode_Reward/body_ang_vel: -0.0361
        Episode_Reward/angular_momentum: -0.0000
          Episode_Reward/dof_pos_limits: -0.0030
          Episode_Reward/action_rate_l2: -0.0172
                Episode_Reward/air_time: 0.0041
          Episode_Reward/foot_clearance: -0.0005
       Episode_Reward/foot_swing_height: -0.0016
               Episode_Reward/foot_slip: -0.0002
         Episode_Reward/self_collisions: -0.0009
      Episode_Reward/head_pose_tracking: 0.0361
      Episode_Reward/body_pose_tracking: 0.0000
          Episode_Reward/head_pose_bias: 0.0000
        Episode_Metrics/mean_action_acc: 0.8860
          Curriculum/action_rate_weight: -0.1000
               Curriculum/standing_envs: 0.0200
             Curriculum/head_pose_range: 0.0700
             Curriculum/body_pose_range: 0.0500
                   Curriculum/com_range: 0.0030
              Curriculum/head_com_range: 0.0030
       Curriculum/head_pose_bias_weight: 0.0000
             Metrics/twist/error_vel_xy: 0.0238
            Metrics/twist/error_vel_yaw: 0.2032
           Episode_Termination/time_out: 0.0000
          Episode_Termination/fell_over: 147.4167
Episode_Termination/out_of_terrain_bounds: 0.0000
          Episode_Termination/nan_state: 0.0000
          Metrics/angular_momentum_mean: 0.0117
                  Metrics/air_time_mean: 0.0400
               Metrics/peak_height_mean: 0.0089
             Metrics/slip_velocity_mean: 0.2803
--------------------------------------------------------------------------------
                         Iteration time: 2.08s
                           Time elapsed: 00:00:52
                                    ETA: 00:13:04

################################################################################
[1m                           Learning iteration 25/400                            [0m 

                               Run name: hls2909-fix7
                            Total steps: 2555904 
                       Steps per second: 47359 
                        Collection time: 1.925s 
                          Learning time: 0.151s 
                        Mean value loss: 0.0248
                    Mean surrogate loss: -0.0062
                      Mean entropy loss: 10.1123
                            Mean reward: 0.43
                    Mean episode length: 27.68
                        Mean action std: 0.50
   Episode_Reward/track_linear_velocity: 0.0178
  Episode_Reward/track_angular_velocity: 0.0002
                 Episode_Reward/upright: 0.0193
                    Episode_Reward/pose: 0.0037
            Episode_Reward/body_ang_vel: -0.0366
        Episode_Reward/angular_momentum: -0.0000
          Episode_Reward/dof_pos_limits: -0.0030
          Episode_Reward/action_rate_l2: -0.0172
                Episode_Reward/air_time: 0.0038
          Episode_Reward/foot_clearance: -0.0005
       Episode_Reward/foot_swing_height: -0.0016
               Episode_Reward/foot_slip: -0.0002
         Episode_Reward/self_collisions: -0.0008
      Episode_Reward/head_pose_tracking: 0.0359
      Episode_Reward/body_pose_tracking: 0.0000
          Episode_Reward/head_pose_bias: 0.0000
        Episode_Metrics/mean_action_acc: 0.8858
          Curriculum/action_rate_weight: -0.1000
               Curriculum/standing_envs: 0.0200
             Curriculum/head_pose_range: 0.0700
             Curriculum/body_pose_range: 0.0500
                   Curriculum/com_range: 0.0030
              Curriculum/head_com_range: 0.0030
       Curriculum/head_pose_bias_weight: 0.0000
             Metrics/twist/error_vel_xy: 0.0240
            Metrics/twist/error_vel_yaw: 0.2051
           Episode_Termination/time_out: 0.0000
          Episode_Termination/fell_over: 147.0833
Episode_Termination/out_of_terrain_bounds: 0.0000
          Episode_Termination/nan_state: 0.0000
          Metrics/angular_momentum_mean: 0.0117
                  Metrics/air_time_mean: 0.0396
               Metrics/peak_height_mean: 0.0089
             Metrics/slip_velocity_mean: 0.2818
--------------------------------------------------------------------------------
                         Iteration time: 2.08s
                           Time elapsed: 00:00:54
                                    ETA: 00:13:02

################################################################################
[1m                           Learning iteration 26/400                            [0m 

                               Run name: hls2909-fix7
                            Total steps: 2654208 
                       Steps per second: 47284 
                        Collection time: 1.929s 
                          Learning time: 0.150s 
                        Mean value loss: 0.0234
                    Mean surrogate loss: -0.0071
                      Mean entropy loss: 10.1086
                            Mean reward: 0.41
                    Mean episode length: 28.92
                        Mean action std: 0.50
   Episode_Reward/track_linear_velocity: 0.0177
  Episode_Reward/track_angular_velocity: 0.0002
                 Episode_Reward/upright: 0.0191
                    Episode_Reward/pose: 0.0036
            Episode_Reward/body_ang_vel: -0.0363
        Episode_Reward/angular_momentum: -0.0000
          Episode_Reward/dof_pos_limits: -0.0031
          Episode_Reward/action_rate_l2: -0.0172
                Episode_Reward/air_time: 0.0039
          Episode_Reward/foot_clearance: -0.0005
       Episode_Reward/foot_swing_height: -0.0016
               Episode_Reward/foot_slip: -0.0002
         Episode_Reward/self_collisions: -0.0008
      Episode_Reward/head_pose_tracking: 0.0361
      Episode_Reward/body_pose_tracking: 0.0000
          Episode_Reward/head_pose_bias: 0.0000
        Episode_Metrics/mean_action_acc: 0.8837
          Curriculum/action_rate_weight: -0.1000
               Curriculum/standing_envs: 0.0200
             Curriculum/head_pose_range: 0.0700
             Curriculum/body_pose_range: 0.0500
                   Curriculum/com_range: 0.0030
              Curriculum/head_com_range: 0.0030
       Curriculum/head_pose_bias_weight: 0.0000
             Metrics/twist/error_vel_xy: 0.0244
            Metrics/twist/error_vel_yaw: 0.2034
           Episode_Termination/time_out: 0.0000
          Episode_Termination/fell_over: 145.1250
Episode_Termination/out_of_terrain_bounds: 0.0000
          Episode_Termination/nan_state: 0.0000
          Metrics/angular_momentum_mean: 0.0117
                  Metrics/air_time_mean: 0.0401
               Metrics/peak_height_mean: 0.0088
             Metrics/slip_velocity_mean: 0.2827
--------------------------------------------------------------------------------
                         Iteration time: 2.08s
                           Time elapsed: 00:00:56
                                    ETA: 00:13:00

################################################################################
[1m                           Learning iteration 27/400                            [0m 

                               Run name: hls2909-fix7
                            Total steps: 2752512 
                       Steps per second: 47587 
                        Collection time: 1.918s 
                          Learning time: 0.148s 
                        Mean value loss: 0.0238
                    Mean surrogate loss: -0.0054
                      Mean entropy loss: 10.1329
                            Mean reward: 0.50
                    Mean episode length: 28.37
                        Mean action std: 0.50
   Episode_Reward/track_linear_velocity: 0.0180
  Episode_Reward/track_angular_velocity: 0.0002
                 Episode_Reward/upright: 0.0190
                    Episode_Reward/pose: 0.0036
            Episode_Reward/body_ang_vel: -0.0363
        Episode_Reward/angular_momentum: -0.0000
          Episode_Reward/dof_pos_limits: -0.0031
          Episode_Reward/action_rate_l2: -0.0171
                Episode_Reward/air_time: 0.0042
          Episode_Reward/foot_clearance: -0.0005
       Episode_Reward/foot_swing_height: -0.0016
               Episode_Reward/foot_slip: -0.0002
         Episode_Reward/self_collisions: -0.0009
      Episode_Reward/head_pose_tracking: 0.0361
      Episode_Reward/body_pose_tracking: 0.0000
          Episode_Reward/head_pose_bias: 0.0000
        Episode_Metrics/mean_action_acc: 0.8812
          Curriculum/action_rate_weight: -0.1000
               Curriculum/standing_envs: 0.0200
             Curriculum/head_pose_range: 0.0700
             Curriculum/body_pose_range: 0.0500
                   Curriculum/com_range: 0.0030
              Curriculum/head_com_range: 0.0030
       Curriculum/head_pose_bias_weight: 0.0000
             Metrics/twist/error_vel_xy: 0.0240
            Metrics/twist/error_vel_yaw: 0.2012
           Episode_Termination/time_out: 0.0000
          Episode_Termination/fell_over: 147.5000
Episode_Termination/out_of_terrain_bounds: 0.0000
          Episode_Termination/nan_state: 0.0000
          Metrics/angular_momentum_mean: 0.0117
                  Metrics/air_time_mean: 0.0400
               Metrics/peak_height_mean: 0.0090
             Metrics/slip_velocity_mean: 0.2818
--------------------------------------------------------------------------------
                         Iteration time: 2.07s
                           Time elapsed: 00:00:58
                                    ETA: 00:12:57

################################################################################
[1m                           Learning iteration 28/400                            [0m 

                               Run name: hls2909-fix7
                            Total steps: 2850816 
                       Steps per second: 47597 
                        Collection time: 1.919s 
                          Learning time: 0.147s 
                        Mean value loss: 0.0248
                    Mean surrogate loss: -0.0074
                      Mean entropy loss: 10.1416
                            Mean reward: 0.43
                    Mean episode length: 27.75
                        Mean action std: 0.50
   Episode_Reward/track_linear_velocity: 0.0178
  Episode_Reward/track_angular_velocity: 0.0003
                 Episode_Reward/upright: 0.0191
                    Episode_Reward/pose: 0.0036
            Episode_Reward/body_ang_vel: -0.0362
        Episode_Reward/angular_momentum: -0.0000
          Episode_Reward/dof_pos_limits: -0.0030
          Episode_Reward/action_rate_l2: -0.0171
                Episode_Reward/air_time: 0.0040
          Episode_Reward/foot_clearance: -0.0005
       Episode_Reward/foot_swing_height: -0.0016
               Episode_Reward/foot_slip: -0.0002
         Episode_Reward/self_collisions: -0.0008
      Episode_Reward/head_pose_tracking: 0.0360
      Episode_Reward/body_pose_tracking: 0.0000
          Episode_Reward/head_pose_bias: 0.0000
        Episode_Metrics/mean_action_acc: 0.8814
          Curriculum/action_rate_weight: -0.1000
               Curriculum/standing_envs: 0.0200
             Curriculum/head_pose_range: 0.0700
             Curriculum/body_pose_range: 0.0500
                   Curriculum/com_range: 0.0030
              Curriculum/head_com_range: 0.0030
       Curriculum/head_pose_bias_weight: 0.0000
             Metrics/twist/error_vel_xy: 0.0242
            Metrics/twist/error_vel_yaw: 0.1989
           Episode_Termination/time_out: 0.0000
          Episode_Termination/fell_over: 148.1667
Episode_Termination/out_of_terrain_bounds: 0.0000
          Episode_Termination/nan_state: 0.0000
          Metrics/angular_momentum_mean: 0.0117
                  Metrics/air_time_mean: 0.0399
               Metrics/peak_height_mean: 0.0089
             Metrics/slip_velocity_mean: 0.2821
--------------------------------------------------------------------------------
                         Iteration time: 2.07s
                           Time elapsed: 00:01:00
                                    ETA: 00:12:55

################################################################################
[1m                           Learning iteration 29/400                            [0m 

                               Run name: hls2909-fix7
                            Total steps: 2949120 
                       Steps per second: 47164 
                        Collection time: 1.938s 
                          Learning time: 0.147s 
                        Mean value loss: 0.0248
                    Mean surrogate loss: -0.0072
                      Mean entropy loss: 10.1544
                            Mean reward: 0.44
                    Mean episode length: 27.91
                        Mean action std: 0.50
   Episode_Reward/track_linear_velocity: 0.0174
  Episode_Reward/track_angular_velocity: 0.0002
                 Episode_Reward/upright: 0.0188
                    Episode_Reward/pose: 0.0035
            Episode_Reward/body_ang_vel: -0.0369
        Episode_Reward/angular_momentum: -0.0000
          Episode_Reward/dof_pos_limits: -0.0031
          Episode_Reward/action_rate_l2: -0.0170
                Episode_Reward/air_time: 0.0041
          Episode_Reward/foot_clearance: -0.0005
       Episode_Reward/foot_swing_height: -0.0016
               Episode_Reward/foot_slip: -0.0002
         Episode_Reward/self_collisions: -0.0008
      Episode_Reward/head_pose_tracking: 0.0360
      Episode_Reward/body_pose_tracking: 0.0000
          Episode_Reward/head_pose_bias: 0.0000
        Episode_Metrics/mean_action_acc: 0.8795
          Curriculum/action_rate_weight: -0.1000
               Curriculum/standing_envs: 0.0200
             Curriculum/head_pose_range: 0.0700
             Curriculum/body_pose_range: 0.0500
                   Curriculum/com_range: 0.0030
              Curriculum/head_com_range: 0.0030
       Curriculum/head_pose_bias_weight: 0.0000
             Metrics/twist/error_vel_xy: 0.0246
            Metrics/twist/error_vel_yaw: 0.2013
           Episode_Termination/time_out: 0.0000
          Episode_Termination/fell_over: 145.7083
Episode_Termination/out_of_terrain_bounds: 0.0000
          Episode_Termination/nan_state: 0.0000
          Metrics/angular_momentum_mean: 0.0117
                  Metrics/air_time_mean: 0.0401
               Metrics/peak_height_mean: 0.0090
             Metrics/slip_velocity_mean: 0.2815
--------------------------------------------------------------------------------
                         Iteration time: 2.08s
                           Time elapsed: 00:01:02
                                    ETA: 00:12:53

################################################################################
[1m                           Learning iteration 30/400                            [0m 

                               Run name: hls2909-fix7
                            Total steps: 3047424 
                       Steps per second: 47111 
                        Collection time: 1.939s 
                          Learning time: 0.148s 
                        Mean value loss: 0.0247
                    Mean surrogate loss: -0.0072
                      Mean entropy loss: 10.1676
                            Mean reward: 0.44
                    Mean episode length: 28.06
                        Mean action std: 0.50
   Episode_Reward/track_linear_velocity: 0.0178
  Episode_Reward/track_angular_velocity: 0.0002
                 Episode_Reward/upright: 0.0187
                    Episode_Reward/pose: 0.0036
            Episode_Reward/body_ang_vel: -0.0364
        Episode_Reward/angular_momentum: -0.0000
          Episode_Reward/dof_pos_limits: -0.0031
          Episode_Reward/action_rate_l2: -0.0171
                Episode_Reward/air_time: 0.0040
          Episode_Reward/foot_clearance: -0.0005
       Episode_Reward/foot_swing_height: -0.0016
               Episode_Reward/foot_slip: -0.0002
         Episode_Reward/self_collisions: -0.0009
      Episode_Reward/head_pose_tracking: 0.0360
      Episode_Reward/body_pose_tracking: 0.0000
          Episode_Reward/head_pose_bias: 0.0000
        Episode_Metrics/mean_action_acc: 0.8787
          Curriculum/action_rate_weight: -0.1000
               Curriculum/standing_envs: 0.0200
             Curriculum/head_pose_range: 0.0700
             Curriculum/body_pose_range: 0.0500
                   Curriculum/com_range: 0.0030
              Curriculum/head_com_range: 0.0030
       Curriculum/head_pose_bias_weight: 0.0000
             Metrics/twist/error_vel_xy: 0.0243
            Metrics/twist/error_vel_yaw: 0.2026
           Episode_Termination/time_out: 0.0000
          Episode_Termination/fell_over: 148.1250
Episode_Termination/out_of_terrain_bounds: 0.0000
          Episode_Termination/nan_state: 0.0000
          Metrics/angular_momentum_mean: 0.0116
                  Metrics/air_time_mean: 0.0403
               Metrics/peak_height_mean: 0.0089
             Metrics/slip_velocity_mean: 0.2813
--------------------------------------------------------------------------------
                         Iteration time: 2.09s
                           Time elapsed: 00:01:04
                                    ETA: 00:12:50

################################################################################
[1m                           Learning iteration 31/400                            [0m 

                               Run name: hls2909-fix7
                            Total steps: 3145728 
                       Steps per second: 47430 
                        Collection time: 1.925s 
                          Learning time: 0.147s 
                        Mean value loss: 0.0239
                    Mean surrogate loss: -0.0077
                      Mean entropy loss: 10.1774
                            Mean reward: 0.41
                    Mean episode length: 27.44
                        Mean action std: 0.50
   Episode_Reward/track_linear_velocity: 0.0177
  Episode_Reward/track_angular_velocity: 0.0002
                 Episode_Reward/upright: 0.0191
                    Episode_Reward/pose: 0.0036
            Episode_Reward/body_ang_vel: -0.0364
        Episode_Reward/angular_momentum: -0.0000
          Episode_Reward/dof_pos_limits: -0.0030
          Episode_Reward/action_rate_l2: -0.0171
                Episode_Reward/air_time: 0.0042
          Episode_Reward/foot_clearance: -0.0005
       Episode_Reward/foot_swing_height: -0.0016
               Episode_Reward/foot_slip: -0.0002
         Episode_Reward/self_collisions: -0.0009
      Episode_Reward/head_pose_tracking: 0.0361
      Episode_Reward/body_pose_tracking: 0.0000
          Episode_Reward/head_pose_bias: 0.0000
        Episode_Metrics/mean_action_acc: 0.8793
          Curriculum/action_rate_weight: -0.1000
               Curriculum/standing_envs: 0.0200
             Curriculum/head_pose_range: 0.0700
             Curriculum/body_pose_range: 0.0500
                   Curriculum/com_range: 0.0030
              Curriculum/head_com_range: 0.0030
       Curriculum/head_pose_bias_weight: 0.0000
             Metrics/twist/error_vel_xy: 0.0241
            Metrics/twist/error_vel_yaw: 0.2021
           Episode_Termination/time_out: 0.0000
          Episode_Termination/fell_over: 147.2500
Episode_Termination/out_of_terrain_bounds: 0.0000
          Episode_Termination/nan_state: 0.0000
          Metrics/angular_momentum_mean: 0.0117
                  Metrics/air_time_mean: 0.0403
               Metrics/peak_height_mean: 0.0089
             Metrics/slip_velocity_mean: 0.2825
--------------------------------------------------------------------------------
                         Iteration time: 2.07s
                           Time elapsed: 00:01:06
                                    ETA: 00:12:48

################################################################################
[1m                           Learning iteration 32/400                            [0m 

                               Run name: hls2909-fix7
                            Total steps: 3244032 
                       Steps per second: 47337 
                        Collection time: 1.926s 
                          Learning time: 0.151s 
                        Mean value loss: 0.0245
                    Mean surrogate loss: -0.0090
                      Mean entropy loss: 10.1766
                            Mean reward: 0.46
                    Mean episode length: 27.89
                        Mean action std: 0.50
   Episode_Reward/track_linear_velocity: 0.0178
  Episode_Reward/track_angular_velocity: 0.0003
                 Episode_Reward/upright: 0.0191
                    Episode_Reward/pose: 0.0036
            Episode_Reward/body_ang_vel: -0.0361
        Episode_Reward/angular_momentum: -0.0000
          Episode_Reward/dof_pos_limits: -0.0031
          Episode_Reward/action_rate_l2: -0.0171
                Episode_Reward/air_time: 0.0041
          Episode_Reward/foot_clearance: -0.0005
       Episode_Reward/foot_swing_height: -0.0016
               Episode_Reward/foot_slip: -0.0002
         Episode_Reward/self_collisions: -0.0009
      Episode_Reward/head_pose_tracking: 0.0362
      Episode_Reward/body_pose_tracking: 0.0000
          Episode_Reward/head_pose_bias: 0.0000
        Episode_Metrics/mean_action_acc: 0.8779
          Curriculum/action_rate_weight: -0.1000
               Curriculum/standing_envs: 0.0200
             Curriculum/head_pose_range: 0.0700
             Curriculum/body_pose_range: 0.0500
                   Curriculum/com_range: 0.0030
              Curriculum/head_com_range: 0.0030
       Curriculum/head_pose_bias_weight: 0.0000
             Metrics/twist/error_vel_xy: 0.0243
            Metrics/twist/error_vel_yaw: 0.1987
           Episode_Termination/time_out: 0.0000
          Episode_Termination/fell_over: 147.5833
Episode_Termination/out_of_terrain_bounds: 0.0000
          Episode_Termination/nan_state: 0.0000
          Metrics/angular_momentum_mean: 0.0117
                  Metrics/air_time_mean: 0.0397
               Metrics/peak_height_mean: 0.0089
             Metrics/slip_velocity_mean: 0.2813
--------------------------------------------------------------------------------
                         Iteration time: 2.08s
                           Time elapsed: 00:01:08
                                    ETA: 00:12:46

################################################################################
[1m                           Learning iteration 33/400                            [0m 

                               Run name: hls2909-fix7
                            Total steps: 3342336 
                       Steps per second: 47198 
                        Collection time: 1.936s 
                          Learning time: 0.147s 
                        Mean value loss: 0.0251
                    Mean surrogate loss: -0.0083
                      Mean entropy loss: 10.1835
                            Mean reward: 0.39
                    Mean episode length: 27.81
                        Mean action std: 0.50
   Episode_Reward/track_linear_velocity: 0.0175
  Episode_Reward/track_angular_velocity: 0.0002
                 Episode_Reward/upright: 0.0188
                    Episode_Reward/pose: 0.0036
            Episode_Reward/body_ang_vel: -0.0359
        Episode_Reward/angular_momentum: -0.0000
          Episode_Reward/dof_pos_limits: -0.0030
          Episode_Reward/action_rate_l2: -0.0170
                Episode_Reward/air_time: 0.0041
          Episode_Reward/foot_clearance: -0.0005
       Episode_Reward/foot_swing_height: -0.0016
               Episode_Reward/foot_slip: -0.0002
         Episode_Reward/self_collisions: -0.0008
      Episode_Reward/head_pose_tracking: 0.0360
      Episode_Reward/body_pose_tracking: 0.0000
          Episode_Reward/head_pose_bias: 0.0000
        Episode_Metrics/mean_action_acc: 0.8770
          Curriculum/action_rate_weight: -0.1000
               Curriculum/standing_envs: 0.0200
             Curriculum/head_pose_range: 0.0700
             Curriculum/body_pose_range: 0.0500
                   Curriculum/com_range: 0.0030
              Curriculum/head_com_range: 0.0030
       Curriculum/head_pose_bias_weight: 0.0000
             Metrics/twist/error_vel_xy: 0.0241
            Metrics/twist/error_vel_yaw: 0.2008
           Episode_Termination/time_out: 0.0000
          Episode_Termination/fell_over: 147.2083
Episode_Termination/out_of_terrain_bounds: 0.0000
          Episode_Termination/nan_state: 0.0000
          Metrics/angular_momentum_mean: 0.0116
                  Metrics/air_time_mean: 0.0402
               Metrics/peak_height_mean: 0.0089
             Metrics/slip_velocity_mean: 0.2809
--------------------------------------------------------------------------------
                         Iteration time: 2.08s
                           Time elapsed: 00:01:11
                                    ETA: 00:12:44

################################################################################
[1m                           Learning iteration 34/400                            [0m 

                               Run name: hls2909-fix7
                            Total steps: 3440640 
                       Steps per second: 47012 
                        Collection time: 1.943s 
                          Learning time: 0.148s 
                        Mean value loss: 0.0240
                    Mean surrogate loss: -0.0101
                      Mean entropy loss: 10.1887
                            Mean reward: 0.45
                    Mean episode length: 27.90
                        Mean action std: 0.50
   Episode_Reward/track_linear_velocity: 0.0179
  Episode_Reward/track_angular_velocity: 0.0003
                 Episode_Reward/upright: 0.0191
                    Episode_Reward/pose: 0.0036
            Episode_Reward/body_ang_vel: -0.0365
        Episode_Reward/angular_momentum: -0.0000
          Episode_Reward/dof_pos_limits: -0.0031
          Episode_Reward/action_rate_l2: -0.0171
                Episode_Reward/air_time: 0.0041
          Episode_Reward/foot_clearance: -0.0005
       Episode_Reward/foot_swing_height: -0.0016
               Episode_Reward/foot_slip: -0.0002
         Episode_Reward/self_collisions: -0.0008
      Episode_Reward/head_pose_tracking: 0.0365
      Episode_Reward/body_pose_tracking: 0.0000
          Episode_Reward/head_pose_bias: 0.0000
        Episode_Metrics/mean_action_acc: 0.8733
          Curriculum/action_rate_weight: -0.1000
               Curriculum/standing_envs: 0.0200
             Curriculum/head_pose_range: 0.0700
             Curriculum/body_pose_range: 0.0500
                   Curriculum/com_range: 0.0030
              Curriculum/head_com_range: 0.0030
       Curriculum/head_pose_bias_weight: 0.0000
             Metrics/twist/error_vel_xy: 0.0244
            Metrics/twist/error_vel_yaw: 0.2001
           Episode_Termination/time_out: 0.0000
          Episode_Termination/fell_over: 148.2917
Episode_Termination/out_of_terrain_bounds: 0.0000
          Episode_Termination/nan_state: 0.0000
          Metrics/angular_momentum_mean: 0.0117
                  Metrics/air_time_mean: 0.0399
               Metrics/peak_height_mean: 0.0090
             Metrics/slip_velocity_mean: 0.2830
--------------------------------------------------------------------------------
                         Iteration time: 2.09s
                           Time elapsed: 00:01:13
                                    ETA: 00:12:42

################################################################################
[1m                           Learning iteration 35/400                            [0m 

                               Run name: hls2909-fix7
                            Total steps: 3538944 
                       Steps per second: 47366 
                        Collection time: 1.930s 
                          Learning time: 0.146s 
                        Mean value loss: 0.0238
                    Mean surrogate loss: -0.0108
                      Mean entropy loss: 10.2015
                            Mean reward: 0.41
                    Mean episode length: 28.57
                        Mean action std: 0.50
   Episode_Reward/track_linear_velocity: 0.0177
  Episode_Reward/track_angular_velocity: 0.0002
                 Episode_Reward/upright: 0.0188
                    Episode_Reward/pose: 0.0036
            Episode_Reward/body_ang_vel: -0.0364
        Episode_Reward/angular_momentum: -0.0000
          Episode_Reward/dof_pos_limits: -0.0031
          Episode_Reward/action_rate_l2: -0.0168
                Episode_Reward/air_time: 0.0038
          Episode_Reward/foot_clearance: -0.0005
       Episode_Reward/foot_swing_height: -0.0016
               Episode_Reward/foot_slip: -0.0002
         Episode_Reward/self_collisions: -0.0009
      Episode_Reward/head_pose_tracking: 0.0360
      Episode_Reward/body_pose_tracking: 0.0000
          Episode_Reward/head_pose_bias: 0.0000
        Episode_Metrics/mean_action_acc: 0.8701
          Curriculum/action_rate_weight: -0.1000
               Curriculum/standing_envs: 0.0200
             Curriculum/head_pose_range: 0.0700
             Curriculum/body_pose_range: 0.0500
                   Curriculum/com_range: 0.0030
              Curriculum/head_com_range: 0.0030
       Curriculum/head_pose_bias_weight: 0.0000
             Metrics/twist/error_vel_xy: 0.0240
            Metrics/twist/error_vel_yaw: 0.1989
           Episode_Termination/time_out: 0.0000
          Episode_Termination/fell_over: 146.3750
Episode_Termination/out_of_terrain_bounds: 0.0000
          Episode_Termination/nan_state: 0.0000
          Metrics/angular_momentum_mean: 0.0116
                  Metrics/air_time_mean: 0.0398
               Metrics/peak_height_mean: 0.0089
             Metrics/slip_velocity_mean: 0.2803
--------------------------------------------------------------------------------
                         Iteration time: 2.08s
                           Time elapsed: 00:01:15
                                    ETA: 00:12:40

################################################################################
[1m                           Learning iteration 36/400                            [0m 

                               Run name: hls2909-fix7
                            Total steps: 3637248 
                       Steps per second: 47357 
                        Collection time: 1.928s 
                          Learning time: 0.148s 
                        Mean value loss: 0.0242
                    Mean surrogate loss: -0.0109
                      Mean entropy loss: 10.1919
                            Mean reward: 0.45
                    Mean episode length: 28.47
                        Mean action std: 0.50
   Episode_Reward/track_linear_velocity: 0.0179
  Episode_Reward/track_angular_velocity: 0.0003
                 Episode_Reward/upright: 0.0191
                    Episode_Reward/pose: 0.0036
            Episode_Reward/body_ang_vel: -0.0360
        Episode_Reward/angular_momentum: -0.0000
          Episode_Reward/dof_pos_limits: -0.0031
          Episode_Reward/action_rate_l2: -0.0170
                Episode_Reward/air_time: 0.0038
          Episode_Reward/foot_clearance: -0.0005
       Episode_Reward/foot_swing_height: -0.0016
               Episode_Reward/foot_slip: -0.0002
         Episode_Reward/self_collisions: -0.0010
      Episode_Reward/head_pose_tracking: 0.0362
      Episode_Reward/body_pose_tracking: 0.0000
          Episode_Reward/head_pose_bias: 0.0000
        Episode_Metrics/mean_action_acc: 0.8706
          Curriculum/action_rate_weight: -0.1000
               Curriculum/standing_envs: 0.0200
             Curriculum/head_pose_range: 0.0700
             Curriculum/body_pose_range: 0.0500
                   Curriculum/com_range: 0.0030
              Curriculum/head_com_range: 0.0030
       Curriculum/head_pose_bias_weight: 0.0000
             Metrics/twist/error_vel_xy: 0.0241
            Metrics/twist/error_vel_yaw: 0.2005
           Episode_Termination/time_out: 0.0000
          Episode_Termination/fell_over: 146.2500
Episode_Termination/out_of_terrain_bounds: 0.0000
          Episode_Termination/nan_state: 0.0000
          Metrics/angular_momentum_mean: 0.0117
                  Metrics/air_time_mean: 0.0396
               Metrics/peak_height_mean: 0.0089
             Metrics/slip_velocity_mean: 0.2810
--------------------------------------------------------------------------------
                         Iteration time: 2.08s
                           Time elapsed: 00:01:17
                                    ETA: 00:12:37

################################################################################
[1m                           Learning iteration 37/400                            [0m 

                               Run name: hls2909-fix7
                            Total steps: 3735552 
                       Steps per second: 47341 
                        Collection time: 1.923s 
                          Learning time: 0.154s 
                        Mean value loss: 0.0241
                    Mean surrogate loss: -0.0110
                      Mean entropy loss: 10.2044
                            Mean reward: 0.37
                    Mean episode length: 27.13
                        Mean action std: 0.50
   Episode_Reward/track_linear_velocity: 0.0176
  Episode_Reward/track_angular_velocity: 0.0003
                 Episode_Reward/upright: 0.0189
                    Episode_Reward/pose: 0.0036
            Episode_Reward/body_ang_vel: -0.0361
        Episode_Reward/angular_momentum: -0.0000
          Episode_Reward/dof_pos_limits: -0.0030
          Episode_Reward/action_rate_l2: -0.0169
                Episode_Reward/air_time: 0.0040
          Episode_Reward/foot_clearance: -0.0005
       Episode_Reward/foot_swing_height: -0.0016
               Episode_Reward/foot_slip: -0.0002
         Episode_Reward/self_collisions: -0.0009
      Episode_Reward/head_pose_tracking: 0.0362
      Episode_Reward/body_pose_tracking: 0.0000
          Episode_Reward/head_pose_bias: 0.0000
        Episode_Metrics/mean_action_acc: 0.8708
          Curriculum/action_rate_weight: -0.1000
               Curriculum/standing_envs: 0.0200
             Curriculum/head_pose_range: 0.0700
             Curriculum/body_pose_range: 0.0500
                   Curriculum/com_range: 0.0030
              Curriculum/head_com_range: 0.0030
       Curriculum/head_pose_bias_weight: 0.0000
             Metrics/twist/error_vel_xy: 0.0242
            Metrics/twist/error_vel_yaw: 0.2040
           Episode_Termination/time_out: 0.0000
          Episode_Termination/fell_over: 149.0833
Episode_Termination/out_of_terrain_bounds: 0.0000
          Episode_Termination/nan_state: 0.0000
          Metrics/angular_momentum_mean: 0.0117
                  Metrics/air_time_mean: 0.0400
               Metrics/peak_height_mean: 0.0089
             Metrics/slip_velocity_mean: 0.2818
--------------------------------------------------------------------------------
                         Iteration time: 2.08s
                           Time elapsed: 00:01:19
                                    ETA: 00:12:35

################################################################################
[1m                           Learning iteration 38/400                            [0m 

                               Run name: hls2909-fix7
                            Total steps: 3833856 
                       Steps per second: 47374 
                        Collection time: 1.930s 
                          Learning time: 0.145s 
                        Mean value loss: 0.0238
                    Mean surrogate loss: -0.0116
                      Mean entropy loss: 10.2040
                            Mean reward: 0.39
                    Mean episode length: 28.27
                        Mean action std: 0.50
   Episode_Reward/track_linear_velocity: 0.0176
  Episode_Reward/track_angular_velocity: 0.0003
                 Episode_Reward/upright: 0.0189
                    Episode_Reward/pose: 0.0036
            Episode_Reward/body_ang_vel: -0.0362
        Episode_Reward/angular_momentum: -0.0000
          Episode_Reward/dof_pos_limits: -0.0030
          Episode_Reward/action_rate_l2: -0.0169
                Episode_Reward/air_time: 0.0043
          Episode_Reward/foot_clearance: -0.0005
       Episode_Reward/foot_swing_height: -0.0016
               Episode_Reward/foot_slip: -0.0002
         Episode_Reward/self_collisions: -0.0009
      Episode_Reward/head_pose_tracking: 0.0363
      Episode_Reward/body_pose_tracking: 0.0000
          Episode_Reward/head_pose_bias: 0.0000
        Episode_Metrics/mean_action_acc: 0.8703
          Curriculum/action_rate_weight: -0.1000
               Curriculum/standing_envs: 0.0200
             Curriculum/head_pose_range: 0.0700
             Curriculum/body_pose_range: 0.0500
                   Curriculum/com_range: 0.0030
              Curriculum/head_com_range: 0.0030
       Curriculum/head_pose_bias_weight: 0.0000
             Metrics/twist/error_vel_xy: 0.0242
            Metrics/twist/error_vel_yaw: 0.2034
           Episode_Termination/time_out: 0.0000
          Episode_Termination/fell_over: 146.8333
Episode_Termination/out_of_terrain_bounds: 0.0000
          Episode_Termination/nan_state: 0.0000
          Metrics/angular_momentum_mean: 0.0117
                  Metrics/air_time_mean: 0.0398
               Metrics/peak_height_mean: 0.0089
             Metrics/slip_velocity_mean: 0.2808
--------------------------------------------------------------------------------
                         Iteration time: 2.08s
                           Time elapsed: 00:01:21
                                    ETA: 00:12:33

################################################################################
[1m                           Learning iteration 39/400                            [0m 

                               Run name: hls2909-fix7
                            Total steps: 3932160 
                       Steps per second: 47287 
                        Collection time: 1.929s 
                          Learning time: 0.150s 
                        Mean value loss: 0.0235
                    Mean surrogate loss: -0.0123
                      Mean entropy loss: 10.2139
                            Mean reward: 0.40
                    Mean episode length: 28.46
                        Mean action std: 0.50
   Episode_Reward/track_linear_velocity: 0.0174
  Episode_Reward/track_angular_velocity: 0.0002
                 Episode_Reward/upright: 0.0190
                    Episode_Reward/pose: 0.0036
            Episode_Reward/body_ang_vel: -0.0363
        Episode_Reward/angular_momentum: -0.0000
          Episode_Reward/dof_pos_limits: -0.0029
          Episode_Reward/action_rate_l2: -0.0167
                Episode_Reward/air_time: 0.0039
          Episode_Reward/foot_clearance: -0.0005
       Episode_Reward/foot_swing_height: -0.0016
               Episode_Reward/foot_slip: -0.0002
         Episode_Reward/self_collisions: -0.0008
      Episode_Reward/head_pose_tracking: 0.0362
      Episode_Reward/body_pose_tracking: 0.0000
          Episode_Reward/head_pose_bias: 0.0000
        Episode_Metrics/mean_action_acc: 0.8677
          Curriculum/action_rate_weight: -0.1000
               Curriculum/standing_envs: 0.0200
             Curriculum/head_pose_range: 0.0700
             Curriculum/body_pose_range: 0.0500
                   Curriculum/com_range: 0.0030
              Curriculum/head_com_range: 0.0030
       Curriculum/head_pose_bias_weight: 0.0000
             Metrics/twist/error_vel_xy: 0.0242
            Metrics/twist/error_vel_yaw: 0.1989
           Episode_Termination/time_out: 0.0000
          Episode_Termination/fell_over: 147.0417
Episode_Termination/out_of_terrain_bounds: 0.0000
          Episode_Termination/nan_state: 0.0000
          Metrics/angular_momentum_mean: 0.0117
                  Metrics/air_time_mean: 0.0402
               Metrics/peak_height_mean: 0.0090
             Metrics/slip_velocity_mean: 0.2835
--------------------------------------------------------------------------------
                         Iteration time: 2.08s
                           Time elapsed: 00:01:23
                                    ETA: 00:12:31

################################################################################
[1m                           Learning iteration 40/400                            [0m 

                               Run name: hls2909-fix7
                            Total steps: 4030464 
                       Steps per second: 47179 
                        Collection time: 1.935s 
                          Learning time: 0.149s 
                        Mean value loss: 0.0244
                    Mean surrogate loss: -0.0122
                      Mean entropy loss: 10.2178
                            Mean reward: 0.36
                    Mean episode length: 27.21
                        Mean action std: 0.50
   Episode_Reward/track_linear_velocity: 0.0178
  Episode_Reward/track_angular_velocity: 0.0002
                 Episode_Reward/upright: 0.0192
                    Episode_Reward/pose: 0.0037
            Episode_Reward/body_ang_vel: -0.0365
        Episode_Reward/angular_momentum: -0.0000
          Episode_Reward/dof_pos_limits: -0.0031
          Episode_Reward/action_rate_l2: -0.0169
                Episode_Reward/air_time: 0.0041
          Episode_Reward/foot_clearance: -0.0005
       Episode_Reward/foot_swing_height: -0.0016
               Episode_Reward/foot_slip: -0.0002
         Episode_Reward/self_collisions: -0.0009
      Episode_Reward/head_pose_tracking: 0.0362
      Episode_Reward/body_pose_tracking: 0.0000
          Episode_Reward/head_pose_bias: 0.0000
        Episode_Metrics/mean_action_acc: 0.8682
          Curriculum/action_rate_weight: -0.1000
               Curriculum/standing_envs: 0.0200
             Curriculum/head_pose_range: 0.0700
             Curriculum/body_pose_range: 0.0500
                   Curriculum/com_range: 0.0030
              Curriculum/head_com_range: 0.0030
       Curriculum/head_pose_bias_weight: 0.0000
             Metrics/twist/error_vel_xy: 0.0241
            Metrics/twist/error_vel_yaw: 0.2018
           Episode_Termination/time_out: 0.0000
          Episode_Termination/fell_over: 147.7083
Episode_Termination/out_of_terrain_bounds: 0.0000
          Episode_Termination/nan_state: 0.0000
          Metrics/angular_momentum_mean: 0.0117
                  Metrics/air_time_mean: 0.0400
               Metrics/peak_height_mean: 0.0089
             Metrics/slip_velocity_mean: 0.2833
--------------------------------------------------------------------------------
                         Iteration time: 2.08s
                           Time elapsed: 00:01:25
                                    ETA: 00:12:29

################################################################################
[1m                           Learning iteration 41/400                            [0m 

                               Run name: hls2909-fix7
                            Total steps: 4128768 
                       Steps per second: 47262 
                        Collection time: 1.936s 
                          Learning time: 0.144s 
                        Mean value loss: 0.0229
                    Mean surrogate loss: -0.0123
                      Mean entropy loss: 10.2234
                            Mean reward: 0.43
                    Mean episode length: 27.96
                        Mean action std: 0.50
   Episode_Reward/track_linear_velocity: 0.0179
  Episode_Reward/track_angular_velocity: 0.0003
                 Episode_Reward/upright: 0.0192
                    Episode_Reward/pose: 0.0036
            Episode_Reward/body_ang_vel: -0.0365
        Episode_Reward/angular_momentum: -0.0000
          Episode_Reward/dof_pos_limits: -0.0030
          Episode_Reward/action_rate_l2: -0.0168
                Episode_Reward/air_time: 0.0040
          Episode_Reward/foot_clearance: -0.0005
       Episode_Reward/foot_swing_height: -0.0016
               Episode_Reward/foot_slip: -0.0002
         Episode_Reward/self_collisions: -0.0008
      Episode_Reward/head_pose_tracking: 0.0363
      Episode_Reward/body_pose_tracking: 0.0000
          Episode_Reward/head_pose_bias: 0.0000
        Episode_Metrics/mean_action_acc: 0.8670
          Curriculum/action_rate_weight: -0.1000
               Curriculum/standing_envs: 0.0200
             Curriculum/head_pose_range: 0.0700
             Curriculum/body_pose_range: 0.0500
                   Curriculum/com_range: 0.0030
              Curriculum/head_com_range: 0.0030
       Curriculum/head_pose_bias_weight: 0.0000
             Metrics/twist/error_vel_xy: 0.0240
            Metrics/twist/error_vel_yaw: 0.2014
           Episode_Termination/time_out: 0.0000
          Episode_Termination/fell_over: 146.3750
Episode_Termination/out_of_terrain_bounds: 0.0000
          Episode_Termination/nan_state: 0.0000
          Metrics/angular_momentum_mean: 0.0117
                  Metrics/air_time_mean: 0.0398
               Metrics/peak_height_mean: 0.0089
             Metrics/slip_velocity_mean: 0.2842
--------------------------------------------------------------------------------
                         Iteration time: 2.08s
                           Time elapsed: 00:01:27
                                    ETA: 00:12:27

################################################################################
[1m                           Learning iteration 42/400                            [0m 

                               Run name: hls2909-fix7
                            Total steps: 4227072 
                       Steps per second: 47427 
                        Collection time: 1.926s 
                          Learning time: 0.147s 
                        Mean value loss: 0.0231
                    Mean surrogate loss: -0.0131
                      Mean entropy loss: 10.2360
                            Mean reward: 0.42
                    Mean episode length: 28.18
                        Mean action std: 0.50
   Episode_Reward/track_linear_velocity: 0.0178
  Episode_Reward/track_angular_velocity: 0.0003
                 Episode_Reward/upright: 0.0189
                    Episode_Reward/pose: 0.0037
            Episode_Reward/body_ang_vel: -0.0362
        Episode_Reward/angular_momentum: -0.0000
          Episode_Reward/dof_pos_limits: -0.0030
          Episode_Reward/action_rate_l2: -0.0168
                Episode_Reward/air_time: 0.0041
          Episode_Reward/foot_clearance: -0.0005
       Episode_Reward/foot_swing_height: -0.0016
               Episode_Reward/foot_slip: -0.0002
         Episode_Reward/self_collisions: -0.0009
      Episode_Reward/head_pose_tracking: 0.0361
      Episode_Reward/body_pose_tracking: 0.0000
          Episode_Reward/head_pose_bias: 0.0000
        Episode_Metrics/mean_action_acc: 0.8645
          Curriculum/action_rate_weight: -0.1000
               Curriculum/standing_envs: 0.0200
             Curriculum/head_pose_range: 0.0700
             Curriculum/body_pose_range: 0.0500
                   Curriculum/com_range: 0.0030
              Curriculum/head_com_range: 0.0030
       Curriculum/head_pose_bias_weight: 0.0000
             Metrics/twist/error_vel_xy: 0.0240
            Metrics/twist/error_vel_yaw: 0.2016
           Episode_Termination/time_out: 0.0000
          Episode_Termination/fell_over: 146.9167
Episode_Termination/out_of_terrain_bounds: 0.0000
          Episode_Termination/nan_state: 0.0000
          Metrics/angular_momentum_mean: 0.0117
                  Metrics/air_time_mean: 0.0400
               Metrics/peak_height_mean: 0.0089
             Metrics/slip_velocity_mean: 0.2817
--------------------------------------------------------------------------------
                         Iteration time: 2.07s
                           Time elapsed: 00:01:29
                                    ETA: 00:12:24

################################################################################
[1m                           Learning iteration 43/400                            [0m 

                               Run name: hls2909-fix7
                            Total steps: 4325376 
                       Steps per second: 47525 
                        Collection time: 1.922s 
                          Learning time: 0.146s 
                        Mean value loss: 0.0234
                    Mean surrogate loss: -0.0124
                      Mean entropy loss: 10.2557
                            Mean reward: 0.46
                    Mean episode length: 27.31
                        Mean action std: 0.50
   Episode_Reward/track_linear_velocity: 0.0176
  Episode_Reward/track_angular_velocity: 0.0002
                 Episode_Reward/upright: 0.0190
                    Episode_Reward/pose: 0.0036
            Episode_Reward/body_ang_vel: -0.0366
        Episode_Reward/angular_momentum: -0.0000
          Episode_Reward/dof_pos_limits: -0.0030
          Episode_Reward/action_rate_l2: -0.0168
                Episode_Reward/air_time: 0.0039
          Episode_Reward/foot_clearance: -0.0005
       Episode_Reward/foot_swing_height: -0.0016
               Episode_Reward/foot_slip: -0.0002
         Episode_Reward/self_collisions: -0.0008
      Episode_Reward/head_pose_tracking: 0.0363
      Episode_Reward/body_pose_tracking: 0.0000
          Episode_Reward/head_pose_bias: 0.0000
        Episode_Metrics/mean_action_acc: 0.8648
          Curriculum/action_rate_weight: -0.1000
               Curriculum/standing_envs: 0.0200
             Curriculum/head_pose_range: 0.0700
             Curriculum/body_pose_range: 0.0500
                   Curriculum/com_range: 0.0030
              Curriculum/head_com_range: 0.0030
       Curriculum/head_pose_bias_weight: 0.0000
             Metrics/twist/error_vel_xy: 0.0242
            Metrics/twist/error_vel_yaw: 0.2011
           Episode_Termination/time_out: 0.0000
          Episode_Termination/fell_over: 147.5417
Episode_Termination/out_of_terrain_bounds: 0.0000
          Episode_Termination/nan_state: 0.0000
          Metrics/angular_momentum_mean: 0.0117
                  Metrics/air_time_mean: 0.0398
               Metrics/peak_height_mean: 0.0089
             Metrics/slip_velocity_mean: 0.2844
--------------------------------------------------------------------------------
                         Iteration time: 2.07s
                           Time elapsed: 00:01:31
                                    ETA: 00:12:22

################################################################################
[1m                           Learning iteration 44/400                            [0m 

                               Run name: hls2909-fix7
                            Total steps: 4423680 
                       Steps per second: 48268 
                        Collection time: 1.890s 
                          Learning time: 0.146s 
                        Mean value loss: 0.0243
                    Mean surrogate loss: -0.0120
                      Mean entropy loss: 10.2603
                            Mean reward: 0.47
                    Mean episode length: 27.89
                        Mean action std: 0.50
   Episode_Reward/track_linear_velocity: 0.0180
  Episode_Reward/track_angular_velocity: 0.0002
                 Episode_Reward/upright: 0.0191
                    Episode_Reward/pose: 0.0037
            Episode_Reward/body_ang_vel: -0.0364
        Episode_Reward/angular_momentum: -0.0000
          Episode_Reward/dof_pos_limits: -0.0030
          Episode_Reward/action_rate_l2: -0.0168
                Episode_Reward/air_time: 0.0041
          Episode_Reward/foot_clearance: -0.0005
       Episode_Reward/foot_swing_height: -0.0016
               Episode_Reward/foot_slip: -0.0002
         Episode_Reward/self_collisions: -0.0009
      Episode_Reward/head_pose_tracking: 0.0363
      Episode_Reward/body_pose_tracking: 0.0000
          Episode_Reward/head_pose_bias: 0.0000
        Episode_Metrics/mean_action_acc: 0.8630
          Curriculum/action_rate_weight: -0.1000
               Curriculum/standing_envs: 0.0200
             Curriculum/head_pose_range: 0.0700
             Curriculum/body_pose_range: 0.0500
                   Curriculum/com_range: 0.0030
              Curriculum/head_com_range: 0.0030
       Curriculum/head_pose_bias_weight: 0.0000
             Metrics/twist/error_vel_xy: 0.0241
            Metrics/twist/error_vel_yaw: 0.2006
           Episode_Termination/time_out: 0.0000
          Episode_Termination/fell_over: 146.0000
Episode_Termination/out_of_terrain_bounds: 0.0000
          Episode_Termination/nan_state: 0.0000
          Metrics/angular_momentum_mean: 0.0118
                  Metrics/air_time_mean: 0.0403
               Metrics/peak_height_mean: 0.0089
             Metrics/slip_velocity_mean: 0.2822
--------------------------------------------------------------------------------
                         Iteration time: 2.04s
                           Time elapsed: 00:01:33
                                    ETA: 00:12:20

################################################################################
[1m                           Learning iteration 45/400                            [0m 

                               Run name: hls2909-fix7
                            Total steps: 4521984 
                       Steps per second: 48201 
                        Collection time: 1.892s 
                          Learning time: 0.148s 
                        Mean value loss: 0.0230
                    Mean surrogate loss: -0.0134
                      Mean entropy loss: 10.2672
                            Mean reward: 0.39
                    Mean episode length: 27.46
                        Mean action std: 0.50
   Episode_Reward/track_linear_velocity: 0.0179
  Episode_Reward/track_angular_velocity: 0.0002
                 Episode_Reward/upright: 0.0190
                    Episode_Reward/pose: 0.0037
            Episode_Reward/body_ang_vel: -0.0362
        Episode_Reward/angular_momentum: -0.0000
          Episode_Reward/dof_pos_limits: -0.0030
          Episode_Reward/action_rate_l2: -0.0169
                Episode_Reward/air_time: 0.0041
          Episode_Reward/foot_clearance: -0.0005
       Episode_Reward/foot_swing_height: -0.0016
               Episode_Reward/foot_slip: -0.0002
         Episode_Reward/self_collisions: -0.0008
      Episode_Reward/head_pose_tracking: 0.0366
      Episode_Reward/body_pose_tracking: 0.0000
          Episode_Reward/head_pose_bias: 0.0000
        Episode_Metrics/mean_action_acc: 0.8642
          Curriculum/action_rate_weight: -0.1000
               Curriculum/standing_envs: 0.0200
             Curriculum/head_pose_range: 0.0700
             Curriculum/body_pose_range: 0.0500
                   Curriculum/com_range: 0.0030
              Curriculum/head_com_range: 0.0030
       Curriculum/head_pose_bias_weight: 0.0000
             Metrics/twist/error_vel_xy: 0.0241
            Metrics/twist/error_vel_yaw: 0.2012
           Episode_Termination/time_out: 0.0000
          Episode_Termination/fell_over: 147.7083
Episode_Termination/out_of_terrain_bounds: 0.0000
          Episode_Termination/nan_state: 0.0000
          Metrics/angular_momentum_mean: 0.0117
                  Metrics/air_time_mean: 0.0401
               Metrics/peak_height_mean: 0.0089
             Metrics/slip_velocity_mean: 0.2815
--------------------------------------------------------------------------------
                         Iteration time: 2.04s
                           Time elapsed: 00:01:35
                                    ETA: 00:12:17

################################################################################
[1m                           Learning iteration 46/400                            [0m 

                               Run name: hls2909-fix7
                            Total steps: 4620288 
                       Steps per second: 47740 
                        Collection time: 1.908s 
                          Learning time: 0.152s 
                        Mean value loss: 0.0229
                    Mean surrogate loss: -0.0127
                      Mean entropy loss: 10.2586
                            Mean reward: 0.44
                    Mean episode length: 27.51
                        Mean action std: 0.50
   Episode_Reward/track_linear_velocity: 0.0178
  Episode_Reward/track_angular_velocity: 0.0003
                 Episode_Reward/upright: 0.0190
                    Episode_Reward/pose: 0.0036
            Episode_Reward/body_ang_vel: -0.0361
        Episode_Reward/angular_momentum: -0.0000
          Episode_Reward/dof_pos_limits: -0.0030
          Episode_Reward/action_rate_l2: -0.0168
                Episode_Reward/air_time: 0.0041
          Episode_Reward/foot_clearance: -0.0005
       Episode_Reward/foot_swing_height: -0.0016
               Episode_Reward/foot_slip: -0.0002
         Episode_Reward/self_collisions: -0.0008
      Episode_Reward/head_pose_tracking: 0.0365
      Episode_Reward/body_pose_tracking: 0.0000
          Episode_Reward/head_pose_bias: 0.0000
        Episode_Metrics/mean_action_acc: 0.8614
          Curriculum/action_rate_weight: -0.1000
               Curriculum/standing_envs: 0.0200
             Curriculum/head_pose_range: 0.0700
             Curriculum/body_pose_range: 0.0500
                   Curriculum/com_range: 0.0030
              Curriculum/head_com_range: 0.0030
       Curriculum/head_pose_bias_weight: 0.0000
             Metrics/twist/error_vel_xy: 0.0242
            Metrics/twist/error_vel_yaw: 0.2002
           Episode_Termination/time_out: 0.0000
          Episode_Termination/fell_over: 144.0000
Episode_Termination/out_of_terrain_bounds: 0.0000
          Episode_Termination/nan_state: 0.0000
          Metrics/angular_momentum_mean: 0.0116
                  Metrics/air_time_mean: 0.0397
               Metrics/peak_height_mean: 0.0089
             Metrics/slip_velocity_mean: 0.2848
--------------------------------------------------------------------------------
                         Iteration time: 2.06s
                           Time elapsed: 00:01:37
                                    ETA: 00:12:15

################################################################################
[1m                           Learning iteration 47/400                            [0m 

                               Run name: hls2909-fix7
                            Total steps: 4718592 
                       Steps per second: 47158 
                        Collection time: 1.935s 
                          Learning time: 0.149s 
                        Mean value loss: 0.0239
                    Mean surrogate loss: -0.0130
                      Mean entropy loss: 10.2797
                            Mean reward: 0.40
                    Mean episode length: 27.88
                        Mean action std: 0.50
   Episode_Reward/track_linear_velocity: 0.0179
  Episode_Reward/track_angular_velocity: 0.0002
                 Episode_Reward/upright: 0.0190
                    Episode_Reward/pose: 0.0036
            Episode_Reward/body_ang_vel: -0.0363
        Episode_Reward/angular_momentum: -0.0000
          Episode_Reward/dof_pos_limits: -0.0031
          Episode_Reward/action_rate_l2: -0.0169
                Episode_Reward/air_time: 0.0040
          Episode_Reward/foot_clearance: -0.0005
       Episode_Reward/foot_swing_height: -0.0016
               Episode_Reward/foot_slip: -0.0002
         Episode_Reward/self_collisions: -0.0008
      Episode_Reward/head_pose_tracking: 0.0363
      Episode_Reward/body_pose_tracking: 0.0000
          Episode_Reward/head_pose_bias: 0.0000
        Episode_Metrics/mean_action_acc: 0.8614
          Curriculum/action_rate_weight: -0.1000
               Curriculum/standing_envs: 0.0200
             Curriculum/head_pose_range: 0.0700
             Curriculum/body_pose_range: 0.0500
                   Curriculum/com_range: 0.0030
              Curriculum/head_com_range: 0.0030
       Curriculum/head_pose_bias_weight: 0.0000
             Metrics/twist/error_vel_xy: 0.0241
            Metrics/twist/error_vel_yaw: 0.2023
           Episode_Termination/time_out: 0.0000
          Episode_Termination/fell_over: 147.2917
Episode_Termination/out_of_terrain_bounds: 0.0000
          Episode_Termination/nan_state: 0.0000
          Metrics/angular_momentum_mean: 0.0116
                  Metrics/air_time_mean: 0.0401
               Metrics/peak_height_mean: 0.0088
             Metrics/slip_velocity_mean: 0.2851
--------------------------------------------------------------------------------
                         Iteration time: 2.08s
                           Time elapsed: 00:01:40
                                    ETA: 00:12:13

################################################################################
[1m                           Learning iteration 48/400                            [0m 

                               Run name: hls2909-fix7
                            Total steps: 4816896 
                       Steps per second: 47873 
                        Collection time: 1.903s 
                          Learning time: 0.150s 
                        Mean value loss: 0.0240
                    Mean surrogate loss: -0.0127
                      Mean entropy loss: 10.2902
                            Mean reward: 0.38
                    Mean episode length: 28.30
                        Mean action std: 0.51
   Episode_Reward/track_linear_velocity: 0.0178
  Episode_Reward/track_angular_velocity: 0.0003
                 Episode_Reward/upright: 0.0191
                    Episode_Reward/pose: 0.0036
            Episode_Reward/body_ang_vel: -0.0367
        Episode_Reward/angular_momentum: -0.0000
          Episode_Reward/dof_pos_limits: -0.0031
          Episode_Reward/action_rate_l2: -0.0168
                Episode_Reward/air_time: 0.0042
          Episode_Reward/foot_clearance: -0.0005
       Episode_Reward/foot_swing_height: -0.0016
               Episode_Reward/foot_slip: -0.0002
         Episode_Reward/self_collisions: -0.0009
      Episode_Reward/head_pose_tracking: 0.0366
      Episode_Reward/body_pose_tracking: 0.0000
          Episode_Reward/head_pose_bias: 0.0000
        Episode_Metrics/mean_action_acc: 0.8595
          Curriculum/action_rate_weight: -0.1000
               Curriculum/standing_envs: 0.0200
             Curriculum/head_pose_range: 0.0700
             Curriculum/body_pose_range: 0.0500
                   Curriculum/com_range: 0.0030
              Curriculum/head_com_range: 0.0030
       Curriculum/head_pose_bias_weight: 0.0000
             Metrics/twist/error_vel_xy: 0.0244
            Metrics/twist/error_vel_yaw: 0.2022
           Episode_Termination/time_out: 0.0000
          Episode_Termination/fell_over: 147.7500
Episode_Termination/out_of_terrain_bounds: 0.0000
          Episode_Termination/nan_state: 0.0000
          Metrics/angular_momentum_mean: 0.0117
                  Metrics/air_time_mean: 0.0403
               Metrics/peak_height_mean: 0.0089
             Metrics/slip_velocity_mean: 0.2830
--------------------------------------------------------------------------------
                         Iteration time: 2.05s
                           Time elapsed: 00:01:42
                                    ETA: 00:12:11

################################################################################
[1m                           Learning iteration 49/400                            [0m 

                               Run name: hls2909-fix7
                            Total steps: 4915200 
                       Steps per second: 47076 
                        Collection time: 1.938s 
                          Learning time: 0.151s 
                        Mean value loss: 0.0244
                    Mean surrogate loss: -0.0129
                      Mean entropy loss: 10.3141
                            Mean reward: 0.36
                    Mean episode length: 26.99
                        Mean action std: 0.51
   Episode_Reward/track_linear_velocity: 0.0180
  Episode_Reward/track_angular_velocity: 0.0002
                 Episode_Reward/upright: 0.0190
                    Episode_Reward/pose: 0.0037
            Episode_Reward/body_ang_vel: -0.0370
        Episode_Reward/angular_momentum: -0.0000
          Episode_Reward/dof_pos_limits: -0.0030
          Episode_Reward/action_rate_l2: -0.0167
                Episode_Reward/air_time: 0.0042
          Episode_Reward/foot_clearance: -0.0005
       Episode_Reward/foot_swing_height: -0.0016
               Episode_Reward/foot_slip: -0.0002
         Episode_Reward/self_collisions: -0.0008
      Episode_Reward/head_pose_tracking: 0.0365
      Episode_Reward/body_pose_tracking: 0.0000
          Episode_Reward/head_pose_bias: 0.0000
        Episode_Metrics/mean_action_acc: 0.8594
          Curriculum/action_rate_weight: -0.1000
               Curriculum/standing_envs: 0.0200
             Curriculum/head_pose_range: 0.0700
             Curriculum/body_pose_range: 0.0500
                   Curriculum/com_range: 0.0030
              Curriculum/head_com_range: 0.0030
       Curriculum/head_pose_bias_weight: 0.0000
             Metrics/twist/error_vel_xy: 0.0239
            Metrics/twist/error_vel_yaw: 0.2009
           Episode_Termination/time_out: 0.0000
          Episode_Termination/fell_over: 145.1667
Episode_Termination/out_of_terrain_bounds: 0.0000
          Episode_Termination/nan_state: 0.0000
          Metrics/angular_momentum_mean: 0.0116
                  Metrics/air_time_mean: 0.0401
               Metrics/peak_height_mean: 0.0089
             Metrics/slip_velocity_mean: 0.2841
--------------------------------------------------------------------------------
                         Iteration time: 2.09s
                           Time elapsed: 00:01:44
                                    ETA: 00:12:08

################################################################################
[1m                           Learning iteration 50/400                            [0m 

                               Run name: hls2909-fix7
                            Total steps: 5013504 
                       Steps per second: 47413 
                        Collection time: 1.923s 
                          Learning time: 0.150s 
                        Mean value loss: 0.0233
                    Mean surrogate loss: -0.0136
                      Mean entropy loss: 10.3368
                            Mean reward: 0.37
                    Mean episode length: 28.74
                        Mean action std: 0.51
   Episode_Reward/track_linear_velocity: 0.0178
  Episode_Reward/track_angular_velocity: 0.0002
                 Episode_Reward/upright: 0.0193
                    Episode_Reward/pose: 0.0037
            Episode_Reward/body_ang_vel: -0.0367
        Episode_Reward/angular_momentum: -0.0000
          Episode_Reward/dof_pos_limits: -0.0030
          Episode_Reward/action_rate_l2: -0.0168
                Episode_Reward/air_time: 0.0040
          Episode_Reward/foot_clearance: -0.0005
       Episode_Reward/foot_swing_height: -0.0016
               Episode_Reward/foot_slip: -0.0002
         Episode_Reward/self_collisions: -0.0009
      Episode_Reward/head_pose_tracking: 0.0366
      Episode_Reward/body_pose_tracking: 0.0000
          Episode_Reward/head_pose_bias: 0.0000
        Episode_Metrics/mean_action_acc: 0.8588
          Curriculum/action_rate_weight: -0.1000
               Curriculum/standing_envs: 0.0200
             Curriculum/head_pose_range: 0.0700
             Curriculum/body_pose_range: 0.0500
                   Curriculum/com_range: 0.0030
              Curriculum/head_com_range: 0.0030
       Curriculum/head_pose_bias_weight: 0.0000
             Metrics/twist/error_vel_xy: 0.0245
            Metrics/twist/error_vel_yaw: 0.1990
           Episode_Termination/time_out: 0.0000
          Episode_Termination/fell_over: 146.8750
Episode_Termination/out_of_terrain_bounds: 0.0000
          Episode_Termination/nan_state: 0.0000
          Metrics/angular_momentum_mean: 0.0117
                  Metrics/air_time_mean: 0.0397
               Metrics/peak_height_mean: 0.0089
             Metrics/slip_velocity_mean: 0.2813
--------------------------------------------------------------------------------
                         Iteration time: 2.07s
                           Time elapsed: 00:01:46
                                    ETA: 00:12:06

################################################################################
[1m                           Learning iteration 51/400                            [0m 

                               Run name: hls2909-fix7
                            Total steps: 5111808 
                       Steps per second: 47377 
                        Collection time: 1.927s 
                          Learning time: 0.148s 
                        Mean value loss: 0.0245
                    Mean surrogate loss: -0.0144
                      Mean entropy loss: 10.3335
                            Mean reward: 0.41
                    Mean episode length: 27.32
                        Mean action std: 0.51
   Episode_Reward/track_linear_velocity: 0.0181
  Episode_Reward/track_angular_velocity: 0.0002
                 Episode_Reward/upright: 0.0192
                    Episode_Reward/pose: 0.0037
            Episode_Reward/body_ang_vel: -0.0370
        Episode_Reward/angular_momentum: -0.0000
          Episode_Reward/dof_pos_limits: -0.0030
          Episode_Reward/action_rate_l2: -0.0168
                Episode_Reward/air_time: 0.0040
          Episode_Reward/foot_clearance: -0.0005
       Episode_Reward/foot_swing_height: -0.0016
               Episode_Reward/foot_slip: -0.0002
         Episode_Reward/self_collisions: -0.0009
      Episode_Reward/head_pose_tracking: 0.0365
      Episode_Reward/body_pose_tracking: 0.0000
          Episode_Reward/head_pose_bias: 0.0000
        Episode_Metrics/mean_action_acc: 0.8601
          Curriculum/action_rate_weight: -0.1000
               Curriculum/standing_envs: 0.0200
             Curriculum/head_pose_range: 0.0700
             Curriculum/body_pose_range: 0.0500
                   Curriculum/com_range: 0.0030
              Curriculum/head_com_range: 0.0030
       Curriculum/head_pose_bias_weight: 0.0000
             Metrics/twist/error_vel_xy: 0.0242
            Metrics/twist/error_vel_yaw: 0.2002
           Episode_Termination/time_out: 0.0000
          Episode_Termination/fell_over: 146.8333
Episode_Termination/out_of_terrain_bounds: 0.0000
          Episode_Termination/nan_state: 0.0000
          Metrics/angular_momentum_mean: 0.0117
                  Metrics/air_time_mean: 0.0401
               Metrics/peak_height_mean: 0.0089
             Metrics/slip_velocity_mean: 0.2813
--------------------------------------------------------------------------------
                         Iteration time: 2.07s
                           Time elapsed: 00:01:48
                                    ETA: 00:12:04

################################################################################
[1m                           Learning iteration 52/400                            [0m 

                               Run name: hls2909-fix7
                            Total steps: 5210112 
                       Steps per second: 47746 
                        Collection time: 1.909s 
                          Learning time: 0.150s 
                        Mean value loss: 0.0234
                    Mean surrogate loss: -0.0142
                      Mean entropy loss: 10.3316
                            Mean reward: 0.47
                    Mean episode length: 30.03
                        Mean action std: 0.51
   Episode_Reward/track_linear_velocity: 0.0178
  Episode_Reward/track_angular_velocity: 0.0002
                 Episode_Reward/upright: 0.0192
                    Episode_Reward/pose: 0.0037
            Episode_Reward/body_ang_vel: -0.0367
        Episode_Reward/angular_momentum: -0.0000
          Episode_Reward/dof_pos_limits: -0.0030
          Episode_Reward/action_rate_l2: -0.0168
                Episode_Reward/air_time: 0.0040
          Episode_Reward/foot_clearance: -0.0005
       Episode_Reward/foot_swing_height: -0.0016
               Episode_Reward/foot_slip: -0.0002
         Episode_Reward/self_collisions: -0.0008
      Episode_Reward/head_pose_tracking: 0.0366
      Episode_Reward/body_pose_tracking: 0.0000
          Episode_Reward/head_pose_bias: 0.0000
        Episode_Metrics/mean_action_acc: 0.8588
          Curriculum/action_rate_weight: -0.1000
               Curriculum/standing_envs: 0.0200
             Curriculum/head_pose_range: 0.0700
             Curriculum/body_pose_range: 0.0500
                   Curriculum/com_range: 0.0030
              Curriculum/head_com_range: 0.0030
       Curriculum/head_pose_bias_weight: 0.0000
             Metrics/twist/error_vel_xy: 0.0242
            Metrics/twist/error_vel_yaw: 0.1987
           Episode_Termination/time_out: 0.0000
          Episode_Termination/fell_over: 146.5833
Episode_Termination/out_of_terrain_bounds: 0.0000
          Episode_Termination/nan_state: 0.0000
          Metrics/angular_momentum_mean: 0.0117
                  Metrics/air_time_mean: 0.0399
               Metrics/peak_height_mean: 0.0089
             Metrics/slip_velocity_mean: 0.2823
--------------------------------------------------------------------------------
                         Iteration time: 2.06s
                           Time elapsed: 00:01:50
                                    ETA: 00:12:02

################################################################################
[1m                           Learning iteration 53/400                            [0m 

                               Run name: hls2909-fix7
                            Total steps: 5308416 
                       Steps per second: 47540 
                        Collection time: 1.917s 
                          Learning time: 0.151s 
                        Mean value loss: 0.0231
                    Mean surrogate loss: -0.0138
                      Mean entropy loss: 10.3352
                            Mean reward: 0.46
                    Mean episode length: 27.95
                        Mean action std: 0.51
   Episode_Reward/track_linear_velocity: 0.0177
  Episode_Reward/track_angular_velocity: 0.0002
                 Episode_Reward/upright: 0.0191
                    Episode_Reward/pose: 0.0037
            Episode_Reward/body_ang_vel: -0.0369
        Episode_Reward/angular_momentum: -0.0000
          Episode_Reward/dof_pos_limits: -0.0029
          Episode_Reward/action_rate_l2: -0.0167
                Episode_Reward/air_time: 0.0040
          Episode_Reward/foot_clearance: -0.0005
       Episode_Reward/foot_swing_height: -0.0016
               Episode_Reward/foot_slip: -0.0002
         Episode_Reward/self_collisions: -0.0009
      Episode_Reward/head_pose_tracking: 0.0366
      Episode_Reward/body_pose_tracking: 0.0000
          Episode_Reward/head_pose_bias: 0.0000
        Episode_Metrics/mean_action_acc: 0.8574
          Curriculum/action_rate_weight: -0.1000
               Curriculum/standing_envs: 0.0200
             Curriculum/head_pose_range: 0.0700
             Curriculum/body_pose_range: 0.0500
                   Curriculum/com_range: 0.0030
              Curriculum/head_com_range: 0.0030
       Curriculum/head_pose_bias_weight: 0.0000
             Metrics/twist/error_vel_xy: 0.0244
            Metrics/twist/error_vel_yaw: 0.1998
           Episode_Termination/time_out: 0.0000
          Episode_Termination/fell_over: 147.2083
Episode_Termination/out_of_terrain_bounds: 0.0000
          Episode_Termination/nan_state: 0.0000
          Metrics/angular_momentum_mean: 0.0117
                  Metrics/air_time_mean: 0.0402
               Metrics/peak_height_mean: 0.0090
             Metrics/slip_velocity_mean: 0.2829
--------------------------------------------------------------------------------
                         Iteration time: 2.07s
                           Time elapsed: 00:01:52
                                    ETA: 00:12:00

################################################################################
[1m                           Learning iteration 54/400                            [0m 

                               Run name: hls2909-fix7
                            Total steps: 5406720 
                       Steps per second: 47294 
                        Collection time: 1.928s 
                          Learning time: 0.150s 
                        Mean value loss: 0.0233
                    Mean surrogate loss: -0.0147
                      Mean entropy loss: 10.3483
                            Mean reward: 0.46
                    Mean episode length: 28.59
                        Mean action std: 0.51
   Episode_Reward/track_linear_velocity: 0.0182
  Episode_Reward/track_angular_velocity: 0.0002
                 Episode_Reward/upright: 0.0192
                    Episode_Reward/pose: 0.0037
            Episode_Reward/body_ang_vel: -0.0372
        Episode_Reward/angular_momentum: -0.0000
          Episode_Reward/dof_pos_limits: -0.0030
          Episode_Reward/action_rate_l2: -0.0168
                Episode_Reward/air_time: 0.0040
          Episode_Reward/foot_clearance: -0.0005
       Episode_Reward/foot_swing_height: -0.0016
               Episode_Reward/foot_slip: -0.0002
         Episode_Reward/self_collisions: -0.0008
      Episode_Reward/head_pose_tracking: 0.0367
      Episode_Reward/body_pose_tracking: 0.0000
          Episode_Reward/head_pose_bias: 0.0000
        Episode_Metrics/mean_action_acc: 0.8565
          Curriculum/action_rate_weight: -0.1000
               Curriculum/standing_envs: 0.0200
             Curriculum/head_pose_range: 0.0700
             Curriculum/body_pose_range: 0.0500
                   Curriculum/com_range: 0.0030
              Curriculum/head_com_range: 0.0030
       Curriculum/head_pose_bias_weight: 0.0000
             Metrics/twist/error_vel_xy: 0.0239
            Metrics/twist/error_vel_yaw: 0.1967
           Episode_Termination/time_out: 0.0000
          Episode_Termination/fell_over: 146.8333
Episode_Termination/out_of_terrain_bounds: 0.0000
          Episode_Termination/nan_state: 0.0000
          Metrics/angular_momentum_mean: 0.0117
                  Metrics/air_time_mean: 0.0399
               Metrics/peak_height_mean: 0.0089
             Metrics/slip_velocity_mean: 0.2816
--------------------------------------------------------------------------------
                         Iteration time: 2.08s
                           Time elapsed: 00:01:54
                                    ETA: 00:11:58

################################################################################
[1m                           Learning iteration 55/400                            [0m 

                               Run name: hls2909-fix7
                            Total steps: 5505024 
                       Steps per second: 47272 
                        Collection time: 1.932s 
                          Learning time: 0.148s 
                        Mean value loss: 0.0243
                    Mean surrogate loss: -0.0139
                      Mean entropy loss: 10.3850
                            Mean reward: 0.46
                    Mean episode length: 28.34
                        Mean action std: 0.51
   Episode_Reward/track_linear_velocity: 0.0179
  Episode_Reward/track_angular_velocity: 0.0002
                 Episode_Reward/upright: 0.0191
                    Episode_Reward/pose: 0.0037
            Episode_Reward/body_ang_vel: -0.0368
        Episode_Reward/angular_momentum: -0.0000
          Episode_Reward/dof_pos_limits: -0.0030
          Episode_Reward/action_rate_l2: -0.0169
                Episode_Reward/air_time: 0.0041
          Episode_Reward/foot_clearance: -0.0005
       Episode_Reward/foot_swing_height: -0.0016
               Episode_Reward/foot_slip: -0.0002
         Episode_Reward/self_collisions: -0.0009
      Episode_Reward/head_pose_tracking: 0.0368
      Episode_Reward/body_pose_tracking: 0.0000
          Episode_Reward/head_pose_bias: 0.0000
        Episode_Metrics/mean_action_acc: 0.8563
          Curriculum/action_rate_weight: -0.1000
               Curriculum/standing_envs: 0.0200
             Curriculum/head_pose_range: 0.0700
             Curriculum/body_pose_range: 0.0500
                   Curriculum/com_range: 0.0030
              Curriculum/head_com_range: 0.0030
       Curriculum/head_pose_bias_weight: 0.0000
             Metrics/twist/error_vel_xy: 0.0245
            Metrics/twist/error_vel_yaw: 0.1990
           Episode_Termination/time_out: 0.0000
          Episode_Termination/fell_over: 146.6667
Episode_Termination/out_of_terrain_bounds: 0.0000
          Episode_Termination/nan_state: 0.0000
          Metrics/angular_momentum_mean: 0.0117
                  Metrics/air_time_mean: 0.0401
               Metrics/peak_height_mean: 0.0088
             Metrics/slip_velocity_mean: 0.2813
--------------------------------------------------------------------------------
                         Iteration time: 2.08s
                           Time elapsed: 00:01:56
                                    ETA: 00:11:56

################################################################################
[1m                           Learning iteration 56/400                            [0m 

                               Run name: hls2909-fix7
                            Total steps: 5603328 
                       Steps per second: 47492 
                        Collection time: 1.921s 
                          Learning time: 0.149s 
                        Mean value loss: 0.0240
                    Mean surrogate loss: -0.0156
                      Mean entropy loss: 10.3818
                            Mean reward: 0.45
                    Mean episode length: 28.16
                        Mean action std: 0.51
   Episode_Reward/track_linear_velocity: 0.0181
  Episode_Reward/track_angular_velocity: 0.0003
                 Episode_Reward/upright: 0.0191
                    Episode_Reward/pose: 0.0036
            Episode_Reward/body_ang_vel: -0.0365
        Episode_Reward/angular_momentum: -0.0000
          Episode_Reward/dof_pos_limits: -0.0030
          Episode_Reward/action_rate_l2: -0.0168
                Episode_Reward/air_time: 0.0040
          Episode_Reward/foot_clearance: -0.0005
       Episode_Reward/foot_swing_height: -0.0016
               Episode_Reward/foot_slip: -0.0002
         Episode_Reward/self_collisions: -0.0009
      Episode_Reward/head_pose_tracking: 0.0368
      Episode_Reward/body_pose_tracking: 0.0000
          Episode_Reward/head_pose_bias: 0.0000
        Episode_Metrics/mean_action_acc: 0.8566
          Curriculum/action_rate_weight: -0.1000
               Curriculum/standing_envs: 0.0200
             Curriculum/head_pose_range: 0.0700
             Curriculum/body_pose_range: 0.0500
                   Curriculum/com_range: 0.0030
              Curriculum/head_com_range: 0.0030
       Curriculum/head_pose_bias_weight: 0.0000
             Metrics/twist/error_vel_xy: 0.0239
            Metrics/twist/error_vel_yaw: 0.2000
           Episode_Termination/time_out: 0.0000
          Episode_Termination/fell_over: 145.9583
Episode_Termination/out_of_terrain_bounds: 0.0000
          Episode_Termination/nan_state: 0.0000
          Metrics/angular_momentum_mean: 0.0117
                  Metrics/air_time_mean: 0.0398
               Metrics/peak_height_mean: 0.0088
             Metrics/slip_velocity_mean: 0.2816
--------------------------------------------------------------------------------
                         Iteration time: 2.07s
                           Time elapsed: 00:01:58
                                    ETA: 00:11:53

################################################################################
[1m                           Learning iteration 57/400                            [0m 

                               Run name: hls2909-fix7
                            Total steps: 5701632 
                       Steps per second: 47156 
                        Collection time: 1.934s 
                          Learning time: 0.150s 
                        Mean value loss: 0.0241
                    Mean surrogate loss: -0.0151
                      Mean entropy loss: 10.4012
                            Mean reward: 0.47
                    Mean episode length: 28.16
                        Mean action std: 0.51
   Episode_Reward/track_linear_velocity: 0.0178
  Episode_Reward/track_angular_velocity: 0.0002
                 Episode_Reward/upright: 0.0191
                    Episode_Reward/pose: 0.0037
            Episode_Reward/body_ang_vel: -0.0370
        Episode_Reward/angular_momentum: -0.0000
          Episode_Reward/dof_pos_limits: -0.0029
          Episode_Reward/action_rate_l2: -0.0167
                Episode_Reward/air_time: 0.0041
          Episode_Reward/foot_clearance: -0.0005
       Episode_Reward/foot_swing_height: -0.0016
               Episode_Reward/foot_slip: -0.0002
         Episode_Reward/self_collisions: -0.0009
      Episode_Reward/head_pose_tracking: 0.0366
      Episode_Reward/body_pose_tracking: 0.0000
          Episode_Reward/head_pose_bias: 0.0000
        Episode_Metrics/mean_action_acc: 0.8561
          Curriculum/action_rate_weight: -0.1000
               Curriculum/standing_envs: 0.0200
             Curriculum/head_pose_range: 0.0700
             Curriculum/body_pose_range: 0.0500
                   Curriculum/com_range: 0.0030
              Curriculum/head_com_range: 0.0030
       Curriculum/head_pose_bias_weight: 0.0000
             Metrics/twist/error_vel_xy: 0.0242
            Metrics/twist/error_vel_yaw: 0.1995
           Episode_Termination/time_out: 0.0000
          Episode_Termination/fell_over: 145.7917
Episode_Termination/out_of_terrain_bounds: 0.0000
          Episode_Termination/nan_state: 0.0000
          Metrics/angular_momentum_mean: 0.0117
                  Metrics/air_time_mean: 0.0403
               Metrics/peak_height_mean: 0.0088
             Metrics/slip_velocity_mean: 0.2817
--------------------------------------------------------------------------------
                         Iteration time: 2.08s
                           Time elapsed: 00:02:00
                                    ETA: 00:11:51

################################################################################
[1m                           Learning iteration 58/400                            [0m 

                               Run name: hls2909-fix7
                            Total steps: 5799936 
                       Steps per second: 47266 
                        Collection time: 1.931s 
                          Learning time: 0.148s 
                        Mean value loss: 0.0238
                    Mean surrogate loss: -0.0144
                      Mean entropy loss: 10.3978
                            Mean reward: 0.49
                    Mean episode length: 27.29
                        Mean action std: 0.51
   Episode_Reward/track_linear_velocity: 0.0178
  Episode_Reward/track_angular_velocity: 0.0002
                 Episode_Reward/upright: 0.0192
                    Episode_Reward/pose: 0.0037
            Episode_Reward/body_ang_vel: -0.0367
        Episode_Reward/angular_momentum: -0.0000
          Episode_Reward/dof_pos_limits: -0.0029
          Episode_Reward/action_rate_l2: -0.0168
                Episode_Reward/air_time: 0.0041
          Episode_Reward/foot_clearance: -0.0005
       Episode_Reward/foot_swing_height: -0.0016
               Episode_Reward/foot_slip: -0.0002
         Episode_Reward/self_collisions: -0.0008
      Episode_Reward/head_pose_tracking: 0.0367
      Episode_Reward/body_pose_tracking: 0.0000
          Episode_Reward/head_pose_bias: 0.0000
        Episode_Metrics/mean_action_acc: 0.8566
          Curriculum/action_rate_weight: -0.1000
               Curriculum/standing_envs: 0.0200
             Curriculum/head_pose_range: 0.0700
             Curriculum/body_pose_range: 0.0500
                   Curriculum/com_range: 0.0030
              Curriculum/head_com_range: 0.0030
       Curriculum/head_pose_bias_weight: 0.0000
             Metrics/twist/error_vel_xy: 0.0240
            Metrics/twist/error_vel_yaw: 0.1989
           Episode_Termination/time_out: 0.0000
          Episode_Termination/fell_over: 148.8333
Episode_Termination/out_of_terrain_bounds: 0.0000
          Episode_Termination/nan_state: 0.0000
          Metrics/angular_momentum_mean: 0.0118
                  Metrics/air_time_mean: 0.0400
               Metrics/peak_height_mean: 0.0089
             Metrics/slip_velocity_mean: 0.2827
--------------------------------------------------------------------------------
                         Iteration time: 2.08s
                           Time elapsed: 00:02:02
                                    ETA: 00:11:49

################################################################################
[1m                           Learning iteration 59/400                            [0m 

                               Run name: hls2909-fix7
                            Total steps: 5898240 
                       Steps per second: 47869 
                        Collection time: 1.903s 
                          Learning time: 0.150s 
                        Mean value loss: 0.0232
                    Mean surrogate loss: -0.0141
                      Mean entropy loss: 10.4112
                            Mean reward: 0.42
                    Mean episode length: 29.01
                        Mean action std: 0.51
   Episode_Reward/track_linear_velocity: 0.0176
  Episode_Reward/track_angular_velocity: 0.0003
                 Episode_Reward/upright: 0.0191
                    Episode_Reward/pose: 0.0037
            Episode_Reward/body_ang_vel: -0.0367
        Episode_Reward/angular_momentum: -0.0000
          Episode_Reward/dof_pos_limits: -0.0029
          Episode_Reward/action_rate_l2: -0.0167
                Episode_Reward/air_time: 0.0040
          Episode_Reward/foot_clearance: -0.0005
       Episode_Reward/foot_swing_height: -0.0016
               Episode_Reward/foot_slip: -0.0002
         Episode_Reward/self_collisions: -0.0009
      Episode_Reward/head_pose_tracking: 0.0366
      Episode_Reward/body_pose_tracking: 0.0000
          Episode_Reward/head_pose_bias: 0.0000
        Episode_Metrics/mean_action_acc: 0.8551
          Curriculum/action_rate_weight: -0.1000
               Curriculum/standing_envs: 0.0200
             Curriculum/head_pose_range: 0.0700
             Curriculum/body_pose_range: 0.0500
                   Curriculum/com_range: 0.0030
              Curriculum/head_com_range: 0.0030
       Curriculum/head_pose_bias_weight: 0.0000
             Metrics/twist/error_vel_xy: 0.0244
            Metrics/twist/error_vel_yaw: 0.1969
           Episode_Termination/time_out: 0.0000
          Episode_Termination/fell_over: 148.2917
Episode_Termination/out_of_terrain_bounds: 0.0000
          Episode_Termination/nan_state: 0.0000
          Metrics/angular_momentum_mean: 0.0117
                  Metrics/air_time_mean: 0.0400
               Metrics/peak_height_mean: 0.0089
             Metrics/slip_velocity_mean: 0.2820
--------------------------------------------------------------------------------
                         Iteration time: 2.05s
                           Time elapsed: 00:02:04
                                    ETA: 00:11:47

################################################################################
[1m                           Learning iteration 60/400                            [0m 

                               Run name: hls2909-fix7
                            Total steps: 5996544 
                       Steps per second: 47333 
                        Collection time: 1.929s 
                          Learning time: 0.148s 
                        Mean value loss: 0.0235
                    Mean surrogate loss: -0.0144
                      Mean entropy loss: 10.4269
                            Mean reward: 0.51
                    Mean episode length: 28.12
                        Mean action std: 0.51
   Episode_Reward/track_linear_velocity: 0.0180
  Episode_Reward/track_angular_velocity: 0.0002
                 Episode_Reward/upright: 0.0190
                    Episode_Reward/pose: 0.0037
            Episode_Reward/body_ang_vel: -0.0366
        Episode_Reward/angular_momentum: -0.0000
          Episode_Reward/dof_pos_limits: -0.0029
          Episode_Reward/action_rate_l2: -0.0167
                Episode_Reward/air_time: 0.0040
          Episode_Reward/foot_clearance: -0.0005
       Episode_Reward/foot_swing_height: -0.0016
               Episode_Reward/foot_slip: -0.0002
         Episode_Reward/self_collisions: -0.0008
      Episode_Reward/head_pose_tracking: 0.0366
      Episode_Reward/body_pose_tracking: 0.0000
          Episode_Reward/head_pose_bias: 0.0000
        Episode_Metrics/mean_action_acc: 0.8536
          Curriculum/action_rate_weight: -0.1000
               Curriculum/standing_envs: 0.0200
             Curriculum/head_pose_range: 0.0700
             Curriculum/body_pose_range: 0.0500
                   Curriculum/com_range: 0.0030
              Curriculum/head_com_range: 0.0030
       Curriculum/head_pose_bias_weight: 0.0000
             Metrics/twist/error_vel_xy: 0.0239
            Metrics/twist/error_vel_yaw: 0.1986
           Episode_Termination/time_out: 0.0000
          Episode_Termination/fell_over: 145.3333
Episode_Termination/out_of_terrain_bounds: 0.0000
          Episode_Termination/nan_state: 0.0000
          Metrics/angular_momentum_mean: 0.0117
                  Metrics/air_time_mean: 0.0403
               Metrics/peak_height_mean: 0.0088
             Metrics/slip_velocity_mean: 0.2843
--------------------------------------------------------------------------------
                         Iteration time: 2.08s
                           Time elapsed: 00:02:06
                                    ETA: 00:11:45

################################################################################
[1m                           Learning iteration 61/400                            [0m 

                               Run name: hls2909-fix7
                            Total steps: 6094848 
                       Steps per second: 47296 
                        Collection time: 1.929s 
                          Learning time: 0.149s 
                        Mean value loss: 0.0234
                    Mean surrogate loss: -0.0154
                      Mean entropy loss: 10.4386
                            Mean reward: 0.47
                    Mean episode length: 28.16
                        Mean action std: 0.51
   Episode_Reward/track_linear_velocity: 0.0177
  Episode_Reward/track_angular_velocity: 0.0002
                 Episode_Reward/upright: 0.0193
                    Episode_Reward/pose: 0.0037
            Episode_Reward/body_ang_vel: -0.0370
        Episode_Reward/angular_momentum: -0.0000
          Episode_Reward/dof_pos_limits: -0.0030
          Episode_Reward/action_rate_l2: -0.0168
                Episode_Reward/air_time: 0.0040
          Episode_Reward/foot_clearance: -0.0005
       Episode_Reward/foot_swing_height: -0.0016
               Episode_Reward/foot_slip: -0.0002
         Episode_Reward/self_collisions: -0.0009
      Episode_Reward/head_pose_tracking: 0.0368
      Episode_Reward/body_pose_tracking: 0.0000
          Episode_Reward/head_pose_bias: 0.0000
        Episode_Metrics/mean_action_acc: 0.8519
          Curriculum/action_rate_weight: -0.1000
               Curriculum/standing_envs: 0.0200
             Curriculum/head_pose_range: 0.0700
             Curriculum/body_pose_range: 0.0500
                   Curriculum/com_range: 0.0030
              Curriculum/head_com_range: 0.0030
       Curriculum/head_pose_bias_weight: 0.0000
             Metrics/twist/error_vel_xy: 0.0244
            Metrics/twist/error_vel_yaw: 0.2032
           Episode_Termination/time_out: 0.0000
          Episode_Termination/fell_over: 146.0417
Episode_Termination/out_of_terrain_bounds: 0.0000
          Episode_Termination/nan_state: 0.0000
          Metrics/angular_momentum_mean: 0.0117
                  Metrics/air_time_mean: 0.0398
               Metrics/peak_height_mean: 0.0089
             Metrics/slip_velocity_mean: 0.2847
--------------------------------------------------------------------------------
                         Iteration time: 2.08s
                           Time elapsed: 00:02:09
                                    ETA: 00:11:43

################################################################################
[1m                           Learning iteration 62/400                            [0m 

                               Run name: hls2909-fix7
                            Total steps: 6193152 
                       Steps per second: 47207 
                        Collection time: 1.934s 
                          Learning time: 0.148s 
                        Mean value loss: 0.0232
                    Mean surrogate loss: -0.0145
                      Mean entropy loss: 10.4297
                            Mean reward: 0.49
                    Mean episode length: 28.74
                        Mean action std: 0.51
   Episode_Reward/track_linear_velocity: 0.0181
  Episode_Reward/track_angular_velocity: 0.0002
                 Episode_Reward/upright: 0.0194
                    Episode_Reward/pose: 0.0038
            Episode_Reward/body_ang_vel: -0.0368
        Episode_Reward/angular_momentum: -0.0000
          Episode_Reward/dof_pos_limits: -0.0030
          Episode_Reward/action_rate_l2: -0.0169
                Episode_Reward/air_time: 0.0042
          Episode_Reward/foot_clearance: -0.0005
       Episode_Reward/foot_swing_height: -0.0016
               Episode_Reward/foot_slip: -0.0002
         Episode_Reward/self_collisions: -0.0009
      Episode_Reward/head_pose_tracking: 0.0370
      Episode_Reward/body_pose_tracking: 0.0000
          Episode_Reward/head_pose_bias: 0.0000
        Episode_Metrics/mean_action_acc: 0.8530
          Curriculum/action_rate_weight: -0.1000
               Curriculum/standing_envs: 0.0200
             Curriculum/head_pose_range: 0.0700
             Curriculum/body_pose_range: 0.0500
                   Curriculum/com_range: 0.0030
              Curriculum/head_com_range: 0.0030
       Curriculum/head_pose_bias_weight: 0.0000
             Metrics/twist/error_vel_xy: 0.0243
            Metrics/twist/error_vel_yaw: 0.1996
           Episode_Termination/time_out: 0.0000
          Episode_Termination/fell_over: 144.5833
Episode_Termination/out_of_terrain_bounds: 0.0000
          Episode_Termination/nan_state: 0.0000
          Metrics/angular_momentum_mean: 0.0117
                  Metrics/air_time_mean: 0.0400
               Metrics/peak_height_mean: 0.0088
             Metrics/slip_velocity_mean: 0.2828
--------------------------------------------------------------------------------
                         Iteration time: 2.08s
                           Time elapsed: 00:02:11
                                    ETA: 00:11:41

################################################################################
[1m                           Learning iteration 63/400                            [0m 

                               Run name: hls2909-fix7
                            Total steps: 6291456 
                       Steps per second: 47457 
                        Collection time: 1.921s 
                          Learning time: 0.150s 
                        Mean value loss: 0.0239
                    Mean surrogate loss: -0.0142
                      Mean entropy loss: 10.4461
                            Mean reward: 0.43
                    Mean episode length: 27.90
                        Mean action std: 0.51
   Episode_Reward/track_linear_velocity: 0.0178
  Episode_Reward/track_angular_velocity: 0.0002
                 Episode_Reward/upright: 0.0191
                    Episode_Reward/pose: 0.0037
            Episode_Reward/body_ang_vel: -0.0370
        Episode_Reward/angular_momentum: -0.0000
          Episode_Reward/dof_pos_limits: -0.0029
          Episode_Reward/action_rate_l2: -0.0167
                Episode_Reward/air_time: 0.0039
          Episode_Reward/foot_clearance: -0.0005
       Episode_Reward/foot_swing_height: -0.0016
               Episode_Reward/foot_slip: -0.0002
         Episode_Reward/self_collisions: -0.0008
      Episode_Reward/head_pose_tracking: 0.0367
      Episode_Reward/body_pose_tracking: 0.0000
          Episode_Reward/head_pose_bias: 0.0000
        Episode_Metrics/mean_action_acc: 0.8524
          Curriculum/action_rate_weight: -0.1000
               Curriculum/standing_envs: 0.0200
             Curriculum/head_pose_range: 0.0700
             Curriculum/body_pose_range: 0.0500
                   Curriculum/com_range: 0.0030
              Curriculum/head_com_range: 0.0030
       Curriculum/head_pose_bias_weight: 0.0000
             Metrics/twist/error_vel_xy: 0.0241
            Metrics/twist/error_vel_yaw: 0.1956
           Episode_Termination/time_out: 0.0000
          Episode_Termination/fell_over: 148.2500
Episode_Termination/out_of_terrain_bounds: 0.0000
          Episode_Termination/nan_state: 0.0000
          Metrics/angular_momentum_mean: 0.0116
                  Metrics/air_time_mean: 0.0396
               Metrics/peak_height_mean: 0.0087
             Metrics/slip_velocity_mean: 0.2831
--------------------------------------------------------------------------------
                         Iteration time: 2.07s
                           Time elapsed: 00:02:13
                                    ETA: 00:11:39

################################################################################
[1m                           Learning iteration 64/400                            [0m 

                               Run name: hls2909-fix7
                            Total steps: 6389760 
                       Steps per second: 47812 
                        Collection time: 1.908s 
                          Learning time: 0.148s 
                        Mean value loss: 0.0237
                    Mean surrogate loss: -0.0156
                      Mean entropy loss: 10.4437
                            Mean reward: 0.49
                    Mean episode length: 27.30
                        Mean action std: 0.51
   Episode_Reward/track_linear_velocity: 0.0179
  Episode_Reward/track_angular_velocity: 0.0002
                 Episode_Reward/upright: 0.0190
                    Episode_Reward/pose: 0.0037
            Episode_Reward/body_ang_vel: -0.0372
        Episode_Reward/angular_momentum: -0.0000
          Episode_Reward/dof_pos_limits: -0.0029
          Episode_Reward/action_rate_l2: -0.0165
                Episode_Reward/air_time: 0.0040
          Episode_Reward/foot_clearance: -0.0005
       Episode_Reward/foot_swing_height: -0.0016
               Episode_Reward/foot_slip: -0.0002
         Episode_Reward/self_collisions: -0.0008
      Episode_Reward/head_pose_tracking: 0.0366
      Episode_Reward/body_pose_tracking: 0.0000
          Episode_Reward/head_pose_bias: 0.0000
        Episode_Metrics/mean_action_acc: 0.8492
          Curriculum/action_rate_weight: -0.1000
               Curriculum/standing_envs: 0.0200
             Curriculum/head_pose_range: 0.0700
             Curriculum/body_pose_range: 0.0500
                   Curriculum/com_range: 0.0030
              Curriculum/head_com_range: 0.0030
       Curriculum/head_pose_bias_weight: 0.0000
             Metrics/twist/error_vel_xy: 0.0239
            Metrics/twist/error_vel_yaw: 0.2002
           Episode_Termination/time_out: 0.0000
          Episode_Termination/fell_over: 147.7500
Episode_Termination/out_of_terrain_bounds: 0.0000
          Episode_Termination/nan_state: 0.0000
          Metrics/angular_momentum_mean: 0.0118
                  Metrics/air_time_mean: 0.0398
               Metrics/peak_height_mean: 0.0089
             Metrics/slip_velocity_mean: 0.2822
--------------------------------------------------------------------------------
                         Iteration time: 2.06s
                           Time elapsed: 00:02:15
                                    ETA: 00:11:36

################################################################################
[1m                           Learning iteration 65/400                            [0m 

                               Run name: hls2909-fix7
                            Total steps: 6488064 
                       Steps per second: 47109 
                        Collection time: 1.938s 
                          Learning time: 0.148s 
                        Mean value loss: 0.0223
                    Mean surrogate loss: -0.0162
                      Mean entropy loss: 10.4503
                            Mean reward: 0.43
                    Mean episode length: 27.52
                        Mean action std: 0.51
   Episode_Reward/track_linear_velocity: 0.0179
  Episode_Reward/track_angular_velocity: 0.0002
                 Episode_Reward/upright: 0.0191
                    Episode_Reward/pose: 0.0037
            Episode_Reward/body_ang_vel: -0.0362
        Episode_Reward/angular_momentum: -0.0000
          Episode_Reward/dof_pos_limits: -0.0030
          Episode_Reward/action_rate_l2: -0.0167
                Episode_Reward/air_time: 0.0041
          Episode_Reward/foot_clearance: -0.0005
       Episode_Reward/foot_swing_height: -0.0016
               Episode_Reward/foot_slip: -0.0002
         Episode_Reward/self_collisions: -0.0008
      Episode_Reward/head_pose_tracking: 0.0368
      Episode_Reward/body_pose_tracking: 0.0000
          Episode_Reward/head_pose_bias: 0.0000
        Episode_Metrics/mean_action_acc: 0.8503
          Curriculum/action_rate_weight: -0.1000
               Curriculum/standing_envs: 0.0200
             Curriculum/head_pose_range: 0.0700
             Curriculum/body_pose_range: 0.0500
                   Curriculum/com_range: 0.0030
              Curriculum/head_com_range: 0.0030
       Curriculum/head_pose_bias_weight: 0.0000
             Metrics/twist/error_vel_xy: 0.0241
            Metrics/twist/error_vel_yaw: 0.1973
           Episode_Termination/time_out: 0.0000
          Episode_Termination/fell_over: 147.1250
Episode_Termination/out_of_terrain_bounds: 0.0000
          Episode_Termination/nan_state: 0.0000
          Metrics/angular_momentum_mean: 0.0117
                  Metrics/air_time_mean: 0.0401
               Metrics/peak_height_mean: 0.0089
             Metrics/slip_velocity_mean: 0.2842
--------------------------------------------------------------------------------
                         Iteration time: 2.09s
                           Time elapsed: 00:02:17
                                    ETA: 00:11:34

################################################################################
[1m                           Learning iteration 66/400                            [0m 

                               Run name: hls2909-fix7
                            Total steps: 6586368 
                       Steps per second: 47507 
                        Collection time: 1.920s 
                          Learning time: 0.150s 
                        Mean value loss: 0.0235
                    Mean surrogate loss: -0.0158
                      Mean entropy loss: 10.4720
                            Mean reward: 0.45
                    Mean episode length: 26.62
                        Mean action std: 0.51
   Episode_Reward/track_linear_velocity: 0.0177
  Episode_Reward/track_angular_velocity: 0.0002
                 Episode_Reward/upright: 0.0191
                    Episode_Reward/pose: 0.0038
            Episode_Reward/body_ang_vel: -0.0372
        Episode_Reward/angular_momentum: -0.0000
          Episode_Reward/dof_pos_limits: -0.0030
          Episode_Reward/action_rate_l2: -0.0167
                Episode_Reward/air_time: 0.0041
          Episode_Reward/foot_clearance: -0.0005
       Episode_Reward/foot_swing_height: -0.0016
               Episode_Reward/foot_slip: -0.0002
         Episode_Reward/self_collisions: -0.0008
      Episode_Reward/head_pose_tracking: 0.0368
      Episode_Reward/body_pose_tracking: 0.0000
          Episode_Reward/head_pose_bias: 0.0000
        Episode_Metrics/mean_action_acc: 0.8503
          Curriculum/action_rate_weight: -0.1000
               Curriculum/standing_envs: 0.0200
             Curriculum/head_pose_range: 0.0700
             Curriculum/body_pose_range: 0.0500
                   Curriculum/com_range: 0.0030
              Curriculum/head_com_range: 0.0030
       Curriculum/head_pose_bias_weight: 0.0000
             Metrics/twist/error_vel_xy: 0.0243
            Metrics/twist/error_vel_yaw: 0.1995
           Episode_Termination/time_out: 0.0000
          Episode_Termination/fell_over: 145.7500
Episode_Termination/out_of_terrain_bounds: 0.0000
          Episode_Termination/nan_state: 0.0000
          Metrics/angular_momentum_mean: 0.0117
                  Metrics/air_time_mean: 0.0400
               Metrics/peak_height_mean: 0.0089
             Metrics/slip_velocity_mean: 0.2795
--------------------------------------------------------------------------------
                         Iteration time: 2.07s
                           Time elapsed: 00:02:19
                                    ETA: 00:11:32

################################################################################
[1m                           Learning iteration 67/400                            [0m 

                               Run name: hls2909-fix7
                            Total steps: 6684672 
                       Steps per second: 47143 
                        Collection time: 1.932s 
                          Learning time: 0.154s 
                        Mean value loss: 0.0235
                    Mean surrogate loss: -0.0165
                      Mean entropy loss: 10.4708
                            Mean reward: 0.45
                    Mean episode length: 28.33
                        Mean action std: 0.51
   Episode_Reward/track_linear_velocity: 0.0176
  Episode_Reward/track_angular_velocity: 0.0002
                 Episode_Reward/upright: 0.0191
                    Episode_Reward/pose: 0.0037
            Episode_Reward/body_ang_vel: -0.0365
        Episode_Reward/angular_momentum: -0.0000
          Episode_Reward/dof_pos_limits: -0.0030
          Episode_Reward/action_rate_l2: -0.0167
                Episode_Reward/air_time: 0.0040
          Episode_Reward/foot_clearance: -0.0005
       Episode_Reward/foot_swing_height: -0.0016
               Episode_Reward/foot_slip: -0.0002
         Episode_Reward/self_collisions: -0.0008
      Episode_Reward/head_pose_tracking: 0.0368
      Episode_Reward/body_pose_tracking: 0.0000
          Episode_Reward/head_pose_bias: 0.0000
        Episode_Metrics/mean_action_acc: 0.8481
          Curriculum/action_rate_weight: -0.1000
               Curriculum/standing_envs: 0.0200
             Curriculum/head_pose_range: 0.0700
             Curriculum/body_pose_range: 0.0500
                   Curriculum/com_range: 0.0030
              Curriculum/head_com_range: 0.0030
       Curriculum/head_pose_bias_weight: 0.0000
             Metrics/twist/error_vel_xy: 0.0243
            Metrics/twist/error_vel_yaw: 0.2018
           Episode_Termination/time_out: 0.0000
          Episode_Termination/fell_over: 147.5833
Episode_Termination/out_of_terrain_bounds: 0.0000
          Episode_Termination/nan_state: 0.0000
          Metrics/angular_momentum_mean: 0.0117
                  Metrics/air_time_mean: 0.0400
               Metrics/peak_height_mean: 0.0088
             Metrics/slip_velocity_mean: 0.2843
--------------------------------------------------------------------------------
                         Iteration time: 2.09s
                           Time elapsed: 00:02:21
                                    ETA: 00:11:30

################################################################################
[1m                           Learning iteration 68/400                            [0m 

                               Run name: hls2909-fix7
                            Total steps: 6782976 
                       Steps per second: 47134 
                        Collection time: 1.933s 
                          Learning time: 0.152s 
                        Mean value loss: 0.0235
                    Mean surrogate loss: -0.0165
                      Mean entropy loss: 10.4862
                            Mean reward: 0.38
                    Mean episode length: 28.53
                        Mean action std: 0.51
   Episode_Reward/track_linear_velocity: 0.0177
  Episode_Reward/track_angular_velocity: 0.0002
                 Episode_Reward/upright: 0.0194
                    Episode_Reward/pose: 0.0037
            Episode_Reward/body_ang_vel: -0.0374
        Episode_Reward/angular_momentum: -0.0000
          Episode_Reward/dof_pos_limits: -0.0029
          Episode_Reward/action_rate_l2: -0.0167
                Episode_Reward/air_time: 0.0040
          Episode_Reward/foot_clearance: -0.0005
       Episode_Reward/foot_swing_height: -0.0016
               Episode_Reward/foot_slip: -0.0002
         Episode_Reward/self_collisions: -0.0008
      Episode_Reward/head_pose_tracking: 0.0369
      Episode_Reward/body_pose_tracking: 0.0000
          Episode_Reward/head_pose_bias: 0.0000
        Episode_Metrics/mean_action_acc: 0.8494
          Curriculum/action_rate_weight: -0.1000
               Curriculum/standing_envs: 0.0200
             Curriculum/head_pose_range: 0.0700
             Curriculum/body_pose_range: 0.0500
                   Curriculum/com_range: 0.0030
              Curriculum/head_com_range: 0.0030
       Curriculum/head_pose_bias_weight: 0.0000
             Metrics/twist/error_vel_xy: 0.0243
            Metrics/twist/error_vel_yaw: 0.2011
           Episode_Termination/time_out: 0.0000
          Episode_Termination/fell_over: 145.3333
Episode_Termination/out_of_terrain_bounds: 0.0000
          Episode_Termination/nan_state: 0.0000
          Metrics/angular_momentum_mean: 0.0117
                  Metrics/air_time_mean: 0.0401
               Metrics/peak_height_mean: 0.0088
             Metrics/slip_velocity_mean: 0.2837
--------------------------------------------------------------------------------
                         Iteration time: 2.09s
                           Time elapsed: 00:02:23
                                    ETA: 00:11:28

################################################################################
[1m                           Learning iteration 69/400                            [0m 

                               Run name: hls2909-fix7
                            Total steps: 6881280 
                       Steps per second: 47660 
                        Collection time: 1.911s 
                          Learning time: 0.151s 
                        Mean value loss: 0.0233
                    Mean surrogate loss: -0.0164
                      Mean entropy loss: 10.4921
                            Mean reward: 0.46
                    Mean episode length: 27.80
                        Mean action std: 0.51
   Episode_Reward/track_linear_velocity: 0.0178
  Episode_Reward/track_angular_velocity: 0.0003
                 Episode_Reward/upright: 0.0191
                    Episode_Reward/pose: 0.0037
            Episode_Reward/body_ang_vel: -0.0366
        Episode_Reward/angular_momentum: -0.0000
          Episode_Reward/dof_pos_limits: -0.0029
          Episode_Reward/action_rate_l2: -0.0167
                Episode_Reward/air_time: 0.0041
          Episode_Reward/foot_clearance: -0.0005
       Episode_Reward/foot_swing_height: -0.0016
               Episode_Reward/foot_slip: -0.0002
         Episode_Reward/self_collisions: -0.0008
      Episode_Reward/head_pose_tracking: 0.0368
      Episode_Reward/body_pose_tracking: 0.0000
          Episode_Reward/head_pose_bias: 0.0000
        Episode_Metrics/mean_action_acc: 0.8486
          Curriculum/action_rate_weight: -0.1000
               Curriculum/standing_envs: 0.0200
             Curriculum/head_pose_range: 0.0700
             Curriculum/body_pose_range: 0.0500
                   Curriculum/com_range: 0.0030
              Curriculum/head_com_range: 0.0030
       Curriculum/head_pose_bias_weight: 0.0000
             Metrics/twist/error_vel_xy: 0.0242
            Metrics/twist/error_vel_yaw: 0.1989
           Episode_Termination/time_out: 0.0000
          Episode_Termination/fell_over: 147.5000
Episode_Termination/out_of_terrain_bounds: 0.0000
          Episode_Termination/nan_state: 0.0000
          Metrics/angular_momentum_mean: 0.0117
                  Metrics/air_time_mean: 0.0399
               Metrics/peak_height_mean: 0.0088
             Metrics/slip_velocity_mean: 0.2817
--------------------------------------------------------------------------------
                         Iteration time: 2.06s
                           Time elapsed: 00:02:25
                                    ETA: 00:11:26

################################################################################
[1m                           Learning iteration 70/400                            [0m 

                               Run name: hls2909-fix7
                            Total steps: 6979584 
                       Steps per second: 47389 
                        Collection time: 1.926s 
                          Learning time: 0.149s 
                        Mean value loss: 0.0223
                    Mean surrogate loss: -0.0155
                      Mean entropy loss: 10.5039
                            Mean reward: 0.46
                    Mean episode length: 27.92
                        Mean action std: 0.51
   Episode_Reward/track_linear_velocity: 0.0177
  Episode_Reward/track_angular_velocity: 0.0002
                 Episode_Reward/upright: 0.0193
                    Episode_Reward/pose: 0.0038
            Episode_Reward/body_ang_vel: -0.0364
        Episode_Reward/angular_momentum: -0.0000
          Episode_Reward/dof_pos_limits: -0.0028
          Episode_Reward/action_rate_l2: -0.0166
                Episode_Reward/air_time: 0.0040
          Episode_Reward/foot_clearance: -0.0005
       Episode_Reward/foot_swing_height: -0.0016
               Episode_Reward/foot_slip: -0.0002
         Episode_Reward/self_collisions: -0.0008
      Episode_Reward/head_pose_tracking: 0.0369
      Episode_Reward/body_pose_tracking: 0.0000
          Episode_Reward/head_pose_bias: 0.0000
        Episode_Metrics/mean_action_acc: 0.8472
          Curriculum/action_rate_weight: -0.1000
               Curriculum/standing_envs: 0.0200
             Curriculum/head_pose_range: 0.0700
             Curriculum/body_pose_range: 0.0500
                   Curriculum/com_range: 0.0030
              Curriculum/head_com_range: 0.0030
       Curriculum/head_pose_bias_weight: 0.0000
             Metrics/twist/error_vel_xy: 0.0240
            Metrics/twist/error_vel_yaw: 0.1986
           Episode_Termination/time_out: 0.0000
          Episode_Termination/fell_over: 147.0417
Episode_Termination/out_of_terrain_bounds: 0.0000
          Episode_Termination/nan_state: 0.0000
          Metrics/angular_momentum_mean: 0.0117
                  Metrics/air_time_mean: 0.0398
               Metrics/peak_height_mean: 0.0088
             Metrics/slip_velocity_mean: 0.2840
--------------------------------------------------------------------------------
                         Iteration time: 2.07s
                           Time elapsed: 00:02:27
                                    ETA: 00:11:24

################################################################################
[1m                           Learning iteration 71/400                            [0m 

                               Run name: hls2909-fix7
                            Total steps: 7077888 
                       Steps per second: 47311 
                        Collection time: 1.925s 
                          Learning time: 0.152s 
                        Mean value loss: 0.0227
                    Mean surrogate loss: -0.0165
                      Mean entropy loss: 10.5079
                            Mean reward: 0.45
                    Mean episode length: 28.74
                        Mean action std: 0.51
   Episode_Reward/track_linear_velocity: 0.0176
  Episode_Reward/track_angular_velocity: 0.0002
                 Episode_Reward/upright: 0.0191
                    Episode_Reward/pose: 0.0037
            Episode_Reward/body_ang_vel: -0.0365
        Episode_Reward/angular_momentum: -0.0000
          Episode_Reward/dof_pos_limits: -0.0029
          Episode_Reward/action_rate_l2: -0.0167
                Episode_Reward/air_time: 0.0038
          Episode_Reward/foot_clearance: -0.0005
       Episode_Reward/foot_swing_height: -0.0016
               Episode_Reward/foot_slip: -0.0002
         Episode_Reward/self_collisions: -0.0008
      Episode_Reward/head_pose_tracking: 0.0368
      Episode_Reward/body_pose_tracking: 0.0000
          Episode_Reward/head_pose_bias: 0.0000
        Episode_Metrics/mean_action_acc: 0.8476
          Curriculum/action_rate_weight: -0.1000
               Curriculum/standing_envs: 0.0200
             Curriculum/head_pose_range: 0.0700
             Curriculum/body_pose_range: 0.0500
                   Curriculum/com_range: 0.0030
              Curriculum/head_com_range: 0.0030
       Curriculum/head_pose_bias_weight: 0.0000
             Metrics/twist/error_vel_xy: 0.0243
            Metrics/twist/error_vel_yaw: 0.1983
           Episode_Termination/time_out: 0.0000
          Episode_Termination/fell_over: 146.2500
Episode_Termination/out_of_terrain_bounds: 0.0000
          Episode_Termination/nan_state: 0.0000
          Metrics/angular_momentum_mean: 0.0117
                  Metrics/air_time_mean: 0.0398
               Metrics/peak_height_mean: 0.0088
             Metrics/slip_velocity_mean: 0.2818
--------------------------------------------------------------------------------
                         Iteration time: 2.08s
                           Time elapsed: 00:02:29
                                    ETA: 00:11:22

################################################################################
[1m                           Learning iteration 72/400                            [0m 

                               Run name: hls2909-fix7
                            Total steps: 7176192 
                       Steps per second: 47846 
                        Collection time: 1.906s 
                          Learning time: 0.149s 
                        Mean value loss: 0.0238
                    Mean surrogate loss: -0.0163
                      Mean entropy loss: 10.5015
                            Mean reward: 0.50
                    Mean episode length: 26.60
                        Mean action std: 0.51
   Episode_Reward/track_linear_velocity: 0.0181
  Episode_Reward/track_angular_velocity: 0.0002
                 Episode_Reward/upright: 0.0195
                    Episode_Reward/pose: 0.0038
            Episode_Reward/body_ang_vel: -0.0365
        Episode_Reward/angular_momentum: -0.0000
          Episode_Reward/dof_pos_limits: -0.0030
          Episode_Reward/action_rate_l2: -0.0167
                Episode_Reward/air_time: 0.0041
          Episode_Reward/foot_clearance: -0.0005
       Episode_Reward/foot_swing_height: -0.0016
               Episode_Reward/foot_slip: -0.0002
         Episode_Reward/self_collisions: -0.0008
      Episode_Reward/head_pose_tracking: 0.0371
      Episode_Reward/body_pose_tracking: 0.0000
          Episode_Reward/head_pose_bias: 0.0000
        Episode_Metrics/mean_action_acc: 0.8446
          Curriculum/action_rate_weight: -0.1000
               Curriculum/standing_envs: 0.0200
             Curriculum/head_pose_range: 0.0700
             Curriculum/body_pose_range: 0.0500
                   Curriculum/com_range: 0.0030
              Curriculum/head_com_range: 0.0030
       Curriculum/head_pose_bias_weight: 0.0000
             Metrics/twist/error_vel_xy: 0.0243
            Metrics/twist/error_vel_yaw: 0.1992
           Episode_Termination/time_out: 0.0000
          Episode_Termination/fell_over: 145.2500
Episode_Termination/out_of_terrain_bounds: 0.0000
          Episode_Termination/nan_state: 0.0000
          Metrics/angular_momentum_mean: 0.0117
                  Metrics/air_time_mean: 0.0399
               Metrics/peak_height_mean: 0.0088
             Metrics/slip_velocity_mean: 0.2827
--------------------------------------------------------------------------------
                         Iteration time: 2.05s
                           Time elapsed: 00:02:31
                                    ETA: 00:11:20

################################################################################
[1m                           Learning iteration 73/400                            [0m 

                               Run name: hls2909-fix7
                            Total steps: 7274496 
                       Steps per second: 47607 
                        Collection time: 1.914s 
                          Learning time: 0.151s 
                        Mean value loss: 0.0238
                    Mean surrogate loss: -0.0168
                      Mean entropy loss: 10.5281
                            Mean reward: 0.41
                    Mean episode length: 28.66
                        Mean action std: 0.51
   Episode_Reward/track_linear_velocity: 0.0181
  Episode_Reward/track_angular_velocity: 0.0002
                 Episode_Reward/upright: 0.0194
                    Episode_Reward/pose: 0.0037
            Episode_Reward/body_ang_vel: -0.0370
        Episode_Reward/angular_momentum: -0.0000
          Episode_Reward/dof_pos_limits: -0.0029
          Episode_Reward/action_rate_l2: -0.0167
                Episode_Reward/air_time: 0.0039
          Episode_Reward/foot_clearance: -0.0005
       Episode_Reward/foot_swing_height: -0.0016
               Episode_Reward/foot_slip: -0.0002
         Episode_Reward/self_collisions: -0.0008
      Episode_Reward/head_pose_tracking: 0.0372
      Episode_Reward/body_pose_tracking: 0.0000
          Episode_Reward/head_pose_bias: 0.0000
        Episode_Metrics/mean_action_acc: 0.8445
          Curriculum/action_rate_weight: -0.1000
               Curriculum/standing_envs: 0.0200
             Curriculum/head_pose_range: 0.0700
             Curriculum/body_pose_range: 0.0500
                   Curriculum/com_range: 0.0030
              Curriculum/head_com_range: 0.0030
       Curriculum/head_pose_bias_weight: 0.0000
             Metrics/twist/error_vel_xy: 0.0240
            Metrics/twist/error_vel_yaw: 0.2007
           Episode_Termination/time_out: 0.0000
          Episode_Termination/fell_over: 148.0417
Episode_Termination/out_of_terrain_bounds: 0.0000
          Episode_Termination/nan_state: 0.0000
          Metrics/angular_momentum_mean: 0.0117
                  Metrics/air_time_mean: 0.0401
               Metrics/peak_height_mean: 0.0089
             Metrics/slip_velocity_mean: 0.2826
--------------------------------------------------------------------------------
                         Iteration time: 2.06s
                           Time elapsed: 00:02:33
                                    ETA: 00:11:17

################################################################################
[1m                           Learning iteration 74/400                            [0m 

                               Run name: hls2909-fix7
                            Total steps: 7372800 
                       Steps per second: 47710 
                        Collection time: 1.912s 
                          Learning time: 0.149s 
                        Mean value loss: 0.0235
                    Mean surrogate loss: -0.0172
                      Mean entropy loss: 10.5211
                            Mean reward: 0.40
                    Mean episode length: 27.97
                        Mean action std: 0.51
   Episode_Reward/track_linear_velocity: 0.0179
  Episode_Reward/track_angular_velocity: 0.0002
                 Episode_Reward/upright: 0.0190
                    Episode_Reward/pose: 0.0037
            Episode_Reward/body_ang_vel: -0.0364
        Episode_Reward/angular_momentum: -0.0000
          Episode_Reward/dof_pos_limits: -0.0028
          Episode_Reward/action_rate_l2: -0.0165
                Episode_Reward/air_time: 0.0041
          Episode_Reward/foot_clearance: -0.0005
       Episode_Reward/foot_swing_height: -0.0016
               Episode_Reward/foot_slip: -0.0002
         Episode_Reward/self_collisions: -0.0008
      Episode_Reward/head_pose_tracking: 0.0370
      Episode_Reward/body_pose_tracking: 0.0000
          Episode_Reward/head_pose_bias: 0.0000
        Episode_Metrics/mean_action_acc: 0.8425
          Curriculum/action_rate_weight: -0.1000
               Curriculum/standing_envs: 0.0200
             Curriculum/head_pose_range: 0.0700
             Curriculum/body_pose_range: 0.0500
                   Curriculum/com_range: 0.0030
              Curriculum/head_com_range: 0.0030
       Curriculum/head_pose_bias_weight: 0.0000
             Metrics/twist/error_vel_xy: 0.0240
            Metrics/twist/error_vel_yaw: 0.1984
           Episode_Termination/time_out: 0.0000
          Episode_Termination/fell_over: 146.9583
Episode_Termination/out_of_terrain_bounds: 0.0000
          Episode_Termination/nan_state: 0.0000
          Metrics/angular_momentum_mean: 0.0117
                  Metrics/air_time_mean: 0.0401
               Metrics/peak_height_mean: 0.0088
             Metrics/slip_velocity_mean: 0.2834
--------------------------------------------------------------------------------
                         Iteration time: 2.06s
                           Time elapsed: 00:02:35
                                    ETA: 00:11:15

################################################################################
[1m                           Learning iteration 75/400                            [0m 

                               Run name: hls2909-fix7
                            Total steps: 7471104 
                       Steps per second: 47858 
                        Collection time: 1.905s 
                          Learning time: 0.149s 
                        Mean value loss: 0.0237
                    Mean surrogate loss: -0.0173
                      Mean entropy loss: 10.5403
                            Mean reward: 0.48
                    Mean episode length: 27.19
                        Mean action std: 0.51
   Episode_Reward/track_linear_velocity: 0.0179
  Episode_Reward/track_angular_velocity: 0.0002
                 Episode_Reward/upright: 0.0193
                    Episode_Reward/pose: 0.0037
            Episode_Reward/body_ang_vel: -0.0368
        Episode_Reward/angular_momentum: -0.0000
          Episode_Reward/dof_pos_limits: -0.0029
          Episode_Reward/action_rate_l2: -0.0166
                Episode_Reward/air_time: 0.0040
          Episode_Reward/foot_clearance: -0.0005
       Episode_Reward/foot_swing_height: -0.0016
               Episode_Reward/foot_slip: -0.0002
         Episode_Reward/self_collisions: -0.0008
      Episode_Reward/head_pose_tracking: 0.0372
      Episode_Reward/body_pose_tracking: 0.0000
          Episode_Reward/head_pose_bias: 0.0000
        Episode_Metrics/mean_action_acc: 0.8412
          Curriculum/action_rate_weight: -0.1000
               Curriculum/standing_envs: 0.0200
             Curriculum/head_pose_range: 0.0700
             Curriculum/body_pose_range: 0.0500
                   Curriculum/com_range: 0.0030
              Curriculum/head_com_range: 0.0030
       Curriculum/head_pose_bias_weight: 0.0000
             Metrics/twist/error_vel_xy: 0.0244
            Metrics/twist/error_vel_yaw: 0.1990
           Episode_Termination/time_out: 0.0000
          Episode_Termination/fell_over: 145.1250
Episode_Termination/out_of_terrain_bounds: 0.0000
          Episode_Termination/nan_state: 0.0000
          Metrics/angular_momentum_mean: 0.0117
                  Metrics/air_time_mean: 0.0398
               Metrics/peak_height_mean: 0.0089
             Metrics/slip_velocity_mean: 0.2837
--------------------------------------------------------------------------------
                         Iteration time: 2.05s
                           Time elapsed: 00:02:38
                                    ETA: 00:11:13

################################################################################
[1m                           Learning iteration 76/400                            [0m 

                               Run name: hls2909-fix7
                            Total steps: 7569408 
                       Steps per second: 47609 
                        Collection time: 1.915s 
                          Learning time: 0.150s 
                        Mean value loss: 0.0235
                    Mean surrogate loss: -0.0177
                      Mean entropy loss: 10.5366
                            Mean reward: 0.40
                    Mean episode length: 27.24
                        Mean action std: 0.51
   Episode_Reward/track_linear_velocity: 0.0178
  Episode_Reward/track_angular_velocity: 0.0002
                 Episode_Reward/upright: 0.0192
                    Episode_Reward/pose: 0.0037
            Episode_Reward/body_ang_vel: -0.0370
        Episode_Reward/angular_momentum: -0.0000
          Episode_Reward/dof_pos_limits: -0.0029
          Episode_Reward/action_rate_l2: -0.0166
                Episode_Reward/air_time: 0.0040
          Episode_Reward/foot_clearance: -0.0005
       Episode_Reward/foot_swing_height: -0.0016
               Episode_Reward/foot_slip: -0.0002
         Episode_Reward/self_collisions: -0.0008
      Episode_Reward/head_pose_tracking: 0.0372
      Episode_Reward/body_pose_tracking: 0.0000
          Episode_Reward/head_pose_bias: 0.0000
        Episode_Metrics/mean_action_acc: 0.8420
          Curriculum/action_rate_weight: -0.1000
               Curriculum/standing_envs: 0.0200
             Curriculum/head_pose_range: 0.0700
             Curriculum/body_pose_range: 0.0500
                   Curriculum/com_range: 0.0030
              Curriculum/head_com_range: 0.0030
       Curriculum/head_pose_bias_weight: 0.0000
             Metrics/twist/error_vel_xy: 0.0242
            Metrics/twist/error_vel_yaw: 0.1987
           Episode_Termination/time_out: 0.0000
          Episode_Termination/fell_over: 147.4167
Episode_Termination/out_of_terrain_bounds: 0.0000
          Episode_Termination/nan_state: 0.0000
          Metrics/angular_momentum_mean: 0.0118
                  Metrics/air_time_mean: 0.0400
               Metrics/peak_height_mean: 0.0090
             Metrics/slip_velocity_mean: 0.2845
--------------------------------------------------------------------------------
                         Iteration time: 2.06s
                           Time elapsed: 00:02:40
                                    ETA: 00:11:11

################################################################################
[1m                           Learning iteration 77/400                            [0m 

                               Run name: hls2909-fix7
                            Total steps: 7667712 
                       Steps per second: 47461 
                        Collection time: 1.920s 
                          Learning time: 0.151s 
                        Mean value loss: 0.0232
                    Mean surrogate loss: -0.0172
                      Mean entropy loss: 10.5730
                            Mean reward: 0.55
                    Mean episode length: 26.79
                        Mean action std: 0.51
   Episode_Reward/track_linear_velocity: 0.0176
  Episode_Reward/track_angular_velocity: 0.0002
                 Episode_Reward/upright: 0.0192
                    Episode_Reward/pose: 0.0037
            Episode_Reward/body_ang_vel: -0.0364
        Episode_Reward/angular_momentum: -0.0000
          Episode_Reward/dof_pos_limits: -0.0028
          Episode_Reward/action_rate_l2: -0.0164
                Episode_Reward/air_time: 0.0040
          Episode_Reward/foot_clearance: -0.0005
       Episode_Reward/foot_swing_height: -0.0016
               Episode_Reward/foot_slip: -0.0002
         Episode_Reward/self_collisions: -0.0008
      Episode_Reward/head_pose_tracking: 0.0367
      Episode_Reward/body_pose_tracking: 0.0000
          Episode_Reward/head_pose_bias: 0.0000
        Episode_Metrics/mean_action_acc: 0.8418
          Curriculum/action_rate_weight: -0.1000
               Curriculum/standing_envs: 0.0200
             Curriculum/head_pose_range: 0.0700
             Curriculum/body_pose_range: 0.0500
                   Curriculum/com_range: 0.0030
              Curriculum/head_com_range: 0.0030
       Curriculum/head_pose_bias_weight: 0.0000
             Metrics/twist/error_vel_xy: 0.0241
            Metrics/twist/error_vel_yaw: 0.1946
           Episode_Termination/time_out: 0.0000
          Episode_Termination/fell_over: 147.0833
Episode_Termination/out_of_terrain_bounds: 0.0000
          Episode_Termination/nan_state: 0.0000
          Metrics/angular_momentum_mean: 0.0117
                  Metrics/air_time_mean: 0.0401
               Metrics/peak_height_mean: 0.0088
             Metrics/slip_velocity_mean: 0.2837
--------------------------------------------------------------------------------
                         Iteration time: 2.07s
                           Time elapsed: 00:02:42
                                    ETA: 00:11:09

################################################################################
[1m                           Learning iteration 78/400                            [0m 

                               Run name: hls2909-fix7
                            Total steps: 7766016 
                       Steps per second: 47692 
                        Collection time: 1.910s 
                          Learning time: 0.151s 
                        Mean value loss: 0.0238
                    Mean surrogate loss: -0.0171
                      Mean entropy loss: 10.5726
                            Mean reward: 0.40
                    Mean episode length: 27.52
                        Mean action std: 0.52
   Episode_Reward/track_linear_velocity: 0.0177
  Episode_Reward/track_angular_velocity: 0.0002
                 Episode_Reward/upright: 0.0191
                    Episode_Reward/pose: 0.0038
            Episode_Reward/body_ang_vel: -0.0371
        Episode_Reward/angular_momentum: -0.0000
          Episode_Reward/dof_pos_limits: -0.0028
          Episode_Reward/action_rate_l2: -0.0165
                Episode_Reward/air_time: 0.0040
          Episode_Reward/foot_clearance: -0.0005
       Episode_Reward/foot_swing_height: -0.0016
               Episode_Reward/foot_slip: -0.0002
         Episode_Reward/self_collisions: -0.0009
      Episode_Reward/head_pose_tracking: 0.0370
      Episode_Reward/body_pose_tracking: 0.0000
          Episode_Reward/head_pose_bias: 0.0000
        Episode_Metrics/mean_action_acc: 0.8430
          Curriculum/action_rate_weight: -0.1000
               Curriculum/standing_envs: 0.0200
             Curriculum/head_pose_range: 0.0700
             Curriculum/body_pose_range: 0.0500
                   Curriculum/com_range: 0.0030
              Curriculum/head_com_range: 0.0030
       Curriculum/head_pose_bias_weight: 0.0000
             Metrics/twist/error_vel_xy: 0.0242
            Metrics/twist/error_vel_yaw: 0.1951
           Episode_Termination/time_out: 0.0000
          Episode_Termination/fell_over: 148.5417
Episode_Termination/out_of_terrain_bounds: 0.0000
          Episode_Termination/nan_state: 0.0000
          Metrics/angular_momentum_mean: 0.0117
                  Metrics/air_time_mean: 0.0399
               Metrics/peak_height_mean: 0.0088
             Metrics/slip_velocity_mean: 0.2818
--------------------------------------------------------------------------------
                         Iteration time: 2.06s
                           Time elapsed: 00:02:44
                                    ETA: 00:11:07

################################################################################
[1m                           Learning iteration 79/400                            [0m 

                               Run name: hls2909-fix7
                            Total steps: 7864320 
                       Steps per second: 47104 
                        Collection time: 1.937s 
                          Learning time: 0.149s 
                        Mean value loss: 0.0240
                    Mean surrogate loss: -0.0169
                      Mean entropy loss: 10.5859
                            Mean reward: 0.46
                    Mean episode length: 28.16
                        Mean action std: 0.52
   Episode_Reward/track_linear_velocity: 0.0179
  Episode_Reward/track_angular_velocity: 0.0002
                 Episode_Reward/upright: 0.0193
                    Episode_Reward/pose: 0.0038
            Episode_Reward/body_ang_vel: -0.0363
        Episode_Reward/angular_momentum: -0.0000
          Episode_Reward/dof_pos_limits: -0.0029
          Episode_Reward/action_rate_l2: -0.0166
                Episode_Reward/air_time: 0.0038
          Episode_Reward/foot_clearance: -0.0005
       Episode_Reward/foot_swing_height: -0.0016
               Episode_Reward/foot_slip: -0.0002
         Episode_Reward/self_collisions: -0.0008
      Episode_Reward/head_pose_tracking: 0.0370
      Episode_Reward/body_pose_tracking: 0.0000
          Episode_Reward/head_pose_bias: 0.0000
        Episode_Metrics/mean_action_acc: 0.8417
          Curriculum/action_rate_weight: -0.1000
               Curriculum/standing_envs: 0.0200
             Curriculum/head_pose_range: 0.0700
             Curriculum/body_pose_range: 0.0500
                   Curriculum/com_range: 0.0030
              Curriculum/head_com_range: 0.0030
       Curriculum/head_pose_bias_weight: 0.0000
             Metrics/twist/error_vel_xy: 0.0240
            Metrics/twist/error_vel_yaw: 0.1988
           Episode_Termination/time_out: 0.0000
          Episode_Termination/fell_over: 146.5833
Episode_Termination/out_of_terrain_bounds: 0.0000
          Episode_Termination/nan_state: 0.0000
          Metrics/angular_momentum_mean: 0.0118
                  Metrics/air_time_mean: 0.0398
               Metrics/peak_height_mean: 0.0088
             Metrics/slip_velocity_mean: 0.2826
--------------------------------------------------------------------------------
                         Iteration time: 2.09s
                           Time elapsed: 00:02:46
                                    ETA: 00:11:05

################################################################################
[1m                           Learning iteration 80/400                            [0m 

                               Run name: hls2909-fix7
                            Total steps: 7962624 
                       Steps per second: 47724 
                        Collection time: 1.910s 
                          Learning time: 0.149s 
                        Mean value loss: 0.0238
                    Mean surrogate loss: -0.0176
                      Mean entropy loss: 10.6036
                            Mean reward: 0.55
                    Mean episode length: 27.45
                        Mean action std: 0.52
   Episode_Reward/track_linear_velocity: 0.0180
  Episode_Reward/track_angular_velocity: 0.0002
                 Episode_Reward/upright: 0.0191
                    Episode_Reward/pose: 0.0038
            Episode_Reward/body_ang_vel: -0.0366
        Episode_Reward/angular_momentum: -0.0000
          Episode_Reward/dof_pos_limits: -0.0028
          Episode_Reward/action_rate_l2: -0.0165
                Episode_Reward/air_time: 0.0039
          Episode_Reward/foot_clearance: -0.0005
       Episode_Reward/foot_swing_height: -0.0016
               Episode_Reward/foot_slip: -0.0002
         Episode_Reward/self_collisions: -0.0008
      Episode_Reward/head_pose_tracking: 0.0371
      Episode_Reward/body_pose_tracking: 0.0000
          Episode_Reward/head_pose_bias: 0.0000
        Episode_Metrics/mean_action_acc: 0.8418
          Curriculum/action_rate_weight: -0.1000
               Curriculum/standing_envs: 0.0200
             Curriculum/head_pose_range: 0.0700
             Curriculum/body_pose_range: 0.0500
                   Curriculum/com_range: 0.0030
              Curriculum/head_com_range: 0.0030
       Curriculum/head_pose_bias_weight: 0.0000
             Metrics/twist/error_vel_xy: 0.0238
            Metrics/twist/error_vel_yaw: 0.1969
           Episode_Termination/time_out: 0.0000
          Episode_Termination/fell_over: 146.0000
Episode_Termination/out_of_terrain_bounds: 0.0000
          Episode_Termination/nan_state: 0.0000
          Metrics/angular_momentum_mean: 0.0117
                  Metrics/air_time_mean: 0.0399
               Metrics/peak_height_mean: 0.0089
             Metrics/slip_velocity_mean: 0.2818
--------------------------------------------------------------------------------
                         Iteration time: 2.06s
                           Time elapsed: 00:02:48
                                    ETA: 00:11:02

################################################################################
[1m                           Learning iteration 81/400                            [0m 

                               Run name: hls2909-fix7
                            Total steps: 8060928 
                       Steps per second: 47603 
                        Collection time: 1.913s 
                          Learning time: 0.152s 
                        Mean value loss: 0.0230
                    Mean surrogate loss: -0.0178
                      Mean entropy loss: 10.6025
                            Mean reward: 0.39
                    Mean episode length: 28.03
                        Mean action std: 0.52
   Episode_Reward/track_linear_velocity: 0.0177
  Episode_Reward/track_angular_velocity: 0.0002
                 Episode_Reward/upright: 0.0191
                    Episode_Reward/pose: 0.0037
            Episode_Reward/body_ang_vel: -0.0365
        Episode_Reward/angular_momentum: -0.0000
          Episode_Reward/dof_pos_limits: -0.0029
          Episode_Reward/action_rate_l2: -0.0166
                Episode_Reward/air_time: 0.0040
          Episode_Reward/foot_clearance: -0.0005
       Episode_Reward/foot_swing_height: -0.0016
               Episode_Reward/foot_slip: -0.0002
         Episode_Reward/self_collisions: -0.0008
      Episode_Reward/head_pose_tracking: 0.0371
      Episode_Reward/body_pose_tracking: 0.0000
          Episode_Reward/head_pose_bias: 0.0000
        Episode_Metrics/mean_action_acc: 0.8408
          Curriculum/action_rate_weight: -0.1000
               Curriculum/standing_envs: 0.0200
             Curriculum/head_pose_range: 0.0700
             Curriculum/body_pose_range: 0.0500
                   Curriculum/com_range: 0.0030
              Curriculum/head_com_range: 0.0030
       Curriculum/head_pose_bias_weight: 0.0000
             Metrics/twist/error_vel_xy: 0.0242
            Metrics/twist/error_vel_yaw: 0.1982
           Episode_Termination/time_out: 0.0000
          Episode_Termination/fell_over: 148.1667
Episode_Termination/out_of_terrain_bounds: 0.0000
          Episode_Termination/nan_state: 0.0000
          Metrics/angular_momentum_mean: 0.0118
                  Metrics/air_time_mean: 0.0399
               Metrics/peak_height_mean: 0.0089
             Metrics/slip_velocity_mean: 0.2819
--------------------------------------------------------------------------------
                         Iteration time: 2.07s
                           Time elapsed: 00:02:50
                                    ETA: 00:11:00

################################################################################
[1m                           Learning iteration 82/400                            [0m 

                               Run name: hls2909-fix7
                            Total steps: 8159232 
                       Steps per second: 47524 
                        Collection time: 1.918s 
                          Learning time: 0.150s 
                        Mean value loss: 0.0234
                    Mean surrogate loss: -0.0177
                      Mean entropy loss: 10.6162
                            Mean reward: 0.45
                    Mean episode length: 29.23
                        Mean action std: 0.52
   Episode_Reward/track_linear_velocity: 0.0176
  Episode_Reward/track_angular_velocity: 0.0002
                 Episode_Reward/upright: 0.0192
                    Episode_Reward/pose: 0.0037
            Episode_Reward/body_ang_vel: -0.0368
        Episode_Reward/angular_momentum: -0.0000
          Episode_Reward/dof_pos_limits: -0.0029
          Episode_Reward/action_rate_l2: -0.0166
                Episode_Reward/air_time: 0.0040
          Episode_Reward/foot_clearance: -0.0005
       Episode_Reward/foot_swing_height: -0.0016
               Episode_Reward/foot_slip: -0.0002
         Episode_Reward/self_collisions: -0.0008
      Episode_Reward/head_pose_tracking: 0.0373
      Episode_Reward/body_pose_tracking: 0.0000
          Episode_Reward/head_pose_bias: 0.0000
        Episode_Metrics/mean_action_acc: 0.8408
          Curriculum/action_rate_weight: -0.1000
               Curriculum/standing_envs: 0.0200
             Curriculum/head_pose_range: 0.0700
             Curriculum/body_pose_range: 0.0500
                   Curriculum/com_range: 0.0030
              Curriculum/head_com_range: 0.0030
       Curriculum/head_pose_bias_weight: 0.0000
             Metrics/twist/error_vel_xy: 0.0243
            Metrics/twist/error_vel_yaw: 0.1961
           Episode_Termination/time_out: 0.0000
          Episode_Termination/fell_over: 146.5417
Episode_Termination/out_of_terrain_bounds: 0.0000
          Episode_Termination/nan_state: 0.0000
          Metrics/angular_momentum_mean: 0.0117
                  Metrics/air_time_mean: 0.0402
               Metrics/peak_height_mean: 0.0089
             Metrics/slip_velocity_mean: 0.2830
--------------------------------------------------------------------------------
                         Iteration time: 2.07s
                           Time elapsed: 00:02:52
                                    ETA: 00:10:58

################################################################################
[1m                           Learning iteration 83/400                            [0m 

                               Run name: hls2909-fix7
                            Total steps: 8257536 
                       Steps per second: 47365 
                        Collection time: 1.926s 
                          Learning time: 0.150s 
                        Mean value loss: 0.0239
                    Mean surrogate loss: -0.0175
                      Mean entropy loss: 10.6242
                            Mean reward: 0.42
                    Mean episode length: 27.15
                        Mean action std: 0.52
   Episode_Reward/track_linear_velocity: 0.0180
  Episode_Reward/track_angular_velocity: 0.0002
                 Episode_Reward/upright: 0.0194
                    Episode_Reward/pose: 0.0037
            Episode_Reward/body_ang_vel: -0.0370
        Episode_Reward/angular_momentum: -0.0000
          Episode_Reward/dof_pos_limits: -0.0029
          Episode_Reward/action_rate_l2: -0.0167
                Episode_Reward/air_time: 0.0040
          Episode_Reward/foot_clearance: -0.0005
       Episode_Reward/foot_swing_height: -0.0016
               Episode_Reward/foot_slip: -0.0002
         Episode_Reward/self_collisions: -0.0008
      Episode_Reward/head_pose_tracking: 0.0373
      Episode_Reward/body_pose_tracking: 0.0000
          Episode_Reward/head_pose_bias: 0.0000
        Episode_Metrics/mean_action_acc: 0.8400
          Curriculum/action_rate_weight: -0.1000
               Curriculum/standing_envs: 0.0200
             Curriculum/head_pose_range: 0.0700
             Curriculum/body_pose_range: 0.0500
                   Curriculum/com_range: 0.0030
              Curriculum/head_com_range: 0.0030
       Curriculum/head_pose_bias_weight: 0.0000
             Metrics/twist/error_vel_xy: 0.0241
            Metrics/twist/error_vel_yaw: 0.1993
           Episode_Termination/time_out: 0.0000
          Episode_Termination/fell_over: 144.3750
Episode_Termination/out_of_terrain_bounds: 0.0000
          Episode_Termination/nan_state: 0.0000
          Metrics/angular_momentum_mean: 0.0117
                  Metrics/air_time_mean: 0.0401
               Metrics/peak_height_mean: 0.0088
             Metrics/slip_velocity_mean: 0.2832
--------------------------------------------------------------------------------
                         Iteration time: 2.08s
                           Time elapsed: 00:02:54
                                    ETA: 00:10:56

################################################################################
[1m                           Learning iteration 84/400                            [0m 

                               Run name: hls2909-fix7
                            Total steps: 8355840 
                       Steps per second: 47611 
                        Collection time: 1.914s 
                          Learning time: 0.150s 
                        Mean value loss: 0.0239
                    Mean surrogate loss: -0.0170
                      Mean entropy loss: 10.6479
                            Mean reward: 0.47
                    Mean episode length: 28.94
                        Mean action std: 0.52
   Episode_Reward/track_linear_velocity: 0.0181
  Episode_Reward/track_angular_velocity: 0.0002
                 Episode_Reward/upright: 0.0194
                    Episode_Reward/pose: 0.0038
            Episode_Reward/body_ang_vel: -0.0371
        Episode_Reward/angular_momentum: -0.0000
          Episode_Reward/dof_pos_limits: -0.0030
          Episode_Reward/action_rate_l2: -0.0167
                Episode_Reward/air_time: 0.0040
          Episode_Reward/foot_clearance: -0.0005
       Episode_Reward/foot_swing_height: -0.0016
               Episode_Reward/foot_slip: -0.0002
         Episode_Reward/self_collisions: -0.0008
      Episode_Reward/head_pose_tracking: 0.0372
      Episode_Reward/body_pose_tracking: 0.0000
          Episode_Reward/head_pose_bias: 0.0000
        Episode_Metrics/mean_action_acc: 0.8406
          Curriculum/action_rate_weight: -0.1000
               Curriculum/standing_envs: 0.0200
             Curriculum/head_pose_range: 0.0700
             Curriculum/body_pose_range: 0.0500
                   Curriculum/com_range: 0.0030
              Curriculum/head_com_range: 0.0030
       Curriculum/head_pose_bias_weight: 0.0000
             Metrics/twist/error_vel_xy: 0.0244
            Metrics/twist/error_vel_yaw: 0.2002
           Episode_Termination/time_out: 0.0000
          Episode_Termination/fell_over: 146.7083
Episode_Termination/out_of_terrain_bounds: 0.0000
          Episode_Termination/nan_state: 0.0000
          Metrics/angular_momentum_mean: 0.0118
                  Metrics/air_time_mean: 0.0399
               Metrics/peak_height_mean: 0.0089
             Metrics/slip_velocity_mean: 0.2812
--------------------------------------------------------------------------------
                         Iteration time: 2.06s
                           Time elapsed: 00:02:56
                                    ETA: 00:10:54

################################################################################
[1m                           Learning iteration 85/400                            [0m 

                               Run name: hls2909-fix7
                            Total steps: 8454144 
                       Steps per second: 47200 
                        Collection time: 1.930s 
                          Learning time: 0.152s 
                        Mean value loss: 0.0231
                    Mean surrogate loss: -0.0175
                      Mean entropy loss: 10.6451
                            Mean reward: 0.55
                    Mean episode length: 28.36
                        Mean action std: 0.52
   Episode_Reward/track_linear_velocity: 0.0178
  Episode_Reward/track_angular_velocity: 0.0002
                 Episode_Reward/upright: 0.0193
                    Episode_Reward/pose: 0.0037
            Episode_Reward/body_ang_vel: -0.0365
        Episode_Reward/angular_momentum: -0.0000
          Episode_Reward/dof_pos_limits: -0.0029
          Episode_Reward/action_rate_l2: -0.0166
                Episode_Reward/air_time: 0.0041
          Episode_Reward/foot_clearance: -0.0005
       Episode_Reward/foot_swing_height: -0.0016
               Episode_Reward/foot_slip: -0.0002
         Episode_Reward/self_collisions: -0.0008
      Episode_Reward/head_pose_tracking: 0.0371
      Episode_Reward/body_pose_tracking: 0.0000
          Episode_Reward/head_pose_bias: 0.0000
        Episode_Metrics/mean_action_acc: 0.8391
          Curriculum/action_rate_weight: -0.1000
               Curriculum/standing_envs: 0.0200
             Curriculum/head_pose_range: 0.0700
             Curriculum/body_pose_range: 0.0500
                   Curriculum/com_range: 0.0030
              Curriculum/head_com_range: 0.0030
       Curriculum/head_pose_bias_weight: 0.0000
             Metrics/twist/error_vel_xy: 0.0240
            Metrics/twist/error_vel_yaw: 0.1964
           Episode_Termination/time_out: 0.0000
          Episode_Termination/fell_over: 146.5833
Episode_Termination/out_of_terrain_bounds: 0.0000
          Episode_Termination/nan_state: 0.0000
          Metrics/angular_momentum_mean: 0.0117
                  Metrics/air_time_mean: 0.0400
               Metrics/peak_height_mean: 0.0088
             Metrics/slip_velocity_mean: 0.2809
--------------------------------------------------------------------------------
                         Iteration time: 2.08s
                           Time elapsed: 00:02:58
                                    ETA: 00:10:52

################################################################################
[1m                           Learning iteration 86/400                            [0m 

                               Run name: hls2909-fix7
                            Total steps: 8552448 
                       Steps per second: 47656 
                        Collection time: 1.913s 
                          Learning time: 0.150s 
                        Mean value loss: 0.0232
                    Mean surrogate loss: -0.0172
                      Mean entropy loss: 10.6655
                            Mean reward: 0.42
                    Mean episode length: 29.08
                        Mean action std: 0.52
   Episode_Reward/track_linear_velocity: 0.0181
  Episode_Reward/track_angular_velocity: 0.0002
                 Episode_Reward/upright: 0.0193
                    Episode_Reward/pose: 0.0037
            Episode_Reward/body_ang_vel: -0.0372
        Episode_Reward/angular_momentum: -0.0000
          Episode_Reward/dof_pos_limits: -0.0029
          Episode_Reward/action_rate_l2: -0.0167
                Episode_Reward/air_time: 0.0040
          Episode_Reward/foot_clearance: -0.0005
       Episode_Reward/foot_swing_height: -0.0016
               Episode_Reward/foot_slip: -0.0002
         Episode_Reward/self_collisions: -0.0008
      Episode_Reward/head_pose_tracking: 0.0374
      Episode_Reward/body_pose_tracking: 0.0000
          Episode_Reward/head_pose_bias: 0.0000
        Episode_Metrics/mean_action_acc: 0.8399
          Curriculum/action_rate_weight: -0.1000
               Curriculum/standing_envs: 0.0200
             Curriculum/head_pose_range: 0.0700
             Curriculum/body_pose_range: 0.0500
                   Curriculum/com_range: 0.0030
              Curriculum/head_com_range: 0.0030
       Curriculum/head_pose_bias_weight: 0.0000
             Metrics/twist/error_vel_xy: 0.0242
            Metrics/twist/error_vel_yaw: 0.1977
           Episode_Termination/time_out: 0.0000
          Episode_Termination/fell_over: 144.5417
Episode_Termination/out_of_terrain_bounds: 0.0000
          Episode_Termination/nan_state: 0.0000
          Metrics/angular_momentum_mean: 0.0117
                  Metrics/air_time_mean: 0.0401
               Metrics/peak_height_mean: 0.0089
             Metrics/slip_velocity_mean: 0.2834
--------------------------------------------------------------------------------
                         Iteration time: 2.06s
                           Time elapsed: 00:03:00
                                    ETA: 00:10:50

################################################################################
[1m                           Learning iteration 87/400                            [0m 

                               Run name: hls2909-fix7
                            Total steps: 8650752 
                       Steps per second: 47441 
                        Collection time: 1.922s 
                          Learning time: 0.150s 
                        Mean value loss: 0.0238
                    Mean surrogate loss: -0.0167
                      Mean entropy loss: 10.6963
                            Mean reward: 0.45
                    Mean episode length: 28.07
                        Mean action std: 0.52
   Episode_Reward/track_linear_velocity: 0.0178
  Episode_Reward/track_angular_velocity: 0.0002
                 Episode_Reward/upright: 0.0193
                    Episode_Reward/pose: 0.0038
            Episode_Reward/body_ang_vel: -0.0369
        Episode_Reward/angular_momentum: -0.0000
          Episode_Reward/dof_pos_limits: -0.0029
          Episode_Reward/action_rate_l2: -0.0167
                Episode_Reward/air_time: 0.0040
          Episode_Reward/foot_clearance: -0.0005
       Episode_Reward/foot_swing_height: -0.0016
               Episode_Reward/foot_slip: -0.0002
         Episode_Reward/self_collisions: -0.0008
      Episode_Reward/head_pose_tracking: 0.0372
      Episode_Reward/body_pose_tracking: 0.0000
          Episode_Reward/head_pose_bias: 0.0000
        Episode_Metrics/mean_action_acc: 0.8398
          Curriculum/action_rate_weight: -0.1000
               Curriculum/standing_envs: 0.0200
             Curriculum/head_pose_range: 0.0700
             Curriculum/body_pose_range: 0.0500
                   Curriculum/com_range: 0.0030
              Curriculum/head_com_range: 0.0030
       Curriculum/head_pose_bias_weight: 0.0000
             Metrics/twist/error_vel_xy: 0.0245
            Metrics/twist/error_vel_yaw: 0.1980
           Episode_Termination/time_out: 0.0000
          Episode_Termination/fell_over: 148.2917
Episode_Termination/out_of_terrain_bounds: 0.0000
          Episode_Termination/nan_state: 0.0000
          Metrics/angular_momentum_mean: 0.0117
                  Metrics/air_time_mean: 0.0397
               Metrics/peak_height_mean: 0.0089
             Metrics/slip_velocity_mean: 0.2828
--------------------------------------------------------------------------------
                         Iteration time: 2.07s
                           Time elapsed: 00:03:02
                                    ETA: 00:10:48

################################################################################
[1m                           Learning iteration 88/400                            [0m 

                               Run name: hls2909-fix7
                            Total steps: 8749056 
                       Steps per second: 47012 
                        Collection time: 1.941s 
                          Learning time: 0.150s 
                        Mean value loss: 0.0230
                    Mean surrogate loss: -0.0183
                      Mean entropy loss: 10.7019
                            Mean reward: 0.44
                    Mean episode length: 28.03
                        Mean action std: 0.52
   Episode_Reward/track_linear_velocity: 0.0178
  Episode_Reward/track_angular_velocity: 0.0002
                 Episode_Reward/upright: 0.0192
                    Episode_Reward/pose: 0.0037
            Episode_Reward/body_ang_vel: -0.0368
        Episode_Reward/angular_momentum: -0.0000
          Episode_Reward/dof_pos_limits: -0.0030
          Episode_Reward/action_rate_l2: -0.0168
                Episode_Reward/air_time: 0.0039
          Episode_Reward/foot_clearance: -0.0005
       Episode_Reward/foot_swing_height: -0.0016
               Episode_Reward/foot_slip: -0.0002
         Episode_Reward/self_collisions: -0.0008
      Episode_Reward/head_pose_tracking: 0.0373
      Episode_Reward/body_pose_tracking: 0.0000
          Episode_Reward/head_pose_bias: 0.0000
        Episode_Metrics/mean_action_acc: 0.8390
          Curriculum/action_rate_weight: -0.1000
               Curriculum/standing_envs: 0.0200
             Curriculum/head_pose_range: 0.0700
             Curriculum/body_pose_range: 0.0500
                   Curriculum/com_range: 0.0030
              Curriculum/head_com_range: 0.0030
       Curriculum/head_pose_bias_weight: 0.0000
             Metrics/twist/error_vel_xy: 0.0244
            Metrics/twist/error_vel_yaw: 0.1999
           Episode_Termination/time_out: 0.0000
          Episode_Termination/fell_over: 145.1667
Episode_Termination/out_of_terrain_bounds: 0.0000
          Episode_Termination/nan_state: 0.0000
          Metrics/angular_momentum_mean: 0.0117
                  Metrics/air_time_mean: 0.0402
               Metrics/peak_height_mean: 0.0088
             Metrics/slip_velocity_mean: 0.2828
--------------------------------------------------------------------------------
                         Iteration time: 2.09s
                           Time elapsed: 00:03:04
                                    ETA: 00:10:46

################################################################################
[1m                           Learning iteration 89/400                            [0m 

                               Run name: hls2909-fix7
                            Total steps: 8847360 
                       Steps per second: 47420 
                        Collection time: 1.921s 
                          Learning time: 0.153s 
                        Mean value loss: 0.0235
                    Mean surrogate loss: -0.0181
                      Mean entropy loss: 10.7090
                            Mean reward: 0.57
                    Mean episode length: 28.01
                        Mean action std: 0.52
   Episode_Reward/track_linear_velocity: 0.0181
  Episode_Reward/track_angular_velocity: 0.0002
                 Episode_Reward/upright: 0.0192
                    Episode_Reward/pose: 0.0037
            Episode_Reward/body_ang_vel: -0.0365
        Episode_Reward/angular_momentum: -0.0000
          Episode_Reward/dof_pos_limits: -0.0029
          Episode_Reward/action_rate_l2: -0.0168
                Episode_Reward/air_time: 0.0043
          Episode_Reward/foot_clearance: -0.0005
       Episode_Reward/foot_swing_height: -0.0016
               Episode_Reward/foot_slip: -0.0002
         Episode_Reward/self_collisions: -0.0008
      Episode_Reward/head_pose_tracking: 0.0374
      Episode_Reward/body_pose_tracking: 0.0000
          Episode_Reward/head_pose_bias: 0.0000
        Episode_Metrics/mean_action_acc: 0.8400
          Curriculum/action_rate_weight: -0.1000
               Curriculum/standing_envs: 0.0200
             Curriculum/head_pose_range: 0.0700
             Curriculum/body_pose_range: 0.0500
                   Curriculum/com_range: 0.0030
              Curriculum/head_com_range: 0.0030
       Curriculum/head_pose_bias_weight: 0.0000
             Metrics/twist/error_vel_xy: 0.0244
            Metrics/twist/error_vel_yaw: 0.2021
           Episode_Termination/time_out: 0.0000
          Episode_Termination/fell_over: 146.6667
Episode_Termination/out_of_terrain_bounds: 0.0000
          Episode_Termination/nan_state: 0.0000
          Metrics/angular_momentum_mean: 0.0117
                  Metrics/air_time_mean: 0.0403
               Metrics/peak_height_mean: 0.0089
             Metrics/slip_velocity_mean: 0.2844
--------------------------------------------------------------------------------
                         Iteration time: 2.07s
                           Time elapsed: 00:03:07
                                    ETA: 00:10:44

################################################################################
[1m                           Learning iteration 90/400                            [0m 

                               Run name: hls2909-fix7
                            Total steps: 8945664 
                       Steps per second: 47497 
                        Collection time: 1.918s 
                          Learning time: 0.152s 
                        Mean value loss: 0.0232
                    Mean surrogate loss: -0.0182
                      Mean entropy loss: 10.7054
                            Mean reward: 0.39
                    Mean episode length: 26.53
                        Mean action std: 0.52
   Episode_Reward/track_linear_velocity: 0.0179
  Episode_Reward/track_angular_velocity: 0.0002
                 Episode_Reward/upright: 0.0191
                    Episode_Reward/pose: 0.0038
            Episode_Reward/body_ang_vel: -0.0365
        Episode_Reward/angular_momentum: -0.0000
          Episode_Reward/dof_pos_limits: -0.0029
          Episode_Reward/action_rate_l2: -0.0168
                Episode_Reward/air_time: 0.0041
          Episode_Reward/foot_clearance: -0.0005
       Episode_Reward/foot_swing_height: -0.0016
               Episode_Reward/foot_slip: -0.0002
         Episode_Reward/self_collisions: -0.0008
      Episode_Reward/head_pose_tracking: 0.0373
      Episode_Reward/body_pose_tracking: 0.0000
          Episode_Reward/head_pose_bias: 0.0000
        Episode_Metrics/mean_action_acc: 0.8405
          Curriculum/action_rate_weight: -0.1000
               Curriculum/standing_envs: 0.0200
             Curriculum/head_pose_range: 0.0700
             Curriculum/body_pose_range: 0.0500
                   Curriculum/com_range: 0.0030
              Curriculum/head_com_range: 0.0030
       Curriculum/head_pose_bias_weight: 0.0000
             Metrics/twist/error_vel_xy: 0.0243
            Metrics/twist/error_vel_yaw: 0.1985
           Episode_Termination/time_out: 0.0000
          Episode_Termination/fell_over: 145.7083
Episode_Termination/out_of_terrain_bounds: 0.0000
          Episode_Termination/nan_state: 0.0000
          Metrics/angular_momentum_mean: 0.0117
                  Metrics/air_time_mean: 0.0403
               Metrics/peak_height_mean: 0.0089
             Metrics/slip_velocity_mean: 0.2849
--------------------------------------------------------------------------------
                         Iteration time: 2.07s
                           Time elapsed: 00:03:09
                                    ETA: 00:10:42

################################################################################
[1m                           Learning iteration 91/400                            [0m 

                               Run name: hls2909-fix7
                            Total steps: 9043968 
                       Steps per second: 47065 
                        Collection time: 1.934s 
                          Learning time: 0.155s 
                        Mean value loss: 0.0228
                    Mean surrogate loss: -0.0179
                      Mean entropy loss: 10.7010
                            Mean reward: 0.48
                    Mean episode length: 27.45
                        Mean action std: 0.52
   Episode_Reward/track_linear_velocity: 0.0178
  Episode_Reward/track_angular_velocity: 0.0002
                 Episode_Reward/upright: 0.0193
                    Episode_Reward/pose: 0.0038
            Episode_Reward/body_ang_vel: -0.0373
        Episode_Reward/angular_momentum: -0.0000
          Episode_Reward/dof_pos_limits: -0.0029
          Episode_Reward/action_rate_l2: -0.0168
                Episode_Reward/air_time: 0.0042
          Episode_Reward/foot_clearance: -0.0005
       Episode_Reward/foot_swing_height: -0.0016
               Episode_Reward/foot_slip: -0.0002
         Episode_Reward/self_collisions: -0.0008
      Episode_Reward/head_pose_tracking: 0.0373
      Episode_Reward/body_pose_tracking: 0.0000
          Episode_Reward/head_pose_bias: 0.0000
        Episode_Metrics/mean_action_acc: 0.8406
          Curriculum/action_rate_weight: -0.1000
               Curriculum/standing_envs: 0.0200
             Curriculum/head_pose_range: 0.0700
             Curriculum/body_pose_range: 0.0500
                   Curriculum/com_range: 0.0030
              Curriculum/head_com_range: 0.0030
       Curriculum/head_pose_bias_weight: 0.0000
             Metrics/twist/error_vel_xy: 0.0244
            Metrics/twist/error_vel_yaw: 0.1969
           Episode_Termination/time_out: 0.0000
          Episode_Termination/fell_over: 147.3333
Episode_Termination/out_of_terrain_bounds: 0.0000
          Episode_Termination/nan_state: 0.0000
          Metrics/angular_momentum_mean: 0.0118
                  Metrics/air_time_mean: 0.0402
               Metrics/peak_height_mean: 0.0090
             Metrics/slip_velocity_mean: 0.2820
--------------------------------------------------------------------------------
                         Iteration time: 2.09s
                           Time elapsed: 00:03:11
                                    ETA: 00:10:39

################################################################################
[1m                           Learning iteration 92/400                            [0m 

                               Run name: hls2909-fix7
                            Total steps: 9142272 
                       Steps per second: 46910 
                        Collection time: 1.946s 
                          Learning time: 0.150s 
                        Mean value loss: 0.0229
                    Mean surrogate loss: -0.0174
                      Mean entropy loss: 10.6834
                            Mean reward: 0.46
                    Mean episode length: 27.59
                        Mean action std: 0.52
   Episode_Reward/track_linear_velocity: 0.0179
  Episode_Reward/track_angular_velocity: 0.0002
                 Episode_Reward/upright: 0.0192
                    Episode_Reward/pose: 0.0037
            Episode_Reward/body_ang_vel: -0.0362
        Episode_Reward/angular_momentum: -0.0000
          Episode_Reward/dof_pos_limits: -0.0029
          Episode_Reward/action_rate_l2: -0.0166
                Episode_Reward/air_time: 0.0041
          Episode_Reward/foot_clearance: -0.0005
       Episode_Reward/foot_swing_height: -0.0016
               Episode_Reward/foot_slip: -0.0002
         Episode_Reward/self_collisions: -0.0009
      Episode_Reward/head_pose_tracking: 0.0371
      Episode_Reward/body_pose_tracking: 0.0000
          Episode_Reward/head_pose_bias: 0.0000
        Episode_Metrics/mean_action_acc: 0.8388
          Curriculum/action_rate_weight: -0.1000
               Curriculum/standing_envs: 0.0200
             Curriculum/head_pose_range: 0.0700
             Curriculum/body_pose_range: 0.0500
                   Curriculum/com_range: 0.0030
              Curriculum/head_com_range: 0.0030
       Curriculum/head_pose_bias_weight: 0.0000
             Metrics/twist/error_vel_xy: 0.0242
            Metrics/twist/error_vel_yaw: 0.1975
           Episode_Termination/time_out: 0.0000
          Episode_Termination/fell_over: 147.7083
Episode_Termination/out_of_terrain_bounds: 0.0000
          Episode_Termination/nan_state: 0.0000
          Metrics/angular_momentum_mean: 0.0118
                  Metrics/air_time_mean: 0.0400
               Metrics/peak_height_mean: 0.0089
             Metrics/slip_velocity_mean: 0.2831
--------------------------------------------------------------------------------
                         Iteration time: 2.10s
                           Time elapsed: 00:03:13
                                    ETA: 00:10:37

################################################################################
[1m                           Learning iteration 93/400                            [0m 

                               Run name: hls2909-fix7
                            Total steps: 9240576 
                       Steps per second: 47237 
                        Collection time: 1.930s 
                          Learning time: 0.151s 
                        Mean value loss: 0.0230
                    Mean surrogate loss: -0.0172
                      Mean entropy loss: 10.6963
                            Mean reward: 0.51
                    Mean episode length: 28.05
                        Mean action std: 0.52
   Episode_Reward/track_linear_velocity: 0.0177
  Episode_Reward/track_angular_velocity: 0.0002
                 Episode_Reward/upright: 0.0192
                    Episode_Reward/pose: 0.0038
            Episode_Reward/body_ang_vel: -0.0367
        Episode_Reward/angular_momentum: -0.0000
          Episode_Reward/dof_pos_limits: -0.0028
          Episode_Reward/action_rate_l2: -0.0165
                Episode_Reward/air_time: 0.0039
          Episode_Reward/foot_clearance: -0.0005
       Episode_Reward/foot_swing_height: -0.0016
               Episode_Reward/foot_slip: -0.0002
         Episode_Reward/self_collisions: -0.0008
      Episode_Reward/head_pose_tracking: 0.0373
      Episode_Reward/body_pose_tracking: 0.0000
          Episode_Reward/head_pose_bias: 0.0000
        Episode_Metrics/mean_action_acc: 0.8355
          Curriculum/action_rate_weight: -0.1000
               Curriculum/standing_envs: 0.0200
             Curriculum/head_pose_range: 0.0700
             Curriculum/body_pose_range: 0.0500
                   Curriculum/com_range: 0.0030
              Curriculum/head_com_range: 0.0030
       Curriculum/head_pose_bias_weight: 0.0000
             Metrics/twist/error_vel_xy: 0.0243
            Metrics/twist/error_vel_yaw: 0.1942
           Episode_Termination/time_out: 0.0000
          Episode_Termination/fell_over: 146.4583
Episode_Termination/out_of_terrain_bounds: 0.0000
          Episode_Termination/nan_state: 0.0000
          Metrics/angular_momentum_mean: 0.0117
                  Metrics/air_time_mean: 0.0400
               Metrics/peak_height_mean: 0.0090
             Metrics/slip_velocity_mean: 0.2806
--------------------------------------------------------------------------------
                         Iteration time: 2.08s
                           Time elapsed: 00:03:15
                                    ETA: 00:10:35

################################################################################
[1m                           Learning iteration 94/400                            [0m 

                               Run name: hls2909-fix7
                            Total steps: 9338880 
                       Steps per second: 47019 
                        Collection time: 1.937s 
                          Learning time: 0.154s 
                        Mean value loss: 0.0226
                    Mean surrogate loss: -0.0177
                      Mean entropy loss: 10.7111
                            Mean reward: 0.50
                    Mean episode length: 28.26
                        Mean action std: 0.52
   Episode_Reward/track_linear_velocity: 0.0177
  Episode_Reward/track_angular_velocity: 0.0002
                 Episode_Reward/upright: 0.0191
                    Episode_Reward/pose: 0.0038
            Episode_Reward/body_ang_vel: -0.0364
        Episode_Reward/angular_momentum: -0.0000
          Episode_Reward/dof_pos_limits: -0.0028
          Episode_Reward/action_rate_l2: -0.0166
                Episode_Reward/air_time: 0.0041
          Episode_Reward/foot_clearance: -0.0005
       Episode_Reward/foot_swing_height: -0.0016
               Episode_Reward/foot_slip: -0.0002
         Episode_Reward/self_collisions: -0.0008
      Episode_Reward/head_pose_tracking: 0.0373
      Episode_Reward/body_pose_tracking: 0.0000
          Episode_Reward/head_pose_bias: 0.0000
        Episode_Metrics/mean_action_acc: 0.8351
          Curriculum/action_rate_weight: -0.1000
               Curriculum/standing_envs: 0.0200
             Curriculum/head_pose_range: 0.0700
             Curriculum/body_pose_range: 0.0500
                   Curriculum/com_range: 0.0030
              Curriculum/head_com_range: 0.0030
       Curriculum/head_pose_bias_weight: 0.0000
             Metrics/twist/error_vel_xy: 0.0243
            Metrics/twist/error_vel_yaw: 0.1989
           Episode_Termination/time_out: 0.0000
          Episode_Termination/fell_over: 146.6250
Episode_Termination/out_of_terrain_bounds: 0.0000
          Episode_Termination/nan_state: 0.0000
          Metrics/angular_momentum_mean: 0.0118
                  Metrics/air_time_mean: 0.0401
               Metrics/peak_height_mean: 0.0090
             Metrics/slip_velocity_mean: 0.2858
--------------------------------------------------------------------------------
                         Iteration time: 2.09s
                           Time elapsed: 00:03:17
                                    ETA: 00:10:33

################################################################################
[1m                           Learning iteration 95/400                            [0m 

                               Run name: hls2909-fix7
                            Total steps: 9437184 
                       Steps per second: 47206 
                        Collection time: 1.935s 
                          Learning time: 0.148s 
                        Mean value loss: 0.0234
                    Mean surrogate loss: -0.0183
                      Mean entropy loss: 10.7176
                            Mean reward: 0.41
                    Mean episode length: 27.84
                        Mean action std: 0.52
   Episode_Reward/track_linear_velocity: 0.0178
  Episode_Reward/track_angular_velocity: 0.0002
                 Episode_Reward/upright: 0.0193
                    Episode_Reward/pose: 0.0038
            Episode_Reward/body_ang_vel: -0.0370
        Episode_Reward/angular_momentum: -0.0000
          Episode_Reward/dof_pos_limits: -0.0028
          Episode_Reward/action_rate_l2: -0.0166
                Episode_Reward/air_time: 0.0039
          Episode_Reward/foot_clearance: -0.0005
       Episode_Reward/foot_swing_height: -0.0016
               Episode_Reward/foot_slip: -0.0002
         Episode_Reward/self_collisions: -0.0008
      Episode_Reward/head_pose_tracking: 0.0372
      Episode_Reward/body_pose_tracking: 0.0000
          Episode_Reward/head_pose_bias: 0.0000
        Episode_Metrics/mean_action_acc: 0.8368
          Curriculum/action_rate_weight: -0.1000
               Curriculum/standing_envs: 0.0200
             Curriculum/head_pose_range: 0.0700
             Curriculum/body_pose_range: 0.0500
                   Curriculum/com_range: 0.0030
              Curriculum/head_com_range: 0.0030
       Curriculum/head_pose_bias_weight: 0.0000
             Metrics/twist/error_vel_xy: 0.0243
            Metrics/twist/error_vel_yaw: 0.1958
           Episode_Termination/time_out: 0.0000
          Episode_Termination/fell_over: 147.4167
Episode_Termination/out_of_terrain_bounds: 0.0000
          Episode_Termination/nan_state: 0.0000
          Metrics/angular_momentum_mean: 0.0118
                  Metrics/air_time_mean: 0.0401
               Metrics/peak_height_mean: 0.0089
             Metrics/slip_velocity_mean: 0.2824
--------------------------------------------------------------------------------
                         Iteration time: 2.08s
                           Time elapsed: 00:03:19
                                    ETA: 00:10:31

################################################################################
[1m                           Learning iteration 96/400                            [0m 

                               Run name: hls2909-fix7
                            Total steps: 9535488 
                       Steps per second: 46907 
                        Collection time: 1.940s 
                          Learning time: 0.156s 
                        Mean value loss: 0.0236
                    Mean surrogate loss: -0.0183
                      Mean entropy loss: 10.7295
                            Mean reward: 0.51
                    Mean episode length: 28.66
                        Mean action std: 0.52
   Episode_Reward/track_linear_velocity: 0.0180
  Episode_Reward/track_angular_velocity: 0.0002
                 Episode_Reward/upright: 0.0194
                    Episode_Reward/pose: 0.0038
            Episode_Reward/body_ang_vel: -0.0363
        Episode_Reward/angular_momentum: -0.0000
          Episode_Reward/dof_pos_limits: -0.0029
          Episode_Reward/action_rate_l2: -0.0167
                Episode_Reward/air_time: 0.0042
          Episode_Reward/foot_clearance: -0.0005
       Episode_Reward/foot_swing_height: -0.0016
               Episode_Reward/foot_slip: -0.0002
         Episode_Reward/self_collisions: -0.0008
      Episode_Reward/head_pose_tracking: 0.0373
      Episode_Reward/body_pose_tracking: 0.0000
          Episode_Reward/head_pose_bias: 0.0000
        Episode_Metrics/mean_action_acc: 0.8346
          Curriculum/action_rate_weight: -0.1000
               Curriculum/standing_envs: 0.0200
             Curriculum/head_pose_range: 0.0700
             Curriculum/body_pose_range: 0.0500
                   Curriculum/com_range: 0.0030
              Curriculum/head_com_range: 0.0030
       Curriculum/head_pose_bias_weight: 0.0000
             Metrics/twist/error_vel_xy: 0.0241
            Metrics/twist/error_vel_yaw: 0.1972
           Episode_Termination/time_out: 0.0000
          Episode_Termination/fell_over: 146.5000
Episode_Termination/out_of_terrain_bounds: 0.0000
          Episode_Termination/nan_state: 0.0000
          Metrics/angular_momentum_mean: 0.0118
                  Metrics/air_time_mean: 0.0402
               Metrics/peak_height_mean: 0.0089
             Metrics/slip_velocity_mean: 0.2839
--------------------------------------------------------------------------------
                         Iteration time: 2.10s
                           Time elapsed: 00:03:21
                                    ETA: 00:10:29

################################################################################
[1m                           Learning iteration 97/400                            [0m 

                               Run name: hls2909-fix7
                            Total steps: 9633792 
                       Steps per second: 46732 
                        Collection time: 1.949s 
                          Learning time: 0.155s 
                        Mean value loss: 0.0233
                    Mean surrogate loss: -0.0180
                      Mean entropy loss: 10.7427
                            Mean reward: 0.49
                    Mean episode length: 27.64
                        Mean action std: 0.52
   Episode_Reward/track_linear_velocity: 0.0177
  Episode_Reward/track_angular_velocity: 0.0002
                 Episode_Reward/upright: 0.0190
                    Episode_Reward/pose: 0.0038
            Episode_Reward/body_ang_vel: -0.0363
        Episode_Reward/angular_momentum: -0.0000
          Episode_Reward/dof_pos_limits: -0.0027
          Episode_Reward/action_rate_l2: -0.0165
                Episode_Reward/air_time: 0.0039
          Episode_Reward/foot_clearance: -0.0005
       Episode_Reward/foot_swing_height: -0.0016
               Episode_Reward/foot_slip: -0.0002
         Episode_Reward/self_collisions: -0.0008
      Episode_Reward/head_pose_tracking: 0.0371
      Episode_Reward/body_pose_tracking: 0.0000
          Episode_Reward/head_pose_bias: 0.0000
        Episode_Metrics/mean_action_acc: 0.8367
          Curriculum/action_rate_weight: -0.1000
               Curriculum/standing_envs: 0.0200
             Curriculum/head_pose_range: 0.0700
             Curriculum/body_pose_range: 0.0500
                   Curriculum/com_range: 0.0030
              Curriculum/head_com_range: 0.0030
       Curriculum/head_pose_bias_weight: 0.0000
             Metrics/twist/error_vel_xy: 0.0239
            Metrics/twist/error_vel_yaw: 0.1950
           Episode_Termination/time_out: 0.0000
          Episode_Termination/fell_over: 150.1250
Episode_Termination/out_of_terrain_bounds: 0.0000
          Episode_Termination/nan_state: 0.0000
          Metrics/angular_momentum_mean: 0.0118
                  Metrics/air_time_mean: 0.0395
               Metrics/peak_height_mean: 0.0088
             Metrics/slip_velocity_mean: 0.2829
--------------------------------------------------------------------------------
                         Iteration time: 2.10s
                           Time elapsed: 00:03:23
                                    ETA: 00:10:27

################################################################################
[1m                           Learning iteration 98/400                            [0m 

                               Run name: hls2909-fix7
                            Total steps: 9732096 
                       Steps per second: 46473 
                        Collection time: 1.960s 
                          Learning time: 0.156s 
                        Mean value loss: 0.0231
                    Mean surrogate loss: -0.0188
                      Mean entropy loss: 10.7474
                            Mean reward: 0.40
                    Mean episode length: 28.27
                        Mean action std: 0.52
   Episode_Reward/track_linear_velocity: 0.0176
  Episode_Reward/track_angular_velocity: 0.0002
                 Episode_Reward/upright: 0.0192
                    Episode_Reward/pose: 0.0038
            Episode_Reward/body_ang_vel: -0.0364
        Episode_Reward/angular_momentum: -0.0000
          Episode_Reward/dof_pos_limits: -0.0028
          Episode_Reward/action_rate_l2: -0.0166
                Episode_Reward/air_time: 0.0039
          Episode_Reward/foot_clearance: -0.0005
       Episode_Reward/foot_swing_height: -0.0016
               Episode_Reward/foot_slip: -0.0002
         Episode_Reward/self_collisions: -0.0008
      Episode_Reward/head_pose_tracking: 0.0370
      Episode_Reward/body_pose_tracking: 0.0000
          Episode_Reward/head_pose_bias: 0.0000
        Episode_Metrics/mean_action_acc: 0.8369
          Curriculum/action_rate_weight: -0.1000
               Curriculum/standing_envs: 0.0200
             Curriculum/head_pose_range: 0.0700
             Curriculum/body_pose_range: 0.0500
                   Curriculum/com_range: 0.0030
              Curriculum/head_com_range: 0.0030
       Curriculum/head_pose_bias_weight: 0.0000
             Metrics/twist/error_vel_xy: 0.0243
            Metrics/twist/error_vel_yaw: 0.1970
           Episode_Termination/time_out: 0.0000
          Episode_Termination/fell_over: 145.3750
Episode_Termination/out_of_terrain_bounds: 0.0000
          Episode_Termination/nan_state: 0.0000
          Metrics/angular_momentum_mean: 0.0118
                  Metrics/air_time_mean: 0.0398
               Metrics/peak_height_mean: 0.0088
             Metrics/slip_velocity_mean: 0.2847
--------------------------------------------------------------------------------
                         Iteration time: 2.12s
                           Time elapsed: 00:03:25
                                    ETA: 00:10:25

################################################################################
[1m                           Learning iteration 99/400                            [0m 

                               Run name: hls2909-fix7
                            Total steps: 9830400 
                       Steps per second: 46410 
                        Collection time: 1.963s 
                          Learning time: 0.155s 
                        Mean value loss: 0.0238
                    Mean surrogate loss: -0.0190
                      Mean entropy loss: 10.7628
                            Mean reward: 0.46
                    Mean episode length: 28.16
                        Mean action std: 0.52
   Episode_Reward/track_linear_velocity: 0.0181
  Episode_Reward/track_angular_velocity: 0.0003
                 Episode_Reward/upright: 0.0192
                    Episode_Reward/pose: 0.0038
            Episode_Reward/body_ang_vel: -0.0364
        Episode_Reward/angular_momentum: -0.0000
          Episode_Reward/dof_pos_limits: -0.0028
          Episode_Reward/action_rate_l2: -0.0166
                Episode_Reward/air_time: 0.0039
          Episode_Reward/foot_clearance: -0.0005
       Episode_Reward/foot_swing_height: -0.0016
               Episode_Reward/foot_slip: -0.0002
         Episode_Reward/self_collisions: -0.0008
      Episode_Reward/head_pose_tracking: 0.0372
      Episode_Reward/body_pose_tracking: 0.0000
          Episode_Reward/head_pose_bias: 0.0000
        Episode_Metrics/mean_action_acc: 0.8360
          Curriculum/action_rate_weight: -0.1000
               Curriculum/standing_envs: 0.0200
             Curriculum/head_pose_range: 0.0700
             Curriculum/body_pose_range: 0.0500
                   Curriculum/com_range: 0.0030
              Curriculum/head_com_range: 0.0030
       Curriculum/head_pose_bias_weight: 0.0000
             Metrics/twist/error_vel_xy: 0.0239
            Metrics/twist/error_vel_yaw: 0.1983
           Episode_Termination/time_out: 0.0000
          Episode_Termination/fell_over: 145.6667
Episode_Termination/out_of_terrain_bounds: 0.0000
          Episode_Termination/nan_state: 0.0000
          Metrics/angular_momentum_mean: 0.0117
                  Metrics/air_time_mean: 0.0398
               Metrics/peak_height_mean: 0.0088
             Metrics/slip_velocity_mean: 0.2836
--------------------------------------------------------------------------------
                         Iteration time: 2.12s
                           Time elapsed: 00:03:27
                                    ETA: 00:10:23

################################################################################
[1m                           Learning iteration 100/400                           [0m 

                               Run name: hls2909-fix7
                            Total steps: 9928704 
                       Steps per second: 47340 
                        Collection time: 1.925s 
                          Learning time: 0.151s 
                        Mean value loss: 0.0226
                    Mean surrogate loss: -0.0190
                      Mean entropy loss: 10.7812
                            Mean reward: 0.52
                    Mean episode length: 28.04
                        Mean action std: 0.52
   Episode_Reward/track_linear_velocity: 0.0179
  Episode_Reward/track_angular_velocity: 0.0002
                 Episode_Reward/upright: 0.0193
                    Episode_Reward/pose: 0.0038
            Episode_Reward/body_ang_vel: -0.0369
        Episode_Reward/angular_momentum: -0.0000
          Episode_Reward/dof_pos_limits: -0.0028
          Episode_Reward/action_rate_l2: -0.0167
                Episode_Reward/air_time: 0.0041
          Episode_Reward/foot_clearance: -0.0005
       Episode_Reward/foot_swing_height: -0.0016
               Episode_Reward/foot_slip: -0.0002
         Episode_Reward/self_collisions: -0.0009
      Episode_Reward/head_pose_tracking: 0.0374
      Episode_Reward/body_pose_tracking: 0.0000
          Episode_Reward/head_pose_bias: 0.0000
        Episode_Metrics/mean_action_acc: 0.8366
          Curriculum/action_rate_weight: -0.1000
               Curriculum/standing_envs: 0.0200
             Curriculum/head_pose_range: 0.0700
             Curriculum/body_pose_range: 0.0500
                   Curriculum/com_range: 0.0030
              Curriculum/head_com_range: 0.0030
       Curriculum/head_pose_bias_weight: 0.0000
             Metrics/twist/error_vel_xy: 0.0240
            Metrics/twist/error_vel_yaw: 0.1981
           Episode_Termination/time_out: 0.0000
          Episode_Termination/fell_over: 147.7917
Episode_Termination/out_of_terrain_bounds: 0.0000
          Episode_Termination/nan_state: 0.0000
          Metrics/angular_momentum_mean: 0.0118
                  Metrics/air_time_mean: 0.0404
               Metrics/peak_height_mean: 0.0089
             Metrics/slip_velocity_mean: 0.2847
--------------------------------------------------------------------------------
                         Iteration time: 2.08s
                           Time elapsed: 00:03:30
                                    ETA: 00:10:21

################################################################################
[1m                           Learning iteration 101/400                           [0m 

                               Run name: hls2909-fix7
                            Total steps: 10027008 
                       Steps per second: 46937 
                        Collection time: 1.938s 
                          Learning time: 0.156s 
                        Mean value loss: 0.0235
                    Mean surrogate loss: -0.0175
                      Mean entropy loss: 10.7812
                            Mean reward: 0.48
                    Mean episode length: 27.55
                        Mean action std: 0.52
   Episode_Reward/track_linear_velocity: 0.0179
  Episode_Reward/track_angular_velocity: 0.0002
                 Episode_Reward/upright: 0.0192
                    Episode_Reward/pose: 0.0038
            Episode_Reward/body_ang_vel: -0.0364
        Episode_Reward/angular_momentum: -0.0000
          Episode_Reward/dof_pos_limits: -0.0028
          Episode_Reward/action_rate_l2: -0.0166
                Episode_Reward/air_time: 0.0042
          Episode_Reward/foot_clearance: -0.0005
       Episode_Reward/foot_swing_height: -0.0016
               Episode_Reward/foot_slip: -0.0002
         Episode_Reward/self_collisions: -0.0007
      Episode_Reward/head_pose_tracking: 0.0371
      Episode_Reward/body_pose_tracking: 0.0000
          Episode_Reward/head_pose_bias: 0.0000
        Episode_Metrics/mean_action_acc: 0.8359
          Curriculum/action_rate_weight: -0.1000
               Curriculum/standing_envs: 0.0200
             Curriculum/head_pose_range: 0.0700
             Curriculum/body_pose_range: 0.0500
                   Curriculum/com_range: 0.0030
              Curriculum/head_com_range: 0.0030
       Curriculum/head_pose_bias_weight: 0.0000
             Metrics/twist/error_vel_xy: 0.0241
            Metrics/twist/error_vel_yaw: 0.1996
           Episode_Termination/time_out: 0.0000
          Episode_Termination/fell_over: 146.9583
Episode_Termination/out_of_terrain_bounds: 0.0000
          Episode_Termination/nan_state: 0.0000
          Metrics/angular_momentum_mean: 0.0118
                  Metrics/air_time_mean: 0.0405
               Metrics/peak_height_mean: 0.0089
             Metrics/slip_velocity_mean: 0.2821
--------------------------------------------------------------------------------
                         Iteration time: 2.09s
                           Time elapsed: 00:03:32
                                    ETA: 00:10:19

################################################################################
[1m                           Learning iteration 102/400                           [0m 

                               Run name: hls2909-fix7
                            Total steps: 10125312 
                       Steps per second: 47109 
                        Collection time: 1.932s 
                          Learning time: 0.155s 
                        Mean value loss: 0.0230
                    Mean surrogate loss: -0.0186
                      Mean entropy loss: 10.7827
                            Mean reward: 0.47
                    Mean episode length: 27.41
                        Mean action std: 0.52
   Episode_Reward/track_linear_velocity: 0.0178
  Episode_Reward/track_angular_velocity: 0.0002
                 Episode_Reward/upright: 0.0192
                    Episode_Reward/pose: 0.0038
            Episode_Reward/body_ang_vel: -0.0361
        Episode_Reward/angular_momentum: -0.0000
          Episode_Reward/dof_pos_limits: -0.0029
          Episode_Reward/action_rate_l2: -0.0168
                Episode_Reward/air_time: 0.0043
          Episode_Reward/foot_clearance: -0.0005
       Episode_Reward/foot_swing_height: -0.0016
               Episode_Reward/foot_slip: -0.0002
         Episode_Reward/self_collisions: -0.0008
      Episode_Reward/head_pose_tracking: 0.0372
      Episode_Reward/body_pose_tracking: 0.0000
          Episode_Reward/head_pose_bias: 0.0000
        Episode_Metrics/mean_action_acc: 0.8369
          Curriculum/action_rate_weight: -0.1000
               Curriculum/standing_envs: 0.0200
             Curriculum/head_pose_range: 0.0700
             Curriculum/body_pose_range: 0.0500
                   Curriculum/com_range: 0.0030
              Curriculum/head_com_range: 0.0030
       Curriculum/head_pose_bias_weight: 0.0000
             Metrics/twist/error_vel_xy: 0.0244
            Metrics/twist/error_vel_yaw: 0.1980
           Episode_Termination/time_out: 0.0000
          Episode_Termination/fell_over: 146.5000
Episode_Termination/out_of_terrain_bounds: 0.0000
          Episode_Termination/nan_state: 0.0000
          Metrics/angular_momentum_mean: 0.0117
                  Metrics/air_time_mean: 0.0401
               Metrics/peak_height_mean: 0.0089
             Metrics/slip_velocity_mean: 0.2824
--------------------------------------------------------------------------------
                         Iteration time: 2.09s
                           Time elapsed: 00:03:34
                                    ETA: 00:10:17

################################################################################
[1m                           Learning iteration 103/400                           [0m 

                               Run name: hls2909-fix7
                            Total steps: 10223616 
                       Steps per second: 46803 
                        Collection time: 1.945s 
                          Learning time: 0.155s 
                        Mean value loss: 0.0231
                    Mean surrogate loss: -0.0193
                      Mean entropy loss: 10.8117
                            Mean reward: 0.40
                    Mean episode length: 28.60
                        Mean action std: 0.52
   Episode_Reward/track_linear_velocity: 0.0181
  Episode_Reward/track_angular_velocity: 0.0002
                 Episode_Reward/upright: 0.0194
                    Episode_Reward/pose: 0.0038
            Episode_Reward/body_ang_vel: -0.0370
        Episode_Reward/angular_momentum: -0.0000
          Episode_Reward/dof_pos_limits: -0.0028
          Episode_Reward/action_rate_l2: -0.0167
                Episode_Reward/air_time: 0.0039
          Episode_Reward/foot_clearance: -0.0005
       Episode_Reward/foot_swing_height: -0.0016
               Episode_Reward/foot_slip: -0.0002
         Episode_Reward/self_collisions: -0.0008
      Episode_Reward/head_pose_tracking: 0.0371
      Episode_Reward/body_pose_tracking: 0.0000
          Episode_Reward/head_pose_bias: 0.0000
        Episode_Metrics/mean_action_acc: 0.8354
          Curriculum/action_rate_weight: -0.1000
               Curriculum/standing_envs: 0.0200
             Curriculum/head_pose_range: 0.0700
             Curriculum/body_pose_range: 0.0500
                   Curriculum/com_range: 0.0030
              Curriculum/head_com_range: 0.0030
       Curriculum/head_pose_bias_weight: 0.0000
             Metrics/twist/error_vel_xy: 0.0240
            Metrics/twist/error_vel_yaw: 0.1965
           Episode_Termination/time_out: 0.0000
          Episode_Termination/fell_over: 146.1250
Episode_Termination/out_of_terrain_bounds: 0.0000
          Episode_Termination/nan_state: 0.0000
          Metrics/angular_momentum_mean: 0.0118
                  Metrics/air_time_mean: 0.0401
               Metrics/peak_height_mean: 0.0090
             Metrics/slip_velocity_mean: 0.2847
--------------------------------------------------------------------------------
                         Iteration time: 2.10s
                           Time elapsed: 00:03:36
                                    ETA: 00:10:15

################################################################################
[1m                           Learning iteration 104/400                           [0m 

                               Run name: hls2909-fix7
                            Total steps: 10321920 
                       Steps per second: 46964 
                        Collection time: 1.938s 
                          Learning time: 0.156s 
                        Mean value loss: 0.0225
                    Mean surrogate loss: -0.0196
                      Mean entropy loss: 10.8087
                            Mean reward: 0.57
                    Mean episode length: 28.98
                        Mean action std: 0.52
   Episode_Reward/track_linear_velocity: 0.0175
  Episode_Reward/track_angular_velocity: 0.0002
                 Episode_Reward/upright: 0.0192
                    Episode_Reward/pose: 0.0038
            Episode_Reward/body_ang_vel: -0.0364
        Episode_Reward/angular_momentum: -0.0000
          Episode_Reward/dof_pos_limits: -0.0028
          Episode_Reward/action_rate_l2: -0.0167
                Episode_Reward/air_time: 0.0041
          Episode_Reward/foot_clearance: -0.0005
       Episode_Reward/foot_swing_height: -0.0016
               Episode_Reward/foot_slip: -0.0002
         Episode_Reward/self_collisions: -0.0008
      Episode_Reward/head_pose_tracking: 0.0371
      Episode_Reward/body_pose_tracking: 0.0000
          Episode_Reward/head_pose_bias: 0.0000
        Episode_Metrics/mean_action_acc: 0.8353
          Curriculum/action_rate_weight: -0.1000
               Curriculum/standing_envs: 0.0200
             Curriculum/head_pose_range: 0.0700
             Curriculum/body_pose_range: 0.0500
                   Curriculum/com_range: 0.0030
              Curriculum/head_com_range: 0.0030
       Curriculum/head_pose_bias_weight: 0.0000
             Metrics/twist/error_vel_xy: 0.0242
            Metrics/twist/error_vel_yaw: 0.1992
           Episode_Termination/time_out: 0.0000
          Episode_Termination/fell_over: 147.5000
Episode_Termination/out_of_terrain_bounds: 0.0000
          Episode_Termination/nan_state: 0.0000
          Metrics/angular_momentum_mean: 0.0117
                  Metrics/air_time_mean: 0.0402
               Metrics/peak_height_mean: 0.0088
             Metrics/slip_velocity_mean: 0.2837
--------------------------------------------------------------------------------
                         Iteration time: 2.09s
                           Time elapsed: 00:03:38
                                    ETA: 00:10:13

################################################################################
[1m                           Learning iteration 105/400                           [0m 

                               Run name: hls2909-fix7
                            Total steps: 10420224 
                       Steps per second: 47154 
                        Collection time: 1.930s 
                          Learning time: 0.154s 
                        Mean value loss: 0.0230
                    Mean surrogate loss: -0.0189
                      Mean entropy loss: 10.8236
                            Mean reward: 0.44
                    Mean episode length: 28.65
                        Mean action std: 0.52
   Episode_Reward/track_linear_velocity: 0.0181
  Episode_Reward/track_angular_velocity: 0.0002
                 Episode_Reward/upright: 0.0196
                    Episode_Reward/pose: 0.0038
            Episode_Reward/body_ang_vel: -0.0367
        Episode_Reward/angular_momentum: -0.0000
          Episode_Reward/dof_pos_limits: -0.0029
          Episode_Reward/action_rate_l2: -0.0168
                Episode_Reward/air_time: 0.0042
          Episode_Reward/foot_clearance: -0.0005
       Episode_Reward/foot_swing_height: -0.0016
               Episode_Reward/foot_slip: -0.0002
         Episode_Reward/self_collisions: -0.0008
      Episode_Reward/head_pose_tracking: 0.0372
      Episode_Reward/body_pose_tracking: 0.0000
          Episode_Reward/head_pose_bias: 0.0000
        Episode_Metrics/mean_action_acc: 0.8374
          Curriculum/action_rate_weight: -0.1000
               Curriculum/standing_envs: 0.0200
             Curriculum/head_pose_range: 0.0700
             Curriculum/body_pose_range: 0.0500
                   Curriculum/com_range: 0.0030
              Curriculum/head_com_range: 0.0030
       Curriculum/head_pose_bias_weight: 0.0000
             Metrics/twist/error_vel_xy: 0.0241
            Metrics/twist/error_vel_yaw: 0.1963
           Episode_Termination/time_out: 0.0000
          Episode_Termination/fell_over: 145.2917
Episode_Termination/out_of_terrain_bounds: 0.0000
          Episode_Termination/nan_state: 0.0000
          Metrics/angular_momentum_mean: 0.0117
                  Metrics/air_time_mean: 0.0399
               Metrics/peak_height_mean: 0.0088
             Metrics/slip_velocity_mean: 0.2846
--------------------------------------------------------------------------------
                         Iteration time: 2.08s
                           Time elapsed: 00:03:40
                                    ETA: 00:10:11

################################################################################
[1m                           Learning iteration 106/400                           [0m 

                               Run name: hls2909-fix7
                            Total steps: 10518528 
                       Steps per second: 46287 
                        Collection time: 1.970s 
                          Learning time: 0.154s 
                        Mean value loss: 0.0230
                    Mean surrogate loss: -0.0189
                      Mean entropy loss: 10.8242
                            Mean reward: 0.47
                    Mean episode length: 27.55
                        Mean action std: 0.52
   Episode_Reward/track_linear_velocity: 0.0184
  Episode_Reward/track_angular_velocity: 0.0002
                 Episode_Reward/upright: 0.0193
                    Episode_Reward/pose: 0.0038
            Episode_Reward/body_ang_vel: -0.0365
        Episode_Reward/angular_momentum: -0.0000
          Episode_Reward/dof_pos_limits: -0.0030
          Episode_Reward/action_rate_l2: -0.0169
                Episode_Reward/air_time: 0.0041
          Episode_Reward/foot_clearance: -0.0005
       Episode_Reward/foot_swing_height: -0.0016
               Episode_Reward/foot_slip: -0.0002
         Episode_Reward/self_collisions: -0.0009
      Episode_Reward/head_pose_tracking: 0.0377
      Episode_Reward/body_pose_tracking: 0.0000
          Episode_Reward/head_pose_bias: 0.0000
        Episode_Metrics/mean_action_acc: 0.8369
          Curriculum/action_rate_weight: -0.1000
               Curriculum/standing_envs: 0.0200
             Curriculum/head_pose_range: 0.0700
             Curriculum/body_pose_range: 0.0500
                   Curriculum/com_range: 0.0030
              Curriculum/head_com_range: 0.0030
       Curriculum/head_pose_bias_weight: 0.0000
             Metrics/twist/error_vel_xy: 0.0242
            Metrics/twist/error_vel_yaw: 0.1988
           Episode_Termination/time_out: 0.0000
          Episode_Termination/fell_over: 146.5417
Episode_Termination/out_of_terrain_bounds: 0.0000
          Episode_Termination/nan_state: 0.0000
          Metrics/angular_momentum_mean: 0.0117
                  Metrics/air_time_mean: 0.0400
               Metrics/peak_height_mean: 0.0089
             Metrics/slip_velocity_mean: 0.2831
--------------------------------------------------------------------------------
                         Iteration time: 2.12s
                           Time elapsed: 00:03:42
                                    ETA: 00:10:09

################################################################################
[1m                           Learning iteration 107/400                           [0m 

                               Run name: hls2909-fix7
                            Total steps: 10616832 
                       Steps per second: 46736 
                        Collection time: 1.949s 
                          Learning time: 0.154s 
                        Mean value loss: 0.0235
                    Mean surrogate loss: -0.0196
                      Mean entropy loss: 10.8269
                            Mean reward: 0.47
                    Mean episode length: 27.49
                        Mean action std: 0.52
   Episode_Reward/track_linear_velocity: 0.0180
  Episode_Reward/track_angular_velocity: 0.0002
                 Episode_Reward/upright: 0.0195
                    Episode_Reward/pose: 0.0038
            Episode_Reward/body_ang_vel: -0.0369
        Episode_Reward/angular_momentum: -0.0000
          Episode_Reward/dof_pos_limits: -0.0029
          Episode_Reward/action_rate_l2: -0.0168
                Episode_Reward/air_time: 0.0039
          Episode_Reward/foot_clearance: -0.0005
       Episode_Reward/foot_swing_height: -0.0016
               Episode_Reward/foot_slip: -0.0002
         Episode_Reward/self_collisions: -0.0008
      Episode_Reward/head_pose_tracking: 0.0374
      Episode_Reward/body_pose_tracking: 0.0000
          Episode_Reward/head_pose_bias: 0.0000
        Episode_Metrics/mean_action_acc: 0.8363
          Curriculum/action_rate_weight: -0.1000
               Curriculum/standing_envs: 0.0200
             Curriculum/head_pose_range: 0.0700
             Curriculum/body_pose_range: 0.0500
                   Curriculum/com_range: 0.0030
              Curriculum/head_com_range: 0.0030
       Curriculum/head_pose_bias_weight: 0.0000
             Metrics/twist/error_vel_xy: 0.0241
            Metrics/twist/error_vel_yaw: 0.2033
           Episode_Termination/time_out: 0.0000
          Episode_Termination/fell_over: 144.4583
Episode_Termination/out_of_terrain_bounds: 0.0000
          Episode_Termination/nan_state: 0.0000
          Metrics/angular_momentum_mean: 0.0118
                  Metrics/air_time_mean: 0.0401
               Metrics/peak_height_mean: 0.0088
             Metrics/slip_velocity_mean: 0.2840
--------------------------------------------------------------------------------
                         Iteration time: 2.10s
                           Time elapsed: 00:03:44
                                    ETA: 00:10:07

################################################################################
[1m                           Learning iteration 108/400                           [0m 

                               Run name: hls2909-fix7
                            Total steps: 10715136 
                       Steps per second: 46689 
                        Collection time: 1.951s 
                          Learning time: 0.155s 
                        Mean value loss: 0.0238
                    Mean surrogate loss: -0.0178
                      Mean entropy loss: 10.8187
                            Mean reward: 0.47
                    Mean episode length: 27.22
                        Mean action std: 0.52
   Episode_Reward/track_linear_velocity: 0.0177
  Episode_Reward/track_angular_velocity: 0.0002
                 Episode_Reward/upright: 0.0195
                    Episode_Reward/pose: 0.0038
            Episode_Reward/body_ang_vel: -0.0367
        Episode_Reward/angular_momentum: -0.0000
          Episode_Reward/dof_pos_limits: -0.0029
          Episode_Reward/action_rate_l2: -0.0168
                Episode_Reward/air_time: 0.0040
          Episode_Reward/foot_clearance: -0.0005
       Episode_Reward/foot_swing_height: -0.0016
               Episode_Reward/foot_slip: -0.0002
         Episode_Reward/self_collisions: -0.0007
      Episode_Reward/head_pose_tracking: 0.0373
      Episode_Reward/body_pose_tracking: 0.0000
          Episode_Reward/head_pose_bias: 0.0000
        Episode_Metrics/mean_action_acc: 0.8341
          Curriculum/action_rate_weight: -0.1000
               Curriculum/standing_envs: 0.0200
             Curriculum/head_pose_range: 0.0700
             Curriculum/body_pose_range: 0.0500
                   Curriculum/com_range: 0.0030
              Curriculum/head_com_range: 0.0030
       Curriculum/head_pose_bias_weight: 0.0000
             Metrics/twist/error_vel_xy: 0.0244
            Metrics/twist/error_vel_yaw: 0.1975
           Episode_Termination/time_out: 0.0000
          Episode_Termination/fell_over: 147.4167
Episode_Termination/out_of_terrain_bounds: 0.0000
          Episode_Termination/nan_state: 0.0000
          Metrics/angular_momentum_mean: 0.0118
                  Metrics/air_time_mean: 0.0397
               Metrics/peak_height_mean: 0.0089
             Metrics/slip_velocity_mean: 0.2842
--------------------------------------------------------------------------------
                         Iteration time: 2.11s
                           Time elapsed: 00:03:46
                                    ETA: 00:10:05

################################################################################
[1m                           Learning iteration 109/400                           [0m 

                               Run name: hls2909-fix7
                            Total steps: 10813440 
                       Steps per second: 46420 
                        Collection time: 1.964s 
                          Learning time: 0.154s 
                        Mean value loss: 0.0242
                    Mean surrogate loss: -0.0184
                      Mean entropy loss: 10.8229
                            Mean reward: 0.51
                    Mean episode length: 27.78
                        Mean action std: 0.52
   Episode_Reward/track_linear_velocity: 0.0181
  Episode_Reward/track_angular_velocity: 0.0002
                 Episode_Reward/upright: 0.0192
                    Episode_Reward/pose: 0.0038
            Episode_Reward/body_ang_vel: -0.0366
        Episode_Reward/angular_momentum: -0.0000
          Episode_Reward/dof_pos_limits: -0.0028
          Episode_Reward/action_rate_l2: -0.0166
                Episode_Reward/air_time: 0.0040
          Episode_Reward/foot_clearance: -0.0005
       Episode_Reward/foot_swing_height: -0.0016
               Episode_Reward/foot_slip: -0.0002
         Episode_Reward/self_collisions: -0.0008
      Episode_Reward/head_pose_tracking: 0.0373
      Episode_Reward/body_pose_tracking: 0.0000
          Episode_Reward/head_pose_bias: 0.0000
        Episode_Metrics/mean_action_acc: 0.8329
          Curriculum/action_rate_weight: -0.1000
               Curriculum/standing_envs: 0.0200
             Curriculum/head_pose_range: 0.0700
             Curriculum/body_pose_range: 0.0500
                   Curriculum/com_range: 0.0030
              Curriculum/head_com_range: 0.0030
       Curriculum/head_pose_bias_weight: 0.0000
             Metrics/twist/error_vel_xy: 0.0242
            Metrics/twist/error_vel_yaw: 0.1987
           Episode_Termination/time_out: 0.0000
          Episode_Termination/fell_over: 145.9583
Episode_Termination/out_of_terrain_bounds: 0.0000
          Episode_Termination/nan_state: 0.0000
          Metrics/angular_momentum_mean: 0.0118
                  Metrics/air_time_mean: 0.0402
               Metrics/peak_height_mean: 0.0089
             Metrics/slip_velocity_mean: 0.2844
--------------------------------------------------------------------------------
                         Iteration time: 2.12s
                           Time elapsed: 00:03:48
                                    ETA: 00:10:03

################################################################################
[1m                           Learning iteration 110/400                           [0m 

                               Run name: hls2909-fix7
                            Total steps: 10911744 
                       Steps per second: 46732 
                        Collection time: 1.951s 
                          Learning time: 0.152s 
                        Mean value loss: 0.0228
                    Mean surrogate loss: -0.0185
                      Mean entropy loss: 10.8324
                            Mean reward: 0.53
                    Mean episode length: 28.05
                        Mean action std: 0.52
   Episode_Reward/track_linear_velocity: 0.0181
  Episode_Reward/track_angular_velocity: 0.0002
                 Episode_Reward/upright: 0.0193
                    Episode_Reward/pose: 0.0038
            Episode_Reward/body_ang_vel: -0.0368
        Episode_Reward/angular_momentum: -0.0000
          Episode_Reward/dof_pos_limits: -0.0028
          Episode_Reward/action_rate_l2: -0.0167
                Episode_Reward/air_time: 0.0040
          Episode_Reward/foot_clearance: -0.0005
       Episode_Reward/foot_swing_height: -0.0016
               Episode_Reward/foot_slip: -0.0002
         Episode_Reward/self_collisions: -0.0008
      Episode_Reward/head_pose_tracking: 0.0375
      Episode_Reward/body_pose_tracking: 0.0000
          Episode_Reward/head_pose_bias: 0.0000
        Episode_Metrics/mean_action_acc: 0.8305
          Curriculum/action_rate_weight: -0.1000
               Curriculum/standing_envs: 0.0200
             Curriculum/head_pose_range: 0.0700
             Curriculum/body_pose_range: 0.0500
                   Curriculum/com_range: 0.0030
              Curriculum/head_com_range: 0.0030
       Curriculum/head_pose_bias_weight: 0.0000
             Metrics/twist/error_vel_xy: 0.0241
            Metrics/twist/error_vel_yaw: 0.1966
           Episode_Termination/time_out: 0.0000
          Episode_Termination/fell_over: 145.5000
Episode_Termination/out_of_terrain_bounds: 0.0000
          Episode_Termination/nan_state: 0.0000
          Metrics/angular_momentum_mean: 0.0117
                  Metrics/air_time_mean: 0.0400
               Metrics/peak_height_mean: 0.0089
             Metrics/slip_velocity_mean: 0.2821
--------------------------------------------------------------------------------
                         Iteration time: 2.10s
                           Time elapsed: 00:03:51
                                    ETA: 00:10:01

################################################################################
[1m                           Learning iteration 111/400                           [0m 

                               Run name: hls2909-fix7
                            Total steps: 11010048 
                       Steps per second: 46688 
                        Collection time: 1.955s 
                          Learning time: 0.150s 
                        Mean value loss: 0.0235
                    Mean surrogate loss: -0.0196
                      Mean entropy loss: 10.8454
                            Mean reward: 0.48
                    Mean episode length: 27.59
                        Mean action std: 0.53
   Episode_Reward/track_linear_velocity: 0.0179
  Episode_Reward/track_angular_velocity: 0.0003
                 Episode_Reward/upright: 0.0193
                    Episode_Reward/pose: 0.0038
            Episode_Reward/body_ang_vel: -0.0360
        Episode_Reward/angular_momentum: -0.0000
          Episode_Reward/dof_pos_limits: -0.0028
          Episode_Reward/action_rate_l2: -0.0166
                Episode_Reward/air_time: 0.0039
          Episode_Reward/foot_clearance: -0.0005
       Episode_Reward/foot_swing_height: -0.0016
               Episode_Reward/foot_slip: -0.0002
         Episode_Reward/self_collisions: -0.0008
      Episode_Reward/head_pose_tracking: 0.0374
      Episode_Reward/body_pose_tracking: 0.0000
          Episode_Reward/head_pose_bias: 0.0000
        Episode_Metrics/mean_action_acc: 0.8315
          Curriculum/action_rate_weight: -0.1000
               Curriculum/standing_envs: 0.0200
             Curriculum/head_pose_range: 0.0700
             Curriculum/body_pose_range: 0.0500
                   Curriculum/com_range: 0.0030
              Curriculum/head_com_range: 0.0030
       Curriculum/head_pose_bias_weight: 0.0000
             Metrics/twist/error_vel_xy: 0.0240
            Metrics/twist/error_vel_yaw: 0.2001
           Episode_Termination/time_out: 0.0000
          Episode_Termination/fell_over: 146.4583
Episode_Termination/out_of_terrain_bounds: 0.0000
          Episode_Termination/nan_state: 0.0000
          Metrics/angular_momentum_mean: 0.0118
                  Metrics/air_time_mean: 0.0398
               Metrics/peak_height_mean: 0.0088
             Metrics/slip_velocity_mean: 0.2864
--------------------------------------------------------------------------------
                         Iteration time: 2.11s
                           Time elapsed: 00:03:53
                                    ETA: 00:09:59

################################################################################
[1m                           Learning iteration 112/400                           [0m 

                               Run name: hls2909-fix7
                            Total steps: 11108352 
                       Steps per second: 46629 
                        Collection time: 1.958s 
                          Learning time: 0.150s 
                        Mean value loss: 0.0234
                    Mean surrogate loss: -0.0192
                      Mean entropy loss: 10.8516
                            Mean reward: 0.49
                    Mean episode length: 27.91
                        Mean action std: 0.53
   Episode_Reward/track_linear_velocity: 0.0178
  Episode_Reward/track_angular_velocity: 0.0002
                 Episode_Reward/upright: 0.0196
                    Episode_Reward/pose: 0.0038
            Episode_Reward/body_ang_vel: -0.0370
        Episode_Reward/angular_momentum: -0.0000
          Episode_Reward/dof_pos_limits: -0.0029
          Episode_Reward/action_rate_l2: -0.0167
                Episode_Reward/air_time: 0.0040
          Episode_Reward/foot_clearance: -0.0005
       Episode_Reward/foot_swing_height: -0.0016
               Episode_Reward/foot_slip: -0.0002
         Episode_Reward/self_collisions: -0.0007
      Episode_Reward/head_pose_tracking: 0.0375
      Episode_Reward/body_pose_tracking: 0.0000
          Episode_Reward/head_pose_bias: 0.0000
        Episode_Metrics/mean_action_acc: 0.8299
          Curriculum/action_rate_weight: -0.1000
               Curriculum/standing_envs: 0.0200
             Curriculum/head_pose_range: 0.0700
             Curriculum/body_pose_range: 0.0500
                   Curriculum/com_range: 0.0030
              Curriculum/head_com_range: 0.0030
       Curriculum/head_pose_bias_weight: 0.0000
             Metrics/twist/error_vel_xy: 0.0245
            Metrics/twist/error_vel_yaw: 0.1979
           Episode_Termination/time_out: 0.0000
          Episode_Termination/fell_over: 147.7917
Episode_Termination/out_of_terrain_bounds: 0.0000
          Episode_Termination/nan_state: 0.0000
          Metrics/angular_momentum_mean: 0.0118
                  Metrics/air_time_mean: 0.0397
               Metrics/peak_height_mean: 0.0089
             Metrics/slip_velocity_mean: 0.2849
--------------------------------------------------------------------------------
                         Iteration time: 2.11s
                           Time elapsed: 00:03:55
                                    ETA: 00:09:57

################################################################################
[1m                           Learning iteration 113/400                           [0m 

                               Run name: hls2909-fix7
                            Total steps: 11206656 
                       Steps per second: 47011 
                        Collection time: 1.936s 
                          Learning time: 0.156s 
                        Mean value loss: 0.0224
                    Mean surrogate loss: -0.0195
                      Mean entropy loss: 10.8581
                            Mean reward: 0.45
                    Mean episode length: 29.52
                        Mean action std: 0.53
   Episode_Reward/track_linear_velocity: 0.0178
  Episode_Reward/track_angular_velocity: 0.0002
                 Episode_Reward/upright: 0.0192
                    Episode_Reward/pose: 0.0039
            Episode_Reward/body_ang_vel: -0.0365
        Episode_Reward/angular_momentum: -0.0000
          Episode_Reward/dof_pos_limits: -0.0027
          Episode_Reward/action_rate_l2: -0.0165
                Episode_Reward/air_time: 0.0040
          Episode_Reward/foot_clearance: -0.0005
       Episode_Reward/foot_swing_height: -0.0016
               Episode_Reward/foot_slip: -0.0002
         Episode_Reward/self_collisions: -0.0008
      Episode_Reward/head_pose_tracking: 0.0374
      Episode_Reward/body_pose_tracking: 0.0000
          Episode_Reward/head_pose_bias: 0.0000
        Episode_Metrics/mean_action_acc: 0.8289
          Curriculum/action_rate_weight: -0.1000
               Curriculum/standing_envs: 0.0200
             Curriculum/head_pose_range: 0.0700
             Curriculum/body_pose_range: 0.0500
                   Curriculum/com_range: 0.0030
              Curriculum/head_com_range: 0.0030
       Curriculum/head_pose_bias_weight: 0.0000
             Metrics/twist/error_vel_xy: 0.0241
            Metrics/twist/error_vel_yaw: 0.1942
           Episode_Termination/time_out: 0.0000
          Episode_Termination/fell_over: 146.7917
Episode_Termination/out_of_terrain_bounds: 0.0000
          Episode_Termination/nan_state: 0.0000
          Metrics/angular_momentum_mean: 0.0117
                  Metrics/air_time_mean: 0.0403
               Metrics/peak_height_mean: 0.0088
             Metrics/slip_velocity_mean: 0.2850
--------------------------------------------------------------------------------
                         Iteration time: 2.09s
                           Time elapsed: 00:03:57
                                    ETA: 00:09:55

################################################################################
[1m                           Learning iteration 114/400                           [0m 

                               Run name: hls2909-fix7
                            Total steps: 11304960 
                       Steps per second: 46584 
                        Collection time: 1.954s 
                          Learning time: 0.156s 
                        Mean value loss: 0.0228
                    Mean surrogate loss: -0.0182
                      Mean entropy loss: 10.8570
                            Mean reward: 0.47
                    Mean episode length: 28.06
                        Mean action std: 0.53
   Episode_Reward/track_linear_velocity: 0.0177
  Episode_Reward/track_angular_velocity: 0.0003
                 Episode_Reward/upright: 0.0192
                    Episode_Reward/pose: 0.0038
            Episode_Reward/body_ang_vel: -0.0354
        Episode_Reward/angular_momentum: -0.0000
          Episode_Reward/dof_pos_limits: -0.0028
          Episode_Reward/action_rate_l2: -0.0165
                Episode_Reward/air_time: 0.0041
          Episode_Reward/foot_clearance: -0.0005
       Episode_Reward/foot_swing_height: -0.0016
               Episode_Reward/foot_slip: -0.0002
         Episode_Reward/self_collisions: -0.0009
      Episode_Reward/head_pose_tracking: 0.0371
      Episode_Reward/body_pose_tracking: 0.0000
          Episode_Reward/head_pose_bias: 0.0000
        Episode_Metrics/mean_action_acc: 0.8285
          Curriculum/action_rate_weight: -0.1000
               Curriculum/standing_envs: 0.0200
             Curriculum/head_pose_range: 0.0700
             Curriculum/body_pose_range: 0.0500
                   Curriculum/com_range: 0.0030
              Curriculum/head_com_range: 0.0030
       Curriculum/head_pose_bias_weight: 0.0000
             Metrics/twist/error_vel_xy: 0.0243
            Metrics/twist/error_vel_yaw: 0.1977
           Episode_Termination/time_out: 0.0000
          Episode_Termination/fell_over: 144.9583
Episode_Termination/out_of_terrain_bounds: 0.0000
          Episode_Termination/nan_state: 0.0000
          Metrics/angular_momentum_mean: 0.0117
                  Metrics/air_time_mean: 0.0398
               Metrics/peak_height_mean: 0.0089
             Metrics/slip_velocity_mean: 0.2821
--------------------------------------------------------------------------------
                         Iteration time: 2.11s
                           Time elapsed: 00:03:59
                                    ETA: 00:09:53

################################################################################
[1m                           Learning iteration 115/400                           [0m 

                               Run name: hls2909-fix7
                            Total steps: 11403264 
                       Steps per second: 46660 
                        Collection time: 1.951s 
                          Learning time: 0.156s 
                        Mean value loss: 0.0230
                    Mean surrogate loss: -0.0186
                      Mean entropy loss: 10.8636
                            Mean reward: 0.41
                    Mean episode length: 28.03
                        Mean action std: 0.53
   Episode_Reward/track_linear_velocity: 0.0179
  Episode_Reward/track_angular_velocity: 0.0002
                 Episode_Reward/upright: 0.0197
                    Episode_Reward/pose: 0.0038
            Episode_Reward/body_ang_vel: -0.0369
        Episode_Reward/angular_momentum: -0.0000
          Episode_Reward/dof_pos_limits: -0.0029
          Episode_Reward/action_rate_l2: -0.0167
                Episode_Reward/air_time: 0.0039
          Episode_Reward/foot_clearance: -0.0005
       Episode_Reward/foot_swing_height: -0.0016
               Episode_Reward/foot_slip: -0.0002
         Episode_Reward/self_collisions: -0.0008
      Episode_Reward/head_pose_tracking: 0.0375
      Episode_Reward/body_pose_tracking: 0.0000
          Episode_Reward/head_pose_bias: 0.0000
        Episode_Metrics/mean_action_acc: 0.8289
          Curriculum/action_rate_weight: -0.1000
               Curriculum/standing_envs: 0.0200
             Curriculum/head_pose_range: 0.0700
             Curriculum/body_pose_range: 0.0500
                   Curriculum/com_range: 0.0030
              Curriculum/head_com_range: 0.0030
       Curriculum/head_pose_bias_weight: 0.0000
             Metrics/twist/error_vel_xy: 0.0243
            Metrics/twist/error_vel_yaw: 0.2006
           Episode_Termination/time_out: 0.0000
          Episode_Termination/fell_over: 148.4583
Episode_Termination/out_of_terrain_bounds: 0.0000
          Episode_Termination/nan_state: 0.0000
          Metrics/angular_momentum_mean: 0.0118
                  Metrics/air_time_mean: 0.0400
               Metrics/peak_height_mean: 0.0089
             Metrics/slip_velocity_mean: 0.2845
--------------------------------------------------------------------------------
                         Iteration time: 2.11s
                           Time elapsed: 00:04:01
                                    ETA: 00:09:51

################################################################################
[1m                           Learning iteration 116/400                           [0m 

                               Run name: hls2909-fix7
                            Total steps: 11501568 
                       Steps per second: 46977 
                        Collection time: 1.938s 
                          Learning time: 0.155s 
                        Mean value loss: 0.0236
                    Mean surrogate loss: -0.0199
                      Mean entropy loss: 10.8596
                            Mean reward: 0.44
                    Mean episode length: 28.60
                        Mean action std: 0.53
   Episode_Reward/track_linear_velocity: 0.0181
  Episode_Reward/track_angular_velocity: 0.0002
                 Episode_Reward/upright: 0.0194
                    Episode_Reward/pose: 0.0038
            Episode_Reward/body_ang_vel: -0.0370
        Episode_Reward/angular_momentum: -0.0000
          Episode_Reward/dof_pos_limits: -0.0028
          Episode_Reward/action_rate_l2: -0.0166
                Episode_Reward/air_time: 0.0039
          Episode_Reward/foot_clearance: -0.0005
       Episode_Reward/foot_swing_height: -0.0016
               Episode_Reward/foot_slip: -0.0002
         Episode_Reward/self_collisions: -0.0009
      Episode_Reward/head_pose_tracking: 0.0373
      Episode_Reward/body_pose_tracking: 0.0000
          Episode_Reward/head_pose_bias: 0.0000
        Episode_Metrics/mean_action_acc: 0.8276
          Curriculum/action_rate_weight: -0.1000
               Curriculum/standing_envs: 0.0200
             Curriculum/head_pose_range: 0.0700
             Curriculum/body_pose_range: 0.0500
                   Curriculum/com_range: 0.0030
              Curriculum/head_com_range: 0.0030
       Curriculum/head_pose_bias_weight: 0.0000
             Metrics/twist/error_vel_xy: 0.0242
            Metrics/twist/error_vel_yaw: 0.1977
           Episode_Termination/time_out: 0.0000
          Episode_Termination/fell_over: 144.7500
Episode_Termination/out_of_terrain_bounds: 0.0000
          Episode_Termination/nan_state: 0.0000
          Metrics/angular_momentum_mean: 0.0118
                  Metrics/air_time_mean: 0.0399
               Metrics/peak_height_mean: 0.0088
             Metrics/slip_velocity_mean: 0.2830
--------------------------------------------------------------------------------
                         Iteration time: 2.09s
                           Time elapsed: 00:04:03
                                    ETA: 00:09:49

################################################################################
[1m                           Learning iteration 117/400                           [0m 

                               Run name: hls2909-fix7
                            Total steps: 11599872 
                       Steps per second: 46853 
                        Collection time: 1.947s 
                          Learning time: 0.151s 
                        Mean value loss: 0.0233
                    Mean surrogate loss: -0.0195
                      Mean entropy loss: 10.8668
                            Mean reward: 0.42
                    Mean episode length: 29.10
                        Mean action std: 0.53
   Episode_Reward/track_linear_velocity: 0.0177
  Episode_Reward/track_angular_velocity: 0.0002
                 Episode_Reward/upright: 0.0192
                    Episode_Reward/pose: 0.0038
            Episode_Reward/body_ang_vel: -0.0363
        Episode_Reward/angular_momentum: -0.0000
          Episode_Reward/dof_pos_limits: -0.0028
          Episode_Reward/action_rate_l2: -0.0166
                Episode_Reward/air_time: 0.0041
          Episode_Reward/foot_clearance: -0.0005
       Episode_Reward/foot_swing_height: -0.0016
               Episode_Reward/foot_slip: -0.0002
         Episode_Reward/self_collisions: -0.0009
      Episode_Reward/head_pose_tracking: 0.0373
      Episode_Reward/body_pose_tracking: 0.0000
          Episode_Reward/head_pose_bias: 0.0000
        Episode_Metrics/mean_action_acc: 0.8266
          Curriculum/action_rate_weight: -0.1000
               Curriculum/standing_envs: 0.0200
             Curriculum/head_pose_range: 0.0700
             Curriculum/body_pose_range: 0.0500
                   Curriculum/com_range: 0.0030
              Curriculum/head_com_range: 0.0030
       Curriculum/head_pose_bias_weight: 0.0000
             Metrics/twist/error_vel_xy: 0.0243
            Metrics/twist/error_vel_yaw: 0.1975
           Episode_Termination/time_out: 0.0000
          Episode_Termination/fell_over: 147.9583
Episode_Termination/out_of_terrain_bounds: 0.0000
          Episode_Termination/nan_state: 0.0000
          Metrics/angular_momentum_mean: 0.0118
                  Metrics/air_time_mean: 0.0399
               Metrics/peak_height_mean: 0.0089
             Metrics/slip_velocity_mean: 0.2833
--------------------------------------------------------------------------------
                         Iteration time: 2.10s
                           Time elapsed: 00:04:05
                                    ETA: 00:09:47

################################################################################
[1m                           Learning iteration 118/400                           [0m 

                               Run name: hls2909-fix7
                            Total steps: 11698176 
                       Steps per second: 47397 
                        Collection time: 1.922s 
                          Learning time: 0.152s 
                        Mean value loss: 0.0232
                    Mean surrogate loss: -0.0182
                      Mean entropy loss: 10.8745
                            Mean reward: 0.48
                    Mean episode length: 27.58
                        Mean action std: 0.53
   Episode_Reward/track_linear_velocity: 0.0181
  Episode_Reward/track_angular_velocity: 0.0002
                 Episode_Reward/upright: 0.0194
                    Episode_Reward/pose: 0.0039
            Episode_Reward/body_ang_vel: -0.0368
        Episode_Reward/angular_momentum: -0.0000
          Episode_Reward/dof_pos_limits: -0.0028
          Episode_Reward/action_rate_l2: -0.0166
                Episode_Reward/air_time: 0.0040
          Episode_Reward/foot_clearance: -0.0005
       Episode_Reward/foot_swing_height: -0.0016
               Episode_Reward/foot_slip: -0.0002
         Episode_Reward/self_collisions: -0.0008
      Episode_Reward/head_pose_tracking: 0.0375
      Episode_Reward/body_pose_tracking: 0.0000
          Episode_Reward/head_pose_bias: 0.0000
        Episode_Metrics/mean_action_acc: 0.8268
          Curriculum/action_rate_weight: -0.1000
               Curriculum/standing_envs: 0.0200
             Curriculum/head_pose_range: 0.0700
             Curriculum/body_pose_range: 0.0500
                   Curriculum/com_range: 0.0030
              Curriculum/head_com_range: 0.0030
       Curriculum/head_pose_bias_weight: 0.0000
             Metrics/twist/error_vel_xy: 0.0239
            Metrics/twist/error_vel_yaw: 0.1965
           Episode_Termination/time_out: 0.0000
          Episode_Termination/fell_over: 144.2083
Episode_Termination/out_of_terrain_bounds: 0.0000
          Episode_Termination/nan_state: 0.0000
          Metrics/angular_momentum_mean: 0.0117
                  Metrics/air_time_mean: 0.0401
               Metrics/peak_height_mean: 0.0089
             Metrics/slip_velocity_mean: 0.2822
--------------------------------------------------------------------------------
                         Iteration time: 2.07s
                           Time elapsed: 00:04:07
                                    ETA: 00:09:45

################################################################################
[1m                           Learning iteration 119/400                           [0m 

                               Run name: hls2909-fix7
                            Total steps: 11796480 
                       Steps per second: 46853 
                        Collection time: 1.948s 
                          Learning time: 0.151s 
                        Mean value loss: 0.0228
                    Mean surrogate loss: -0.0193
                      Mean entropy loss: 10.9052
                            Mean reward: 0.51
                    Mean episode length: 27.59
                        Mean action std: 0.53
   Episode_Reward/track_linear_velocity: 0.0180
  Episode_Reward/track_angular_velocity: 0.0002
                 Episode_Reward/upright: 0.0193
                    Episode_Reward/pose: 0.0038
            Episode_Reward/body_ang_vel: -0.0369
        Episode_Reward/angular_momentum: -0.0000
          Episode_Reward/dof_pos_limits: -0.0028
          Episode_Reward/action_rate_l2: -0.0166
                Episode_Reward/air_time: 0.0040
          Episode_Reward/foot_clearance: -0.0005
       Episode_Reward/foot_swing_height: -0.0016
               Episode_Reward/foot_slip: -0.0002
         Episode_Reward/self_collisions: -0.0009
      Episode_Reward/head_pose_tracking: 0.0375
      Episode_Reward/body_pose_tracking: 0.0000
          Episode_Reward/head_pose_bias: 0.0000
        Episode_Metrics/mean_action_acc: 0.8259
          Curriculum/action_rate_weight: -0.1000
               Curriculum/standing_envs: 0.0200
             Curriculum/head_pose_range: 0.0700
             Curriculum/body_pose_range: 0.0500
                   Curriculum/com_range: 0.0030
              Curriculum/head_com_range: 0.0030
       Curriculum/head_pose_bias_weight: 0.0000
             Metrics/twist/error_vel_xy: 0.0244
            Metrics/twist/error_vel_yaw: 0.1997
           Episode_Termination/time_out: 0.0000
          Episode_Termination/fell_over: 147.9583
Episode_Termination/out_of_terrain_bounds: 0.0000
          Episode_Termination/nan_state: 0.0000
          Metrics/angular_momentum_mean: 0.0118
                  Metrics/air_time_mean: 0.0400
               Metrics/peak_height_mean: 0.0089
             Metrics/slip_velocity_mean: 0.2847
--------------------------------------------------------------------------------
                         Iteration time: 2.10s
                           Time elapsed: 00:04:09
                                    ETA: 00:09:43

################################################################################
[1m                           Learning iteration 120/400                           [0m 

                               Run name: hls2909-fix7
                            Total steps: 11894784 
                       Steps per second: 46793 
                        Collection time: 1.946s 
                          Learning time: 0.155s 
                        Mean value loss: 0.0237
                    Mean surrogate loss: -0.0179
                      Mean entropy loss: 10.9029
                            Mean reward: 0.47
                    Mean episode length: 27.36
                        Mean action std: 0.53
   Episode_Reward/track_linear_velocity: 0.0176
  Episode_Reward/track_angular_velocity: 0.0002
                 Episode_Reward/upright: 0.0194
                    Episode_Reward/pose: 0.0039
            Episode_Reward/body_ang_vel: -0.0372
        Episode_Reward/angular_momentum: -0.0000
          Episode_Reward/dof_pos_limits: -0.0028
          Episode_Reward/action_rate_l2: -0.0165
                Episode_Reward/air_time: 0.0040
          Episode_Reward/foot_clearance: -0.0005
       Episode_Reward/foot_swing_height: -0.0016
               Episode_Reward/foot_slip: -0.0002
         Episode_Reward/self_collisions: -0.0008
      Episode_Reward/head_pose_tracking: 0.0374
      Episode_Reward/body_pose_tracking: 0.0000
          Episode_Reward/head_pose_bias: 0.0000
        Episode_Metrics/mean_action_acc: 0.8263
          Curriculum/action_rate_weight: -0.1000
               Curriculum/standing_envs: 0.0200
             Curriculum/head_pose_range: 0.0700
             Curriculum/body_pose_range: 0.0500
                   Curriculum/com_range: 0.0030
              Curriculum/head_com_range: 0.0030
       Curriculum/head_pose_bias_weight: 0.0000
             Metrics/twist/error_vel_xy: 0.0244
            Metrics/twist/error_vel_yaw: 0.1960
           Episode_Termination/time_out: 0.0000
          Episode_Termination/fell_over: 146.1250
Episode_Termination/out_of_terrain_bounds: 0.0000
          Episode_Termination/nan_state: 0.0000
          Metrics/angular_momentum_mean: 0.0118
                  Metrics/air_time_mean: 0.0399
               Metrics/peak_height_mean: 0.0089
             Metrics/slip_velocity_mean: 0.2837
--------------------------------------------------------------------------------
                         Iteration time: 2.10s
                           Time elapsed: 00:04:12
                                    ETA: 00:09:41

################################################################################
[1m                           Learning iteration 121/400                           [0m 

                               Run name: hls2909-fix7
                            Total steps: 11993088 
                       Steps per second: 47026 
                        Collection time: 1.939s 
                          Learning time: 0.151s 
                        Mean value loss: 0.0235
                    Mean surrogate loss: -0.0190
                      Mean entropy loss: 10.9173
                            Mean reward: 0.43
                    Mean episode length: 28.02
                        Mean action std: 0.53
   Episode_Reward/track_linear_velocity: 0.0183
  Episode_Reward/track_angular_velocity: 0.0002
                 Episode_Reward/upright: 0.0192
                    Episode_Reward/pose: 0.0038
            Episode_Reward/body_ang_vel: -0.0366
        Episode_Reward/angular_momentum: -0.0000
          Episode_Reward/dof_pos_limits: -0.0028
          Episode_Reward/action_rate_l2: -0.0166
                Episode_Reward/air_time: 0.0040
          Episode_Reward/foot_clearance: -0.0005
       Episode_Reward/foot_swing_height: -0.0016
               Episode_Reward/foot_slip: -0.0002
         Episode_Reward/self_collisions: -0.0008
      Episode_Reward/head_pose_tracking: 0.0376
      Episode_Reward/body_pose_tracking: 0.0000
          Episode_Reward/head_pose_bias: 0.0000
        Episode_Metrics/mean_action_acc: 0.8260
          Curriculum/action_rate_weight: -0.1000
               Curriculum/standing_envs: 0.0200
             Curriculum/head_pose_range: 0.0700
             Curriculum/body_pose_range: 0.0500
                   Curriculum/com_range: 0.0030
              Curriculum/head_com_range: 0.0030
       Curriculum/head_pose_bias_weight: 0.0000
             Metrics/twist/error_vel_xy: 0.0240
            Metrics/twist/error_vel_yaw: 0.1973
           Episode_Termination/time_out: 0.0000
          Episode_Termination/fell_over: 146.8333
Episode_Termination/out_of_terrain_bounds: 0.0000
          Episode_Termination/nan_state: 0.0000
          Metrics/angular_momentum_mean: 0.0118
                  Metrics/air_time_mean: 0.0402
               Metrics/peak_height_mean: 0.0089
             Metrics/slip_velocity_mean: 0.2826
--------------------------------------------------------------------------------
                         Iteration time: 2.09s
                           Time elapsed: 00:04:14
                                    ETA: 00:09:39

################################################################################
[1m                           Learning iteration 122/400                           [0m 

                               Run name: hls2909-fix7
                            Total steps: 12091392 
                       Steps per second: 46656 
                        Collection time: 1.955s 
                          Learning time: 0.152s 
                        Mean value loss: 0.0227
                    Mean surrogate loss: -0.0194
                      Mean entropy loss: 10.9185
                            Mean reward: 0.49
                    Mean episode length: 27.34
                        Mean action std: 0.53
   Episode_Reward/track_linear_velocity: 0.0175
  Episode_Reward/track_angular_velocity: 0.0002
                 Episode_Reward/upright: 0.0191
                    Episode_Reward/pose: 0.0038
            Episode_Reward/body_ang_vel: -0.0363
        Episode_Reward/angular_momentum: -0.0000
          Episode_Reward/dof_pos_limits: -0.0027
          Episode_Reward/action_rate_l2: -0.0165
                Episode_Reward/air_time: 0.0040
          Episode_Reward/foot_clearance: -0.0005
       Episode_Reward/foot_swing_height: -0.0016
               Episode_Reward/foot_slip: -0.0002
         Episode_Reward/self_collisions: -0.0008
      Episode_Reward/head_pose_tracking: 0.0372
      Episode_Reward/body_pose_tracking: 0.0000
          Episode_Reward/head_pose_bias: 0.0000
        Episode_Metrics/mean_action_acc: 0.8261
          Curriculum/action_rate_weight: -0.1000
               Curriculum/standing_envs: 0.0200
             Curriculum/head_pose_range: 0.0700
             Curriculum/body_pose_range: 0.0500
                   Curriculum/com_range: 0.0030
              Curriculum/head_com_range: 0.0030
       Curriculum/head_pose_bias_weight: 0.0000
             Metrics/twist/error_vel_xy: 0.0242
            Metrics/twist/error_vel_yaw: 0.1946
           Episode_Termination/time_out: 0.0000
          Episode_Termination/fell_over: 146.5000
Episode_Termination/out_of_terrain_bounds: 0.0000
          Episode_Termination/nan_state: 0.0000
          Metrics/angular_momentum_mean: 0.0118
                  Metrics/air_time_mean: 0.0401
               Metrics/peak_height_mean: 0.0088
             Metrics/slip_velocity_mean: 0.2829
--------------------------------------------------------------------------------
                         Iteration time: 2.11s
                           Time elapsed: 00:04:16
                                    ETA: 00:09:37

################################################################################
[1m                           Learning iteration 123/400                           [0m 

                               Run name: hls2909-fix7
                            Total steps: 12189696 
                       Steps per second: 46615 
                        Collection time: 1.956s 
                          Learning time: 0.152s 
                        Mean value loss: 0.0233
                    Mean surrogate loss: -0.0193
                      Mean entropy loss: 10.9194
                            Mean reward: 0.45
                    Mean episode length: 27.14
                        Mean action std: 0.53
   Episode_Reward/track_linear_velocity: 0.0180
  Episode_Reward/track_angular_velocity: 0.0002
                 Episode_Reward/upright: 0.0194
                    Episode_Reward/pose: 0.0038
            Episode_Reward/body_ang_vel: -0.0367
        Episode_Reward/angular_momentum: -0.0000
          Episode_Reward/dof_pos_limits: -0.0028
          Episode_Reward/action_rate_l2: -0.0167
                Episode_Reward/air_time: 0.0042
          Episode_Reward/foot_clearance: -0.0005
       Episode_Reward/foot_swing_height: -0.0016
               Episode_Reward/foot_slip: -0.0002
         Episode_Reward/self_collisions: -0.0008
      Episode_Reward/head_pose_tracking: 0.0376
      Episode_Reward/body_pose_tracking: 0.0000
          Episode_Reward/head_pose_bias: 0.0000
        Episode_Metrics/mean_action_acc: 0.8271
          Curriculum/action_rate_weight: -0.1000
               Curriculum/standing_envs: 0.0200
             Curriculum/head_pose_range: 0.0700
             Curriculum/body_pose_range: 0.0500
                   Curriculum/com_range: 0.0030
              Curriculum/head_com_range: 0.0030
       Curriculum/head_pose_bias_weight: 0.0000
             Metrics/twist/error_vel_xy: 0.0242
            Metrics/twist/error_vel_yaw: 0.1997
           Episode_Termination/time_out: 0.0000
          Episode_Termination/fell_over: 147.4583
Episode_Termination/out_of_terrain_bounds: 0.0000
          Episode_Termination/nan_state: 0.0000
          Metrics/angular_momentum_mean: 0.0118
                  Metrics/air_time_mean: 0.0404
               Metrics/peak_height_mean: 0.0089
             Metrics/slip_velocity_mean: 0.2840
--------------------------------------------------------------------------------
                         Iteration time: 2.11s
                           Time elapsed: 00:04:18
                                    ETA: 00:09:34

################################################################################
[1m                           Learning iteration 124/400                           [0m 

                               Run name: hls2909-fix7
                            Total steps: 12288000 
                       Steps per second: 46730 
                        Collection time: 1.950s 
                          Learning time: 0.154s 
                        Mean value loss: 0.0239
                    Mean surrogate loss: -0.0198
                      Mean entropy loss: 10.9125
                            Mean reward: 0.52
                    Mean episode length: 28.51
                        Mean action std: 0.53
   Episode_Reward/track_linear_velocity: 0.0179
  Episode_Reward/track_angular_velocity: 0.0002
                 Episode_Reward/upright: 0.0193
                    Episode_Reward/pose: 0.0039
            Episode_Reward/body_ang_vel: -0.0367
        Episode_Reward/angular_momentum: -0.0000
          Episode_Reward/dof_pos_limits: -0.0027
          Episode_Reward/action_rate_l2: -0.0166
                Episode_Reward/air_time: 0.0041
          Episode_Reward/foot_clearance: -0.0005
       Episode_Reward/foot_swing_height: -0.0016
               Episode_Reward/foot_slip: -0.0002
         Episode_Reward/self_collisions: -0.0008
      Episode_Reward/head_pose_tracking: 0.0375
      Episode_Reward/body_pose_tracking: 0.0000
          Episode_Reward/head_pose_bias: 0.0000
        Episode_Metrics/mean_action_acc: 0.8256
          Curriculum/action_rate_weight: -0.1000
               Curriculum/standing_envs: 0.0200
             Curriculum/head_pose_range: 0.0700
             Curriculum/body_pose_range: 0.0500
                   Curriculum/com_range: 0.0030
              Curriculum/head_com_range: 0.0030
       Curriculum/head_pose_bias_weight: 0.0000
             Metrics/twist/error_vel_xy: 0.0243
            Metrics/twist/error_vel_yaw: 0.1962
           Episode_Termination/time_out: 0.0000
          Episode_Termination/fell_over: 146.2083
Episode_Termination/out_of_terrain_bounds: 0.0000
          Episode_Termination/nan_state: 0.0000
          Metrics/angular_momentum_mean: 0.0118
                  Metrics/air_time_mean: 0.0401
               Metrics/peak_height_mean: 0.0089
             Metrics/slip_velocity_mean: 0.2836
--------------------------------------------------------------------------------
                         Iteration time: 2.10s
                           Time elapsed: 00:04:20
                                    ETA: 00:09:32

################################################################################
[1m                           Learning iteration 125/400                           [0m 

                               Run name: hls2909-fix7
                            Total steps: 12386304 
                       Steps per second: 46407 
                        Collection time: 1.964s 
                          Learning time: 0.154s 
                        Mean value loss: 0.0236
                    Mean surrogate loss: -0.0183
                      Mean entropy loss: 10.9209
                            Mean reward: 0.39
                    Mean episode length: 26.60
                        Mean action std: 0.53
   Episode_Reward/track_linear_velocity: 0.0180
  Episode_Reward/track_angular_velocity: 0.0002
                 Episode_Reward/upright: 0.0194
                    Episode_Reward/pose: 0.0038
            Episode_Reward/body_ang_vel: -0.0368
        Episode_Reward/angular_momentum: -0.0000
          Episode_Reward/dof_pos_limits: -0.0029
          Episode_Reward/action_rate_l2: -0.0166
                Episode_Reward/air_time: 0.0041
          Episode_Reward/foot_clearance: -0.0005
       Episode_Reward/foot_swing_height: -0.0016
               Episode_Reward/foot_slip: -0.0002
         Episode_Reward/self_collisions: -0.0008
      Episode_Reward/head_pose_tracking: 0.0375
      Episode_Reward/body_pose_tracking: 0.0000
          Episode_Reward/head_pose_bias: 0.0000
        Episode_Metrics/mean_action_acc: 0.8243
          Curriculum/action_rate_weight: -0.1000
               Curriculum/standing_envs: 0.0200
             Curriculum/head_pose_range: 0.0700
             Curriculum/body_pose_range: 0.0500
                   Curriculum/com_range: 0.0030
              Curriculum/head_com_range: 0.0030
       Curriculum/head_pose_bias_weight: 0.0000
             Metrics/twist/error_vel_xy: 0.0242
            Metrics/twist/error_vel_yaw: 0.1988
           Episode_Termination/time_out: 0.0000
          Episode_Termination/fell_over: 146.4583
Episode_Termination/out_of_terrain_bounds: 0.0000
          Episode_Termination/nan_state: 0.0000
          Metrics/angular_momentum_mean: 0.0118
                  Metrics/air_time_mean: 0.0403
               Metrics/peak_height_mean: 0.0089
             Metrics/slip_velocity_mean: 0.2849
--------------------------------------------------------------------------------
                         Iteration time: 2.12s
                           Time elapsed: 00:04:22
                                    ETA: 00:09:30

################################################################################
[1m                           Learning iteration 126/400                           [0m 

                               Run name: hls2909-fix7
                            Total steps: 12484608 
                       Steps per second: 46891 
                        Collection time: 1.944s 
                          Learning time: 0.153s 
                        Mean value loss: 0.0229
                    Mean surrogate loss: -0.0182
                      Mean entropy loss: 10.9318
                            Mean reward: 0.49
                    Mean episode length: 27.87
                        Mean action std: 0.53
   Episode_Reward/track_linear_velocity: 0.0181
  Episode_Reward/track_angular_velocity: 0.0002
                 Episode_Reward/upright: 0.0192
                    Episode_Reward/pose: 0.0038
            Episode_Reward/body_ang_vel: -0.0362
        Episode_Reward/angular_momentum: -0.0000
          Episode_Reward/dof_pos_limits: -0.0028
          Episode_Reward/action_rate_l2: -0.0165
                Episode_Reward/air_time: 0.0040
          Episode_Reward/foot_clearance: -0.0005
       Episode_Reward/foot_swing_height: -0.0016
               Episode_Reward/foot_slip: -0.0002
         Episode_Reward/self_collisions: -0.0008
      Episode_Reward/head_pose_tracking: 0.0373
      Episode_Reward/body_pose_tracking: 0.0000
          Episode_Reward/head_pose_bias: 0.0000
        Episode_Metrics/mean_action_acc: 0.8226
          Curriculum/action_rate_weight: -0.1000
               Curriculum/standing_envs: 0.0200
             Curriculum/head_pose_range: 0.0700
             Curriculum/body_pose_range: 0.0500
                   Curriculum/com_range: 0.0030
              Curriculum/head_com_range: 0.0030
       Curriculum/head_pose_bias_weight: 0.0000
             Metrics/twist/error_vel_xy: 0.0238
            Metrics/twist/error_vel_yaw: 0.1950
           Episode_Termination/time_out: 0.0000
          Episode_Termination/fell_over: 147.2500
Episode_Termination/out_of_terrain_bounds: 0.0000
          Episode_Termination/nan_state: 0.0000
          Metrics/angular_momentum_mean: 0.0118
                  Metrics/air_time_mean: 0.0401
               Metrics/peak_height_mean: 0.0089
             Metrics/slip_velocity_mean: 0.2844
--------------------------------------------------------------------------------
                         Iteration time: 2.10s
                           Time elapsed: 00:04:24
                                    ETA: 00:09:28

################################################################################
[1m                           Learning iteration 127/400                           [0m 

                               Run name: hls2909-fix7
                            Total steps: 12582912 
                       Steps per second: 47065 
                        Collection time: 1.937s 
                          Learning time: 0.152s 
                        Mean value loss: 0.0224
                    Mean surrogate loss: -0.0183
                      Mean entropy loss: 10.9350
                            Mean reward: 0.36
                    Mean episode length: 28.19
                        Mean action std: 0.53
   Episode_Reward/track_linear_velocity: 0.0180
  Episode_Reward/track_angular_velocity: 0.0002
                 Episode_Reward/upright: 0.0194
                    Episode_Reward/pose: 0.0038
            Episode_Reward/body_ang_vel: -0.0367
        Episode_Reward/angular_momentum: -0.0000
          Episode_Reward/dof_pos_limits: -0.0028
          Episode_Reward/action_rate_l2: -0.0166
                Episode_Reward/air_time: 0.0040
          Episode_Reward/foot_clearance: -0.0005
       Episode_Reward/foot_swing_height: -0.0016
               Episode_Reward/foot_slip: -0.0002
         Episode_Reward/self_collisions: -0.0008
      Episode_Reward/head_pose_tracking: 0.0375
      Episode_Reward/body_pose_tracking: 0.0000
          Episode_Reward/head_pose_bias: 0.0000
        Episode_Metrics/mean_action_acc: 0.8217
          Curriculum/action_rate_weight: -0.1000
               Curriculum/standing_envs: 0.0200
             Curriculum/head_pose_range: 0.0700
             Curriculum/body_pose_range: 0.0500
                   Curriculum/com_range: 0.0030
              Curriculum/head_com_range: 0.0030
       Curriculum/head_pose_bias_weight: 0.0000
             Metrics/twist/error_vel_xy: 0.0243
            Metrics/twist/error_vel_yaw: 0.1966
           Episode_Termination/time_out: 0.0000
          Episode_Termination/fell_over: 145.6250
Episode_Termination/out_of_terrain_bounds: 0.0000
          Episode_Termination/nan_state: 0.0000
          Metrics/angular_momentum_mean: 0.0118
                  Metrics/air_time_mean: 0.0401
               Metrics/peak_height_mean: 0.0089
             Metrics/slip_velocity_mean: 0.2817
--------------------------------------------------------------------------------
                         Iteration time: 2.09s
                           Time elapsed: 00:04:26
                                    ETA: 00:09:26

################################################################################
[1m                           Learning iteration 128/400                           [0m 

                               Run name: hls2909-fix7
                            Total steps: 12681216 
                       Steps per second: 46604 
                        Collection time: 1.955s 
                          Learning time: 0.154s 
                        Mean value loss: 0.0231
                    Mean surrogate loss: -0.0199
                      Mean entropy loss: 10.9478
                            Mean reward: 0.49
                    Mean episode length: 26.48
                        Mean action std: 0.53
   Episode_Reward/track_linear_velocity: 0.0176
  Episode_Reward/track_angular_velocity: 0.0002
                 Episode_Reward/upright: 0.0193
                    Episode_Reward/pose: 0.0038
            Episode_Reward/body_ang_vel: -0.0365
        Episode_Reward/angular_momentum: -0.0000
          Episode_Reward/dof_pos_limits: -0.0027
          Episode_Reward/action_rate_l2: -0.0164
                Episode_Reward/air_time: 0.0040
          Episode_Reward/foot_clearance: -0.0005
       Episode_Reward/foot_swing_height: -0.0016
               Episode_Reward/foot_slip: -0.0002
         Episode_Reward/self_collisions: -0.0008
      Episode_Reward/head_pose_tracking: 0.0374
      Episode_Reward/body_pose_tracking: 0.0000
          Episode_Reward/head_pose_bias: 0.0000
        Episode_Metrics/mean_action_acc: 0.8221
          Curriculum/action_rate_weight: -0.1000
               Curriculum/standing_envs: 0.0200
             Curriculum/head_pose_range: 0.0700
             Curriculum/body_pose_range: 0.0500
                   Curriculum/com_range: 0.0030
              Curriculum/head_com_range: 0.0030
       Curriculum/head_pose_bias_weight: 0.0000
             Metrics/twist/error_vel_xy: 0.0243
            Metrics/twist/error_vel_yaw: 0.1942
           Episode_Termination/time_out: 0.0000
          Episode_Termination/fell_over: 146.8333
Episode_Termination/out_of_terrain_bounds: 0.0000
          Episode_Termination/nan_state: 0.0000
          Metrics/angular_momentum_mean: 0.0118
                  Metrics/air_time_mean: 0.0401
               Metrics/peak_height_mean: 0.0089
             Metrics/slip_velocity_mean: 0.2834
--------------------------------------------------------------------------------
                         Iteration time: 2.11s
                           Time elapsed: 00:04:28
                                    ETA: 00:09:24

################################################################################
[1m                           Learning iteration 129/400                           [0m 

                               Run name: hls2909-fix7
                            Total steps: 12779520 
                       Steps per second: 47283 
                        Collection time: 1.930s 
                          Learning time: 0.149s 
                        Mean value loss: 0.0230
                    Mean surrogate loss: -0.0198
                      Mean entropy loss: 10.9501
                            Mean reward: 0.52
                    Mean episode length: 26.96
                        Mean action std: 0.53
   Episode_Reward/track_linear_velocity: 0.0178
  Episode_Reward/track_angular_velocity: 0.0002
                 Episode_Reward/upright: 0.0194
                    Episode_Reward/pose: 0.0037
            Episode_Reward/body_ang_vel: -0.0367
        Episode_Reward/angular_momentum: -0.0000
          Episode_Reward/dof_pos_limits: -0.0028
          Episode_Reward/action_rate_l2: -0.0166
                Episode_Reward/air_time: 0.0043
          Episode_Reward/foot_clearance: -0.0005
       Episode_Reward/foot_swing_height: -0.0016
               Episode_Reward/foot_slip: -0.0002
         Episode_Reward/self_collisions: -0.0008
      Episode_Reward/head_pose_tracking: 0.0373
      Episode_Reward/body_pose_tracking: 0.0000
          Episode_Reward/head_pose_bias: 0.0000
        Episode_Metrics/mean_action_acc: 0.8242
          Curriculum/action_rate_weight: -0.1000
               Curriculum/standing_envs: 0.0200
             Curriculum/head_pose_range: 0.0700
             Curriculum/body_pose_range: 0.0500
                   Curriculum/com_range: 0.0030
              Curriculum/head_com_range: 0.0030
       Curriculum/head_pose_bias_weight: 0.0000
             Metrics/twist/error_vel_xy: 0.0239
            Metrics/twist/error_vel_yaw: 0.1967
           Episode_Termination/time_out: 0.0000
          Episode_Termination/fell_over: 147.2500
Episode_Termination/out_of_terrain_bounds: 0.0000
          Episode_Termination/nan_state: 0.0000
          Metrics/angular_momentum_mean: 0.0119
                  Metrics/air_time_mean: 0.0402
               Metrics/peak_height_mean: 0.0089
             Metrics/slip_velocity_mean: 0.2850
--------------------------------------------------------------------------------
                         Iteration time: 2.08s
                           Time elapsed: 00:04:30
                                    ETA: 00:09:22

################################################################################
[1m                           Learning iteration 130/400                           [0m 

                               Run name: hls2909-fix7
                            Total steps: 12877824 
                       Steps per second: 47153 
                        Collection time: 1.930s 
                          Learning time: 0.154s 
                        Mean value loss: 0.0229
                    Mean surrogate loss: -0.0201
                      Mean entropy loss: 10.9660
                            Mean reward: 0.47
                    Mean episode length: 27.67
                        Mean action std: 0.53
   Episode_Reward/track_linear_velocity: 0.0177
  Episode_Reward/track_angular_velocity: 0.0002
                 Episode_Reward/upright: 0.0196
                    Episode_Reward/pose: 0.0038
            Episode_Reward/body_ang_vel: -0.0362
        Episode_Reward/angular_momentum: -0.0000
          Episode_Reward/dof_pos_limits: -0.0028
          Episode_Reward/action_rate_l2: -0.0167
                Episode_Reward/air_time: 0.0040
          Episode_Reward/foot_clearance: -0.0005
       Episode_Reward/foot_swing_height: -0.0016
               Episode_Reward/foot_slip: -0.0002
         Episode_Reward/self_collisions: -0.0008
      Episode_Reward/head_pose_tracking: 0.0375
      Episode_Reward/body_pose_tracking: 0.0000
          Episode_Reward/head_pose_bias: 0.0000
        Episode_Metrics/mean_action_acc: 0.8227
          Curriculum/action_rate_weight: -0.1000
               Curriculum/standing_envs: 0.0200
             Curriculum/head_pose_range: 0.0700
             Curriculum/body_pose_range: 0.0500
                   Curriculum/com_range: 0.0030
              Curriculum/head_com_range: 0.0030
       Curriculum/head_pose_bias_weight: 0.0000
             Metrics/twist/error_vel_xy: 0.0245
            Metrics/twist/error_vel_yaw: 0.1991
           Episode_Termination/time_out: 0.0000
          Episode_Termination/fell_over: 146.8333
Episode_Termination/out_of_terrain_bounds: 0.0000
          Episode_Termination/nan_state: 0.0000
          Metrics/angular_momentum_mean: 0.0118
                  Metrics/air_time_mean: 0.0401
               Metrics/peak_height_mean: 0.0089
             Metrics/slip_velocity_mean: 0.2865
--------------------------------------------------------------------------------
                         Iteration time: 2.08s
                           Time elapsed: 00:04:33
                                    ETA: 00:09:20

################################################################################
[1m                           Learning iteration 131/400                           [0m 

                               Run name: hls2909-fix7
                            Total steps: 12976128 
                       Steps per second: 46701 
                        Collection time: 1.951s 
                          Learning time: 0.154s 
                        Mean value loss: 0.0221
                    Mean surrogate loss: -0.0201
                      Mean entropy loss: 10.9697
                            Mean reward: 0.47
                    Mean episode length: 27.92
                        Mean action std: 0.53
   Episode_Reward/track_linear_velocity: 0.0176
  Episode_Reward/track_angular_velocity: 0.0002
                 Episode_Reward/upright: 0.0196
                    Episode_Reward/pose: 0.0038
            Episode_Reward/body_ang_vel: -0.0367
        Episode_Reward/angular_momentum: -0.0000
          Episode_Reward/dof_pos_limits: -0.0028
          Episode_Reward/action_rate_l2: -0.0166
                Episode_Reward/air_time: 0.0040
          Episode_Reward/foot_clearance: -0.0005
       Episode_Reward/foot_swing_height: -0.0016
               Episode_Reward/foot_slip: -0.0002
         Episode_Reward/self_collisions: -0.0008
      Episode_Reward/head_pose_tracking: 0.0375
      Episode_Reward/body_pose_tracking: 0.0000
          Episode_Reward/head_pose_bias: 0.0000
        Episode_Metrics/mean_action_acc: 0.8222
          Curriculum/action_rate_weight: -0.1000
               Curriculum/standing_envs: 0.0200
             Curriculum/head_pose_range: 0.0700
             Curriculum/body_pose_range: 0.0500
                   Curriculum/com_range: 0.0030
              Curriculum/head_com_range: 0.0030
       Curriculum/head_pose_bias_weight: 0.0000
             Metrics/twist/error_vel_xy: 0.0246
            Metrics/twist/error_vel_yaw: 0.1960
           Episode_Termination/time_out: 0.0000
          Episode_Termination/fell_over: 145.1667
Episode_Termination/out_of_terrain_bounds: 0.0000
          Episode_Termination/nan_state: 0.0000
          Metrics/angular_momentum_mean: 0.0119
                  Metrics/air_time_mean: 0.0399
               Metrics/peak_height_mean: 0.0090
             Metrics/slip_velocity_mean: 0.2839
--------------------------------------------------------------------------------
                         Iteration time: 2.10s
                           Time elapsed: 00:04:35
                                    ETA: 00:09:18

################################################################################
[1m                           Learning iteration 132/400                           [0m 

                               Run name: hls2909-fix7
                            Total steps: 13074432 
                       Steps per second: 46977 
                        Collection time: 1.940s 
                          Learning time: 0.153s 
                        Mean value loss: 0.0228
                    Mean surrogate loss: -0.0192
                      Mean entropy loss: 10.9743
                            Mean reward: 0.48
                    Mean episode length: 27.48
                        Mean action std: 0.53
   Episode_Reward/track_linear_velocity: 0.0179
  Episode_Reward/track_angular_velocity: 0.0002
                 Episode_Reward/upright: 0.0195
                    Episode_Reward/pose: 0.0038
            Episode_Reward/body_ang_vel: -0.0365
        Episode_Reward/angular_momentum: -0.0000
          Episode_Reward/dof_pos_limits: -0.0028
          Episode_Reward/action_rate_l2: -0.0166
                Episode_Reward/air_time: 0.0039
          Episode_Reward/foot_clearance: -0.0005
       Episode_Reward/foot_swing_height: -0.0016
               Episode_Reward/foot_slip: -0.0002
         Episode_Reward/self_collisions: -0.0008
      Episode_Reward/head_pose_tracking: 0.0375
      Episode_Reward/body_pose_tracking: 0.0000
          Episode_Reward/head_pose_bias: 0.0000
        Episode_Metrics/mean_action_acc: 0.8216
          Curriculum/action_rate_weight: -0.1000
               Curriculum/standing_envs: 0.0200
             Curriculum/head_pose_range: 0.0700
             Curriculum/body_pose_range: 0.0500
                   Curriculum/com_range: 0.0030
              Curriculum/head_com_range: 0.0030
       Curriculum/head_pose_bias_weight: 0.0000
             Metrics/twist/error_vel_xy: 0.0241
            Metrics/twist/error_vel_yaw: 0.1955
           Episode_Termination/time_out: 0.0000
          Episode_Termination/fell_over: 147.0417
Episode_Termination/out_of_terrain_bounds: 0.0000
          Episode_Termination/nan_state: 0.0000
          Metrics/angular_momentum_mean: 0.0118
                  Metrics/air_time_mean: 0.0398
               Metrics/peak_height_mean: 0.0090
             Metrics/slip_velocity_mean: 0.2858
--------------------------------------------------------------------------------
                         Iteration time: 2.09s
                           Time elapsed: 00:04:37
                                    ETA: 00:09:16

################################################################################
[1m                           Learning iteration 133/400                           [0m 

                               Run name: hls2909-fix7
                            Total steps: 13172736 
                       Steps per second: 47020 
                        Collection time: 1.939s 
                          Learning time: 0.151s 
                        Mean value loss: 0.0235
                    Mean surrogate loss: -0.0200
                      Mean entropy loss: 10.9841
                            Mean reward: 0.49
                    Mean episode length: 28.11
                        Mean action std: 0.53
   Episode_Reward/track_linear_velocity: 0.0179
  Episode_Reward/track_angular_velocity: 0.0002
                 Episode_Reward/upright: 0.0194
                    Episode_Reward/pose: 0.0038
            Episode_Reward/body_ang_vel: -0.0365
        Episode_Reward/angular_momentum: -0.0000
          Episode_Reward/dof_pos_limits: -0.0028
          Episode_Reward/action_rate_l2: -0.0166
                Episode_Reward/air_time: 0.0039
          Episode_Reward/foot_clearance: -0.0005
       Episode_Reward/foot_swing_height: -0.0016
               Episode_Reward/foot_slip: -0.0002
         Episode_Reward/self_collisions: -0.0008
      Episode_Reward/head_pose_tracking: 0.0376
      Episode_Reward/body_pose_tracking: 0.0000
          Episode_Reward/head_pose_bias: 0.0000
        Episode_Metrics/mean_action_acc: 0.8220
          Curriculum/action_rate_weight: -0.1000
               Curriculum/standing_envs: 0.0200
             Curriculum/head_pose_range: 0.0700
             Curriculum/body_pose_range: 0.0500
                   Curriculum/com_range: 0.0030
              Curriculum/head_com_range: 0.0030
       Curriculum/head_pose_bias_weight: 0.0000
             Metrics/twist/error_vel_xy: 0.0240
            Metrics/twist/error_vel_yaw: 0.1973
           Episode_Termination/time_out: 0.0000
          Episode_Termination/fell_over: 146.6667
Episode_Termination/out_of_terrain_bounds: 0.0000
          Episode_Termination/nan_state: 0.0000
          Metrics/angular_momentum_mean: 0.0118
                  Metrics/air_time_mean: 0.0401
               Metrics/peak_height_mean: 0.0088
             Metrics/slip_velocity_mean: 0.2843
--------------------------------------------------------------------------------
                         Iteration time: 2.09s
                           Time elapsed: 00:04:39
                                    ETA: 00:09:14

################################################################################
[1m                           Learning iteration 134/400                           [0m 

                               Run name: hls2909-fix7
                            Total steps: 13271040 
                       Steps per second: 47078 
                        Collection time: 1.934s 
                          Learning time: 0.154s 
                        Mean value loss: 0.0225
                    Mean surrogate loss: -0.0191
                      Mean entropy loss: 10.9829
                            Mean reward: 0.52
                    Mean episode length: 28.73
                        Mean action std: 0.53
   Episode_Reward/track_linear_velocity: 0.0181
  Episode_Reward/track_angular_velocity: 0.0002
                 Episode_Reward/upright: 0.0194
                    Episode_Reward/pose: 0.0038
            Episode_Reward/body_ang_vel: -0.0354
        Episode_Reward/angular_momentum: -0.0000
          Episode_Reward/dof_pos_limits: -0.0028
          Episode_Reward/action_rate_l2: -0.0166
                Episode_Reward/air_time: 0.0040
          Episode_Reward/foot_clearance: -0.0005
       Episode_Reward/foot_swing_height: -0.0016
               Episode_Reward/foot_slip: -0.0002
         Episode_Reward/self_collisions: -0.0008
      Episode_Reward/head_pose_tracking: 0.0375
      Episode_Reward/body_pose_tracking: 0.0000
          Episode_Reward/head_pose_bias: 0.0000
        Episode_Metrics/mean_action_acc: 0.8211
          Curriculum/action_rate_weight: -0.1000
               Curriculum/standing_envs: 0.0200
             Curriculum/head_pose_range: 0.0700
             Curriculum/body_pose_range: 0.0500
                   Curriculum/com_range: 0.0030
              Curriculum/head_com_range: 0.0030
       Curriculum/head_pose_bias_weight: 0.0000
             Metrics/twist/error_vel_xy: 0.0240
            Metrics/twist/error_vel_yaw: 0.1984
           Episode_Termination/time_out: 0.0000
          Episode_Termination/fell_over: 145.6667
Episode_Termination/out_of_terrain_bounds: 0.0000
          Episode_Termination/nan_state: 0.0000
          Metrics/angular_momentum_mean: 0.0118
                  Metrics/air_time_mean: 0.0400
               Metrics/peak_height_mean: 0.0088
             Metrics/slip_velocity_mean: 0.2825
--------------------------------------------------------------------------------
                         Iteration time: 2.09s
                           Time elapsed: 00:04:41
                                    ETA: 00:09:12

################################################################################
[1m                           Learning iteration 135/400                           [0m 

                               Run name: hls2909-fix7
                            Total steps: 13369344 
                       Steps per second: 47374 
                        Collection time: 1.927s 
                          Learning time: 0.148s 
                        Mean value loss: 0.0231
                    Mean surrogate loss: -0.0210
                      Mean entropy loss: 10.9795
                            Mean reward: 0.41
                    Mean episode length: 27.28
                        Mean action std: 0.53
   Episode_Reward/track_linear_velocity: 0.0180
  Episode_Reward/track_angular_velocity: 0.0002
                 Episode_Reward/upright: 0.0195
                    Episode_Reward/pose: 0.0038
            Episode_Reward/body_ang_vel: -0.0365
        Episode_Reward/angular_momentum: -0.0000
          Episode_Reward/dof_pos_limits: -0.0028
          Episode_Reward/action_rate_l2: -0.0167
                Episode_Reward/air_time: 0.0040
          Episode_Reward/foot_clearance: -0.0005
       Episode_Reward/foot_swing_height: -0.0016
               Episode_Reward/foot_slip: -0.0002
         Episode_Reward/self_collisions: -0.0007
      Episode_Reward/head_pose_tracking: 0.0376
      Episode_Reward/body_pose_tracking: 0.0000
          Episode_Reward/head_pose_bias: 0.0000
        Episode_Metrics/mean_action_acc: 0.8221
          Curriculum/action_rate_weight: -0.1000
               Curriculum/standing_envs: 0.0200
             Curriculum/head_pose_range: 0.0700
             Curriculum/body_pose_range: 0.0500
                   Curriculum/com_range: 0.0030
              Curriculum/head_com_range: 0.0030
       Curriculum/head_pose_bias_weight: 0.0000
             Metrics/twist/error_vel_xy: 0.0244
            Metrics/twist/error_vel_yaw: 0.1941
           Episode_Termination/time_out: 0.0000
          Episode_Termination/fell_over: 146.2083
Episode_Termination/out_of_terrain_bounds: 0.0000
          Episode_Termination/nan_state: 0.0000
          Metrics/angular_momentum_mean: 0.0118
                  Metrics/air_time_mean: 0.0402
               Metrics/peak_height_mean: 0.0089
             Metrics/slip_velocity_mean: 0.2848
--------------------------------------------------------------------------------
                         Iteration time: 2.08s
                           Time elapsed: 00:04:43
                                    ETA: 00:09:10

################################################################################
[1m                           Learning iteration 136/400                           [0m 

                               Run name: hls2909-fix7
                            Total steps: 13467648 
                       Steps per second: 47445 
                        Collection time: 1.919s 
                          Learning time: 0.153s 
                        Mean value loss: 0.0229
                    Mean surrogate loss: -0.0190
                      Mean entropy loss: 10.9795
                            Mean reward: 0.54
                    Mean episode length: 27.25
                        Mean action std: 0.53
   Episode_Reward/track_linear_velocity: 0.0178
  Episode_Reward/track_angular_velocity: 0.0002
                 Episode_Reward/upright: 0.0195
                    Episode_Reward/pose: 0.0038
            Episode_Reward/body_ang_vel: -0.0369
        Episode_Reward/angular_momentum: -0.0000
          Episode_Reward/dof_pos_limits: -0.0028
          Episode_Reward/action_rate_l2: -0.0166
                Episode_Reward/air_time: 0.0041
          Episode_Reward/foot_clearance: -0.0005
       Episode_Reward/foot_swing_height: -0.0016
               Episode_Reward/foot_slip: -0.0002
         Episode_Reward/self_collisions: -0.0007
      Episode_Reward/head_pose_tracking: 0.0375
      Episode_Reward/body_pose_tracking: 0.0000
          Episode_Reward/head_pose_bias: 0.0000
        Episode_Metrics/mean_action_acc: 0.8213
          Curriculum/action_rate_weight: -0.1000
               Curriculum/standing_envs: 0.0200
             Curriculum/head_pose_range: 0.0700
             Curriculum/body_pose_range: 0.0500
                   Curriculum/com_range: 0.0030
              Curriculum/head_com_range: 0.0030
       Curriculum/head_pose_bias_weight: 0.0000
             Metrics/twist/error_vel_xy: 0.0245
            Metrics/twist/error_vel_yaw: 0.1991
           Episode_Termination/time_out: 0.0000
          Episode_Termination/fell_over: 146.4167
Episode_Termination/out_of_terrain_bounds: 0.0000
          Episode_Termination/nan_state: 0.0000
          Metrics/angular_momentum_mean: 0.0119
                  Metrics/air_time_mean: 0.0402
               Metrics/peak_height_mean: 0.0090
             Metrics/slip_velocity_mean: 0.2841
--------------------------------------------------------------------------------
                         Iteration time: 2.07s
                           Time elapsed: 00:04:45
                                    ETA: 00:09:08

################################################################################
[1m                           Learning iteration 137/400                           [0m 

                               Run name: hls2909-fix7
                            Total steps: 13565952 
                       Steps per second: 48689 
                        Collection time: 1.866s 
                          Learning time: 0.153s 
                        Mean value loss: 0.0229
                    Mean surrogate loss: -0.0186
                      Mean entropy loss: 10.9773
                            Mean reward: 0.47
                    Mean episode length: 27.90
                        Mean action std: 0.53
   Episode_Reward/track_linear_velocity: 0.0180
  Episode_Reward/track_angular_velocity: 0.0002
                 Episode_Reward/upright: 0.0195
                    Episode_Reward/pose: 0.0038
            Episode_Reward/body_ang_vel: -0.0368
        Episode_Reward/angular_momentum: -0.0000
          Episode_Reward/dof_pos_limits: -0.0027
          Episode_Reward/action_rate_l2: -0.0166
                Episode_Reward/air_time: 0.0041
          Episode_Reward/foot_clearance: -0.0005
       Episode_Reward/foot_swing_height: -0.0016
               Episode_Reward/foot_slip: -0.0002
         Episode_Reward/self_collisions: -0.0008
      Episode_Reward/head_pose_tracking: 0.0375
      Episode_Reward/body_pose_tracking: 0.0000
          Episode_Reward/head_pose_bias: 0.0000
        Episode_Metrics/mean_action_acc: 0.8205
          Curriculum/action_rate_weight: -0.1000
               Curriculum/standing_envs: 0.0200
             Curriculum/head_pose_range: 0.0700
             Curriculum/body_pose_range: 0.0500
                   Curriculum/com_range: 0.0030
              Curriculum/head_com_range: 0.0030
       Curriculum/head_pose_bias_weight: 0.0000
             Metrics/twist/error_vel_xy: 0.0240
            Metrics/twist/error_vel_yaw: 0.1959
           Episode_Termination/time_out: 0.0000
          Episode_Termination/fell_over: 146.0833
Episode_Termination/out_of_terrain_bounds: 0.0000
          Episode_Termination/nan_state: 0.0000
          Metrics/angular_momentum_mean: 0.0118
                  Metrics/air_time_mean: 0.0401
               Metrics/peak_height_mean: 0.0089
             Metrics/slip_velocity_mean: 0.2845
--------------------------------------------------------------------------------
                         Iteration time: 2.02s
                           Time elapsed: 00:04:47
                                    ETA: 00:09:05

################################################################################
[1m                           Learning iteration 138/400                           [0m 

                               Run name: hls2909-fix7
                            Total steps: 13664256 
                       Steps per second: 48152 
                        Collection time: 1.908s 
                          Learning time: 0.133s 
                        Mean value loss: 0.0234
                    Mean surrogate loss: -0.0203
                      Mean entropy loss: 10.9886
                            Mean reward: 0.50
                    Mean episode length: 28.58
                        Mean action std: 0.53
   Episode_Reward/track_linear_velocity: 0.0179
  Episode_Reward/track_angular_velocity: 0.0002
                 Episode_Reward/upright: 0.0194
                    Episode_Reward/pose: 0.0038
            Episode_Reward/body_ang_vel: -0.0361
        Episode_Reward/angular_momentum: -0.0000
          Episode_Reward/dof_pos_limits: -0.0028
          Episode_Reward/action_rate_l2: -0.0166
                Episode_Reward/air_time: 0.0041
          Episode_Reward/foot_clearance: -0.0005
       Episode_Reward/foot_swing_height: -0.0016
               Episode_Reward/foot_slip: -0.0002
         Episode_Reward/self_collisions: -0.0008
      Episode_Reward/head_pose_tracking: 0.0376
      Episode_Reward/body_pose_tracking: 0.0000
          Episode_Reward/head_pose_bias: 0.0000
        Episode_Metrics/mean_action_acc: 0.8210
          Curriculum/action_rate_weight: -0.1000
               Curriculum/standing_envs: 0.0200
             Curriculum/head_pose_range: 0.0700
             Curriculum/body_pose_range: 0.0500
                   Curriculum/com_range: 0.0030
              Curriculum/head_com_range: 0.0030
       Curriculum/head_pose_bias_weight: 0.0000
             Metrics/twist/error_vel_xy: 0.0240
            Metrics/twist/error_vel_yaw: 0.1966
           Episode_Termination/time_out: 0.0000
          Episode_Termination/fell_over: 148.1250
Episode_Termination/out_of_terrain_bounds: 0.0000
          Episode_Termination/nan_state: 0.0000
          Metrics/angular_momentum_mean: 0.0119
                  Metrics/air_time_mean: 0.0403
               Metrics/peak_height_mean: 0.0090
             Metrics/slip_velocity_mean: 0.2843
--------------------------------------------------------------------------------
                         Iteration time: 2.04s
                           Time elapsed: 00:04:49
                                    ETA: 00:09:03

################################################################################
[1m                           Learning iteration 139/400                           [0m 

                               Run name: hls2909-fix7
                            Total steps: 13762560 
                       Steps per second: 47836 
                        Collection time: 1.905s 
                          Learning time: 0.150s 
                        Mean value loss: 0.0236
                    Mean surrogate loss: -0.0192
                      Mean entropy loss: 10.9894
                            Mean reward: 0.48
                    Mean episode length: 28.21
                        Mean action std: 0.53
   Episode_Reward/track_linear_velocity: 0.0181
  Episode_Reward/track_angular_velocity: 0.0002
                 Episode_Reward/upright: 0.0196
                    Episode_Reward/pose: 0.0038
            Episode_Reward/body_ang_vel: -0.0367
        Episode_Reward/angular_momentum: -0.0000
          Episode_Reward/dof_pos_limits: -0.0028
          Episode_Reward/action_rate_l2: -0.0166
                Episode_Reward/air_time: 0.0042
          Episode_Reward/foot_clearance: -0.0005
       Episode_Reward/foot_swing_height: -0.0016
               Episode_Reward/foot_slip: -0.0002
         Episode_Reward/self_collisions: -0.0008
      Episode_Reward/head_pose_tracking: 0.0377
      Episode_Reward/body_pose_tracking: 0.0000
          Episode_Reward/head_pose_bias: 0.0000
        Episode_Metrics/mean_action_acc: 0.8196
          Curriculum/action_rate_weight: -0.1000
               Curriculum/standing_envs: 0.0200
             Curriculum/head_pose_range: 0.0700
             Curriculum/body_pose_range: 0.0500
                   Curriculum/com_range: 0.0030
              Curriculum/head_com_range: 0.0030
       Curriculum/head_pose_bias_weight: 0.0000
             Metrics/twist/error_vel_xy: 0.0243
            Metrics/twist/error_vel_yaw: 0.1982
           Episode_Termination/time_out: 0.0000
          Episode_Termination/fell_over: 144.8333
Episode_Termination/out_of_terrain_bounds: 0.0000
          Episode_Termination/nan_state: 0.0000
          Metrics/angular_momentum_mean: 0.0117
                  Metrics/air_time_mean: 0.0401
               Metrics/peak_height_mean: 0.0089
             Metrics/slip_velocity_mean: 0.2844
--------------------------------------------------------------------------------
                         Iteration time: 2.06s
                           Time elapsed: 00:04:51
                                    ETA: 00:09:01

################################################################################
[1m                           Learning iteration 140/400                           [0m 

                               Run name: hls2909-fix7
                            Total steps: 13860864 
                       Steps per second: 47041 
                        Collection time: 1.941s 
                          Learning time: 0.149s 
                        Mean value loss: 0.0231
                    Mean surrogate loss: -0.0200
                      Mean entropy loss: 11.0154
                            Mean reward: 0.49
                    Mean episode length: 28.45
                        Mean action std: 0.53
   Episode_Reward/track_linear_velocity: 0.0180
  Episode_Reward/track_angular_velocity: 0.0002
                 Episode_Reward/upright: 0.0196
                    Episode_Reward/pose: 0.0038
            Episode_Reward/body_ang_vel: -0.0366
        Episode_Reward/angular_momentum: -0.0000
          Episode_Reward/dof_pos_limits: -0.0028
          Episode_Reward/action_rate_l2: -0.0166
                Episode_Reward/air_time: 0.0041
          Episode_Reward/foot_clearance: -0.0005
       Episode_Reward/foot_swing_height: -0.0016
               Episode_Reward/foot_slip: -0.0002
         Episode_Reward/self_collisions: -0.0008
      Episode_Reward/head_pose_tracking: 0.0377
      Episode_Reward/body_pose_tracking: 0.0000
          Episode_Reward/head_pose_bias: 0.0000
        Episode_Metrics/mean_action_acc: 0.8195
          Curriculum/action_rate_weight: -0.1000
               Curriculum/standing_envs: 0.0200
             Curriculum/head_pose_range: 0.0700
             Curriculum/body_pose_range: 0.0500
                   Curriculum/com_range: 0.0030
              Curriculum/head_com_range: 0.0030
       Curriculum/head_pose_bias_weight: 0.0000
             Metrics/twist/error_vel_xy: 0.0243
            Metrics/twist/error_vel_yaw: 0.1956
           Episode_Termination/time_out: 0.0000
          Episode_Termination/fell_over: 146.7917
Episode_Termination/out_of_terrain_bounds: 0.0000
          Episode_Termination/nan_state: 0.0000
          Metrics/angular_momentum_mean: 0.0119
                  Metrics/air_time_mean: 0.0403
               Metrics/peak_height_mean: 0.0089
             Metrics/slip_velocity_mean: 0.2864
--------------------------------------------------------------------------------
                         Iteration time: 2.09s
                           Time elapsed: 00:04:53
                                    ETA: 00:08:59

################################################################################
[1m                           Learning iteration 141/400                           [0m 

                               Run name: hls2909-fix7
                            Total steps: 13959168 
                       Steps per second: 47724 
                        Collection time: 1.906s 
                          Learning time: 0.154s 
                        Mean value loss: 0.0236
                    Mean surrogate loss: -0.0165
                      Mean entropy loss: 11.0233
                            Mean reward: 0.51
                    Mean episode length: 27.67
                        Mean action std: 0.53
   Episode_Reward/track_linear_velocity: 0.0179
  Episode_Reward/track_angular_velocity: 0.0002
                 Episode_Reward/upright: 0.0194
                    Episode_Reward/pose: 0.0038
            Episode_Reward/body_ang_vel: -0.0371
        Episode_Reward/angular_momentum: -0.0000
          Episode_Reward/dof_pos_limits: -0.0027
          Episode_Reward/action_rate_l2: -0.0165
                Episode_Reward/air_time: 0.0041
          Episode_Reward/foot_clearance: -0.0005
       Episode_Reward/foot_swing_height: -0.0016
               Episode_Reward/foot_slip: -0.0002
         Episode_Reward/self_collisions: -0.0008
      Episode_Reward/head_pose_tracking: 0.0375
      Episode_Reward/body_pose_tracking: 0.0000
          Episode_Reward/head_pose_bias: 0.0000
        Episode_Metrics/mean_action_acc: 0.8197
          Curriculum/action_rate_weight: -0.1000
               Curriculum/standing_envs: 0.0200
             Curriculum/head_pose_range: 0.0700
             Curriculum/body_pose_range: 0.0500
                   Curriculum/com_range: 0.0030
              Curriculum/head_com_range: 0.0030
       Curriculum/head_pose_bias_weight: 0.0000
             Metrics/twist/error_vel_xy: 0.0243
            Metrics/twist/error_vel_yaw: 0.1936
           Episode_Termination/time_out: 0.0000
          Episode_Termination/fell_over: 146.8333
Episode_Termination/out_of_terrain_bounds: 0.0000
          Episode_Termination/nan_state: 0.0000
          Metrics/angular_momentum_mean: 0.0118
                  Metrics/air_time_mean: 0.0403
               Metrics/peak_height_mean: 0.0089
             Metrics/slip_velocity_mean: 0.2826
--------------------------------------------------------------------------------
                         Iteration time: 2.06s
                           Time elapsed: 00:04:55
                                    ETA: 00:08:57

################################################################################
[1m                           Learning iteration 142/400                           [0m 

                               Run name: hls2909-fix7
                            Total steps: 14057472 
                       Steps per second: 47027 
                        Collection time: 1.932s 
                          Learning time: 0.158s 
                        Mean value loss: 0.0228
                    Mean surrogate loss: -0.0195
                      Mean entropy loss: 11.0323
                            Mean reward: 0.51
                    Mean episode length: 27.55
                        Mean action std: 0.53
   Episode_Reward/track_linear_velocity: 0.0183
  Episode_Reward/track_angular_velocity: 0.0002
                 Episode_Reward/upright: 0.0193
                    Episode_Reward/pose: 0.0039
            Episode_Reward/body_ang_vel: -0.0361
        Episode_Reward/angular_momentum: -0.0000
          Episode_Reward/dof_pos_limits: -0.0028
          Episode_Reward/action_rate_l2: -0.0166
                Episode_Reward/air_time: 0.0042
          Episode_Reward/foot_clearance: -0.0005
       Episode_Reward/foot_swing_height: -0.0016
               Episode_Reward/foot_slip: -0.0002
         Episode_Reward/self_collisions: -0.0008
      Episode_Reward/head_pose_tracking: 0.0377
      Episode_Reward/body_pose_tracking: 0.0000
          Episode_Reward/head_pose_bias: 0.0000
        Episode_Metrics/mean_action_acc: 0.8190
          Curriculum/action_rate_weight: -0.1000
               Curriculum/standing_envs: 0.0200
             Curriculum/head_pose_range: 0.0700
             Curriculum/body_pose_range: 0.0500
                   Curriculum/com_range: 0.0030
              Curriculum/head_com_range: 0.0030
       Curriculum/head_pose_bias_weight: 0.0000
             Metrics/twist/error_vel_xy: 0.0241
            Metrics/twist/error_vel_yaw: 0.1949
           Episode_Termination/time_out: 0.0000
          Episode_Termination/fell_over: 145.2500
Episode_Termination/out_of_terrain_bounds: 0.0000
          Episode_Termination/nan_state: 0.0000
          Metrics/angular_momentum_mean: 0.0118
                  Metrics/air_time_mean: 0.0403
               Metrics/peak_height_mean: 0.0089
             Metrics/slip_velocity_mean: 0.2831
--------------------------------------------------------------------------------
                         Iteration time: 2.09s
                           Time elapsed: 00:04:57
                                    ETA: 00:08:55

################################################################################
[1m                           Learning iteration 143/400                           [0m 

                               Run name: hls2909-fix7
                            Total steps: 14155776 
                       Steps per second: 46524 
                        Collection time: 1.961s 
                          Learning time: 0.152s 
                        Mean value loss: 0.0229
                    Mean surrogate loss: -0.0192
                      Mean entropy loss: 11.0263
                            Mean reward: 0.52
                    Mean episode length: 27.78
                        Mean action std: 0.53
   Episode_Reward/track_linear_velocity: 0.0180
  Episode_Reward/track_angular_velocity: 0.0003
                 Episode_Reward/upright: 0.0195
                    Episode_Reward/pose: 0.0038
            Episode_Reward/body_ang_vel: -0.0366
        Episode_Reward/angular_momentum: -0.0000
          Episode_Reward/dof_pos_limits: -0.0028
          Episode_Reward/action_rate_l2: -0.0167
                Episode_Reward/air_time: 0.0041
          Episode_Reward/foot_clearance: -0.0005
       Episode_Reward/foot_swing_height: -0.0016
               Episode_Reward/foot_slip: -0.0002
         Episode_Reward/self_collisions: -0.0008
      Episode_Reward/head_pose_tracking: 0.0375
      Episode_Reward/body_pose_tracking: 0.0000
          Episode_Reward/head_pose_bias: 0.0000
        Episode_Metrics/mean_action_acc: 0.8190
          Curriculum/action_rate_weight: -0.1000
               Curriculum/standing_envs: 0.0200
             Curriculum/head_pose_range: 0.0700
             Curriculum/body_pose_range: 0.0500
                   Curriculum/com_range: 0.0030
              Curriculum/head_com_range: 0.0030
       Curriculum/head_pose_bias_weight: 0.0000
             Metrics/twist/error_vel_xy: 0.0245
            Metrics/twist/error_vel_yaw: 0.1979
           Episode_Termination/time_out: 0.0000
          Episode_Termination/fell_over: 146.6667
Episode_Termination/out_of_terrain_bounds: 0.0000
          Episode_Termination/nan_state: 0.0000
          Metrics/angular_momentum_mean: 0.0118
                  Metrics/air_time_mean: 0.0403
               Metrics/peak_height_mean: 0.0090
             Metrics/slip_velocity_mean: 0.2860
--------------------------------------------------------------------------------
                         Iteration time: 2.11s
                           Time elapsed: 00:04:59
                                    ETA: 00:08:53

################################################################################
[1m                           Learning iteration 144/400                           [0m 

                               Run name: hls2909-fix7
                            Total steps: 14254080 
                       Steps per second: 47322 
                        Collection time: 1.925s 
                          Learning time: 0.152s 
                        Mean value loss: 0.0233
                    Mean surrogate loss: -0.0200
                      Mean entropy loss: 11.0456
                            Mean reward: 0.48
                    Mean episode length: 28.01
                        Mean action std: 0.53
   Episode_Reward/track_linear_velocity: 0.0179
  Episode_Reward/track_angular_velocity: 0.0002
                 Episode_Reward/upright: 0.0198
                    Episode_Reward/pose: 0.0038
            Episode_Reward/body_ang_vel: -0.0366
        Episode_Reward/angular_momentum: -0.0000
          Episode_Reward/dof_pos_limits: -0.0028
          Episode_Reward/action_rate_l2: -0.0166
                Episode_Reward/air_time: 0.0041
          Episode_Reward/foot_clearance: -0.0005
       Episode_Reward/foot_swing_height: -0.0016
               Episode_Reward/foot_slip: -0.0002
         Episode_Reward/self_collisions: -0.0008
      Episode_Reward/head_pose_tracking: 0.0377
      Episode_Reward/body_pose_tracking: 0.0000
          Episode_Reward/head_pose_bias: 0.0000
        Episode_Metrics/mean_action_acc: 0.8187
          Curriculum/action_rate_weight: -0.1000
               Curriculum/standing_envs: 0.0200
             Curriculum/head_pose_range: 0.0700
             Curriculum/body_pose_range: 0.0500
                   Curriculum/com_range: 0.0030
              Curriculum/head_com_range: 0.0030
       Curriculum/head_pose_bias_weight: 0.0000
             Metrics/twist/error_vel_xy: 0.0244
            Metrics/twist/error_vel_yaw: 0.1951
           Episode_Termination/time_out: 0.0000
          Episode_Termination/fell_over: 145.4583
Episode_Termination/out_of_terrain_bounds: 0.0000
          Episode_Termination/nan_state: 0.0000
          Metrics/angular_momentum_mean: 0.0118
                  Metrics/air_time_mean: 0.0403
               Metrics/peak_height_mean: 0.0089
             Metrics/slip_velocity_mean: 0.2864
--------------------------------------------------------------------------------
                         Iteration time: 2.08s
                           Time elapsed: 00:05:02
                                    ETA: 00:08:51

################################################################################
[1m                           Learning iteration 145/400                           [0m 

                               Run name: hls2909-fix7
                            Total steps: 14352384 
                       Steps per second: 47154 
                        Collection time: 1.931s 
                          Learning time: 0.154s 
                        Mean value loss: 0.0232
                    Mean surrogate loss: -0.0167
                      Mean entropy loss: 11.0496
                            Mean reward: 0.48
                    Mean episode length: 27.98
                        Mean action std: 0.53
   Episode_Reward/track_linear_velocity: 0.0179
  Episode_Reward/track_angular_velocity: 0.0002
                 Episode_Reward/upright: 0.0194
                    Episode_Reward/pose: 0.0038
            Episode_Reward/body_ang_vel: -0.0366
        Episode_Reward/angular_momentum: -0.0000
          Episode_Reward/dof_pos_limits: -0.0027
          Episode_Reward/action_rate_l2: -0.0166
                Episode_Reward/air_time: 0.0040
          Episode_Reward/foot_clearance: -0.0005
       Episode_Reward/foot_swing_height: -0.0016
               Episode_Reward/foot_slip: -0.0002
         Episode_Reward/self_collisions: -0.0008
      Episode_Reward/head_pose_tracking: 0.0375
      Episode_Reward/body_pose_tracking: 0.0000
          Episode_Reward/head_pose_bias: 0.0000
        Episode_Metrics/mean_action_acc: 0.8188
          Curriculum/action_rate_weight: -0.1000
               Curriculum/standing_envs: 0.0200
             Curriculum/head_pose_range: 0.0700
             Curriculum/body_pose_range: 0.0500
                   Curriculum/com_range: 0.0030
              Curriculum/head_com_range: 0.0030
       Curriculum/head_pose_bias_weight: 0.0000
             Metrics/twist/error_vel_xy: 0.0242
            Metrics/twist/error_vel_yaw: 0.1960
           Episode_Termination/time_out: 0.0000
          Episode_Termination/fell_over: 147.5417
Episode_Termination/out_of_terrain_bounds: 0.0000
          Episode_Termination/nan_state: 0.0000
          Metrics/angular_momentum_mean: 0.0119
                  Metrics/air_time_mean: 0.0401
               Metrics/peak_height_mean: 0.0089
             Metrics/slip_velocity_mean: 0.2820
--------------------------------------------------------------------------------
                         Iteration time: 2.08s
                           Time elapsed: 00:05:04
                                    ETA: 00:08:49

################################################################################
[1m                           Learning iteration 146/400                           [0m 

                               Run name: hls2909-fix7
                            Total steps: 14450688 
                       Steps per second: 49778 
                        Collection time: 1.846s 
                          Learning time: 0.128s 
                        Mean value loss: 0.0227
                    Mean surrogate loss: -0.0199
                      Mean entropy loss: 11.0565
                            Mean reward: 0.49
                    Mean episode length: 27.36
                        Mean action std: 0.53
   Episode_Reward/track_linear_velocity: 0.0181
  Episode_Reward/track_angular_velocity: 0.0002
                 Episode_Reward/upright: 0.0195
                    Episode_Reward/pose: 0.0038
            Episode_Reward/body_ang_vel: -0.0363
        Episode_Reward/angular_momentum: -0.0000
          Episode_Reward/dof_pos_limits: -0.0027
          Episode_Reward/action_rate_l2: -0.0166
                Episode_Reward/air_time: 0.0040
          Episode_Reward/foot_clearance: -0.0005
       Episode_Reward/foot_swing_height: -0.0016
               Episode_Reward/foot_slip: -0.0002
         Episode_Reward/self_collisions: -0.0008
      Episode_Reward/head_pose_tracking: 0.0374
      Episode_Reward/body_pose_tracking: 0.0000
          Episode_Reward/head_pose_bias: 0.0000
        Episode_Metrics/mean_action_acc: 0.8178
          Curriculum/action_rate_weight: -0.1000
               Curriculum/standing_envs: 0.0200
             Curriculum/head_pose_range: 0.0700
             Curriculum/body_pose_range: 0.0500
                   Curriculum/com_range: 0.0030
              Curriculum/head_com_range: 0.0030
       Curriculum/head_pose_bias_weight: 0.0000
             Metrics/twist/error_vel_xy: 0.0239
            Metrics/twist/error_vel_yaw: 0.1949
           Episode_Termination/time_out: 0.0000
          Episode_Termination/fell_over: 146.0417
Episode_Termination/out_of_terrain_bounds: 0.0000
          Episode_Termination/nan_state: 0.0000
          Metrics/angular_momentum_mean: 0.0118
                  Metrics/air_time_mean: 0.0399
               Metrics/peak_height_mean: 0.0088
             Metrics/slip_velocity_mean: 0.2843
--------------------------------------------------------------------------------
                         Iteration time: 1.97s
                           Time elapsed: 00:05:06
                                    ETA: 00:08:46

################################################################################
[1m                           Learning iteration 147/400                           [0m 

                               Run name: hls2909-fix7
                            Total steps: 14548992 
                       Steps per second: 55387 
                        Collection time: 1.646s 
                          Learning time: 0.129s 
                        Mean value loss: 0.0231
                    Mean surrogate loss: -0.0199
                      Mean entropy loss: 11.0652
                            Mean reward: 0.52
                    Mean episode length: 27.75
                        Mean action std: 0.53
   Episode_Reward/track_linear_velocity: 0.0180
  Episode_Reward/track_angular_velocity: 0.0002
                 Episode_Reward/upright: 0.0193
                    Episode_Reward/pose: 0.0038
            Episode_Reward/body_ang_vel: -0.0368
        Episode_Reward/angular_momentum: -0.0000
          Episode_Reward/dof_pos_limits: -0.0027
          Episode_Reward/action_rate_l2: -0.0165
                Episode_Reward/air_time: 0.0040
          Episode_Reward/foot_clearance: -0.0005
       Episode_Reward/foot_swing_height: -0.0016
               Episode_Reward/foot_slip: -0.0002
         Episode_Reward/self_collisions: -0.0008
      Episode_Reward/head_pose_tracking: 0.0374
      Episode_Reward/body_pose_tracking: 0.0000
          Episode_Reward/head_pose_bias: 0.0000
        Episode_Metrics/mean_action_acc: 0.8168
          Curriculum/action_rate_weight: -0.1000
               Curriculum/standing_envs: 0.0200
             Curriculum/head_pose_range: 0.0700
             Curriculum/body_pose_range: 0.0500
                   Curriculum/com_range: 0.0030
              Curriculum/head_com_range: 0.0030
       Curriculum/head_pose_bias_weight: 0.0000
             Metrics/twist/error_vel_xy: 0.0243
            Metrics/twist/error_vel_yaw: 0.1936
           Episode_Termination/time_out: 0.0000
          Episode_Termination/fell_over: 146.0417
Episode_Termination/out_of_terrain_bounds: 0.0000
          Episode_Termination/nan_state: 0.0000
          Metrics/angular_momentum_mean: 0.0118
                  Metrics/air_time_mean: 0.0402
               Metrics/peak_height_mean: 0.0089
             Metrics/slip_velocity_mean: 0.2855
--------------------------------------------------------------------------------
                         Iteration time: 1.77s
                           Time elapsed: 00:05:07
                                    ETA: 00:08:44

################################################################################
[1m                           Learning iteration 148/400                           [0m 

                               Run name: hls2909-fix7
                            Total steps: 14647296 
                       Steps per second: 54614 
                        Collection time: 1.674s 
                          Learning time: 0.126s 
                        Mean value loss: 0.0232
                    Mean surrogate loss: -0.0205
                      Mean entropy loss: 11.0696
                            Mean reward: 0.49
                    Mean episode length: 27.44
                        Mean action std: 0.53
   Episode_Reward/track_linear_velocity: 0.0180
  Episode_Reward/track_angular_velocity: 0.0002
                 Episode_Reward/upright: 0.0197
                    Episode_Reward/pose: 0.0039
            Episode_Reward/body_ang_vel: -0.0365
        Episode_Reward/angular_momentum: -0.0000
          Episode_Reward/dof_pos_limits: -0.0028
          Episode_Reward/action_rate_l2: -0.0167
                Episode_Reward/air_time: 0.0040
          Episode_Reward/foot_clearance: -0.0005
       Episode_Reward/foot_swing_height: -0.0016
               Episode_Reward/foot_slip: -0.0002
         Episode_Reward/self_collisions: -0.0008
      Episode_Reward/head_pose_tracking: 0.0377
      Episode_Reward/body_pose_tracking: 0.0000
          Episode_Reward/head_pose_bias: 0.0000
        Episode_Metrics/mean_action_acc: 0.8173
          Curriculum/action_rate_weight: -0.1000
               Curriculum/standing_envs: 0.0200
             Curriculum/head_pose_range: 0.0700
             Curriculum/body_pose_range: 0.0500
                   Curriculum/com_range: 0.0030
              Curriculum/head_com_range: 0.0030
       Curriculum/head_pose_bias_weight: 0.0000
             Metrics/twist/error_vel_xy: 0.0243
            Metrics/twist/error_vel_yaw: 0.1972
           Episode_Termination/time_out: 0.0000
          Episode_Termination/fell_over: 145.3333
Episode_Termination/out_of_terrain_bounds: 0.0000
          Episode_Termination/nan_state: 0.0000
          Metrics/angular_momentum_mean: 0.0118
                  Metrics/air_time_mean: 0.0402
               Metrics/peak_height_mean: 0.0089
             Metrics/slip_velocity_mean: 0.2821
--------------------------------------------------------------------------------
                         Iteration time: 1.80s
                           Time elapsed: 00:05:09
                                    ETA: 00:08:41

################################################################################
[1m                           Learning iteration 149/400                           [0m 

                               Run name: hls2909-fix7
                            Total steps: 14745600 
                       Steps per second: 56336 
                        Collection time: 1.619s 
                          Learning time: 0.126s 
                        Mean value loss: 0.0237
                    Mean surrogate loss: -0.0186
                      Mean entropy loss: 11.0714
                            Mean reward: 0.48
                    Mean episode length: 28.55
                        Mean action std: 0.53
   Episode_Reward/track_linear_velocity: 0.0177
  Episode_Reward/track_angular_velocity: 0.0002
                 Episode_Reward/upright: 0.0193
                    Episode_Reward/pose: 0.0038
            Episode_Reward/body_ang_vel: -0.0364
        Episode_Reward/angular_momentum: -0.0000
          Episode_Reward/dof_pos_limits: -0.0028
          Episode_Reward/action_rate_l2: -0.0166
                Episode_Reward/air_time: 0.0041
          Episode_Reward/foot_clearance: -0.0005
       Episode_Reward/foot_swing_height: -0.0016
               Episode_Reward/foot_slip: -0.0002
         Episode_Reward/self_collisions: -0.0007
      Episode_Reward/head_pose_tracking: 0.0374
      Episode_Reward/body_pose_tracking: 0.0000
          Episode_Reward/head_pose_bias: 0.0000
        Episode_Metrics/mean_action_acc: 0.8181
          Curriculum/action_rate_weight: -0.1000
               Curriculum/standing_envs: 0.0200
             Curriculum/head_pose_range: 0.0700
             Curriculum/body_pose_range: 0.0500
                   Curriculum/com_range: 0.0030
              Curriculum/head_com_range: 0.0030
       Curriculum/head_pose_bias_weight: 0.0000
             Metrics/twist/error_vel_xy: 0.0243
            Metrics/twist/error_vel_yaw: 0.1950
           Episode_Termination/time_out: 0.0000
          Episode_Termination/fell_over: 147.3333
Episode_Termination/out_of_terrain_bounds: 0.0000
          Episode_Termination/nan_state: 0.0000
          Metrics/angular_momentum_mean: 0.0118
                  Metrics/air_time_mean: 0.0401
               Metrics/peak_height_mean: 0.0089
             Metrics/slip_velocity_mean: 0.2829
--------------------------------------------------------------------------------
                         Iteration time: 1.74s
                           Time elapsed: 00:05:11
                                    ETA: 00:08:39

################################################################################
[1m                           Learning iteration 150/400                           [0m 

                               Run name: hls2909-fix7
                            Total steps: 14843904 
                       Steps per second: 55974 
                        Collection time: 1.631s 
                          Learning time: 0.125s 
                        Mean value loss: 0.0238
                    Mean surrogate loss: -0.0191
                      Mean entropy loss: 11.0882
                            Mean reward: 0.53
                    Mean episode length: 29.38
                        Mean action std: 0.53
   Episode_Reward/track_linear_velocity: 0.0178
  Episode_Reward/track_angular_velocity: 0.0002
                 Episode_Reward/upright: 0.0195
                    Episode_Reward/pose: 0.0038
            Episode_Reward/body_ang_vel: -0.0368
        Episode_Reward/angular_momentum: -0.0000
          Episode_Reward/dof_pos_limits: -0.0027
          Episode_Reward/action_rate_l2: -0.0166
                Episode_Reward/air_time: 0.0041
          Episode_Reward/foot_clearance: -0.0005
       Episode_Reward/foot_swing_height: -0.0016
               Episode_Reward/foot_slip: -0.0002
         Episode_Reward/self_collisions: -0.0008
      Episode_Reward/head_pose_tracking: 0.0376
      Episode_Reward/body_pose_tracking: 0.0000
          Episode_Reward/head_pose_bias: 0.0000
        Episode_Metrics/mean_action_acc: 0.8172
          Curriculum/action_rate_weight: -0.1000
               Curriculum/standing_envs: 0.0200
             Curriculum/head_pose_range: 0.0700
             Curriculum/body_pose_range: 0.0500
                   Curriculum/com_range: 0.0030
              Curriculum/head_com_range: 0.0030
       Curriculum/head_pose_bias_weight: 0.0000
             Metrics/twist/error_vel_xy: 0.0241
            Metrics/twist/error_vel_yaw: 0.1961
           Episode_Termination/time_out: 0.0000
          Episode_Termination/fell_over: 148.7917
Episode_Termination/out_of_terrain_bounds: 0.0000
          Episode_Termination/nan_state: 0.0000
          Metrics/angular_momentum_mean: 0.0119
                  Metrics/air_time_mean: 0.0400
               Metrics/peak_height_mean: 0.0090
             Metrics/slip_velocity_mean: 0.2848
--------------------------------------------------------------------------------
                         Iteration time: 1.76s
                           Time elapsed: 00:05:13
                                    ETA: 00:08:36

################################################################################
[1m                           Learning iteration 151/400                           [0m 

                               Run name: hls2909-fix7
                            Total steps: 14942208 
                       Steps per second: 56404 
                        Collection time: 1.614s 
                          Learning time: 0.129s 
                        Mean value loss: 0.0238
                    Mean surrogate loss: -0.0171
                      Mean entropy loss: 11.0825
                            Mean reward: 0.49
                    Mean episode length: 26.38
                        Mean action std: 0.53
   Episode_Reward/track_linear_velocity: 0.0177
  Episode_Reward/track_angular_velocity: 0.0002
                 Episode_Reward/upright: 0.0195
                    Episode_Reward/pose: 0.0038
            Episode_Reward/body_ang_vel: -0.0358
        Episode_Reward/angular_momentum: -0.0000
          Episode_Reward/dof_pos_limits: -0.0026
          Episode_Reward/action_rate_l2: -0.0165
                Episode_Reward/air_time: 0.0038
          Episode_Reward/foot_clearance: -0.0005
       Episode_Reward/foot_swing_height: -0.0016
               Episode_Reward/foot_slip: -0.0002
         Episode_Reward/self_collisions: -0.0008
      Episode_Reward/head_pose_tracking: 0.0375
      Episode_Reward/body_pose_tracking: 0.0000
          Episode_Reward/head_pose_bias: 0.0000
        Episode_Metrics/mean_action_acc: 0.8174
          Curriculum/action_rate_weight: -0.1000
               Curriculum/standing_envs: 0.0200
             Curriculum/head_pose_range: 0.0700
             Curriculum/body_pose_range: 0.0500
                   Curriculum/com_range: 0.0030
              Curriculum/head_com_range: 0.0030
       Curriculum/head_pose_bias_weight: 0.0000
             Metrics/twist/error_vel_xy: 0.0243
            Metrics/twist/error_vel_yaw: 0.1938
           Episode_Termination/time_out: 0.0000
          Episode_Termination/fell_over: 144.0417
Episode_Termination/out_of_terrain_bounds: 0.0000
          Episode_Termination/nan_state: 0.0000
          Metrics/angular_momentum_mean: 0.0119
                  Metrics/air_time_mean: 0.0401
               Metrics/peak_height_mean: 0.0089
             Metrics/slip_velocity_mean: 0.2843
--------------------------------------------------------------------------------
                         Iteration time: 1.74s
                           Time elapsed: 00:05:14
                                    ETA: 00:08:33

################################################################################
[1m                           Learning iteration 152/400                           [0m 

                               Run name: hls2909-fix7
                            Total steps: 15040512 
                       Steps per second: 54911 
                        Collection time: 1.658s 
                          Learning time: 0.133s 
                        Mean value loss: 0.0221
                    Mean surrogate loss: -0.0197
                      Mean entropy loss: 11.0823
                            Mean reward: 0.45
                    Mean episode length: 26.65
                        Mean action std: 0.53
   Episode_Reward/track_linear_velocity: 0.0177
  Episode_Reward/track_angular_velocity: 0.0002
                 Episode_Reward/upright: 0.0195
                    Episode_Reward/pose: 0.0039
            Episode_Reward/body_ang_vel: -0.0369
        Episode_Reward/angular_momentum: -0.0000
          Episode_Reward/dof_pos_limits: -0.0027
          Episode_Reward/action_rate_l2: -0.0166
                Episode_Reward/air_time: 0.0041
          Episode_Reward/foot_clearance: -0.0005
       Episode_Reward/foot_swing_height: -0.0016
               Episode_Reward/foot_slip: -0.0002
         Episode_Reward/self_collisions: -0.0008
      Episode_Reward/head_pose_tracking: 0.0377
      Episode_Reward/body_pose_tracking: 0.0000
          Episode_Reward/head_pose_bias: 0.0000
        Episode_Metrics/mean_action_acc: 0.8166
          Curriculum/action_rate_weight: -0.1000
               Curriculum/standing_envs: 0.0200
             Curriculum/head_pose_range: 0.0700
             Curriculum/body_pose_range: 0.0500
                   Curriculum/com_range: 0.0030
              Curriculum/head_com_range: 0.0030
       Curriculum/head_pose_bias_weight: 0.0000
             Metrics/twist/error_vel_xy: 0.0244
            Metrics/twist/error_vel_yaw: 0.1915
           Episode_Termination/time_out: 0.0000
          Episode_Termination/fell_over: 147.6667
Episode_Termination/out_of_terrain_bounds: 0.0000
          Episode_Termination/nan_state: 0.0000
          Metrics/angular_momentum_mean: 0.0118
                  Metrics/air_time_mean: 0.0402
               Metrics/peak_height_mean: 0.0090
             Metrics/slip_velocity_mean: 0.2840
--------------------------------------------------------------------------------
                         Iteration time: 1.79s
                           Time elapsed: 00:05:16
                                    ETA: 00:08:31

################################################################################
[1m                           Learning iteration 153/400                           [0m 

                               Run name: hls2909-fix7
                            Total steps: 15138816 
                       Steps per second: 55768 
                        Collection time: 1.634s 
                          Learning time: 0.129s 
                        Mean value loss: 0.0231
                    Mean surrogate loss: -0.0169
                      Mean entropy loss: 11.0827
                            Mean reward: 0.41
                    Mean episode length: 28.49
                        Mean action std: 0.53
   Episode_Reward/track_linear_velocity: 0.0173
  Episode_Reward/track_angular_velocity: 0.0002
                 Episode_Reward/upright: 0.0196
                    Episode_Reward/pose: 0.0039
            Episode_Reward/body_ang_vel: -0.0367
        Episode_Reward/angular_momentum: -0.0000
          Episode_Reward/dof_pos_limits: -0.0027
          Episode_Reward/action_rate_l2: -0.0165
                Episode_Reward/air_time: 0.0040
          Episode_Reward/foot_clearance: -0.0005
       Episode_Reward/foot_swing_height: -0.0016
               Episode_Reward/foot_slip: -0.0002
         Episode_Reward/self_collisions: -0.0007
      Episode_Reward/head_pose_tracking: 0.0377
      Episode_Reward/body_pose_tracking: 0.0000
          Episode_Reward/head_pose_bias: 0.0000
        Episode_Metrics/mean_action_acc: 0.8144
          Curriculum/action_rate_weight: -0.1000
               Curriculum/standing_envs: 0.0200
             Curriculum/head_pose_range: 0.0700
             Curriculum/body_pose_range: 0.0500
                   Curriculum/com_range: 0.0030
              Curriculum/head_com_range: 0.0030
       Curriculum/head_pose_bias_weight: 0.0000
             Metrics/twist/error_vel_xy: 0.0246
            Metrics/twist/error_vel_yaw: 0.1937
           Episode_Termination/time_out: 0.0000
          Episode_Termination/fell_over: 145.1667
Episode_Termination/out_of_terrain_bounds: 0.0000
          Episode_Termination/nan_state: 0.0000
          Metrics/angular_momentum_mean: 0.0118
                  Metrics/air_time_mean: 0.0402
               Metrics/peak_height_mean: 0.0089
             Metrics/slip_velocity_mean: 0.2832
--------------------------------------------------------------------------------
                         Iteration time: 1.76s
                           Time elapsed: 00:05:18
                                    ETA: 00:08:28

################################################################################
[1m                           Learning iteration 154/400                           [0m 

                               Run name: hls2909-fix7
                            Total steps: 15237120 
                       Steps per second: 54541 
                        Collection time: 1.672s 
                          Learning time: 0.130s 
                        Mean value loss: 0.0225
                    Mean surrogate loss: -0.0198
                      Mean entropy loss: 11.0942
                            Mean reward: 0.53
                    Mean episode length: 27.89
                        Mean action std: 0.53
   Episode_Reward/track_linear_velocity: 0.0177
  Episode_Reward/track_angular_velocity: 0.0002
                 Episode_Reward/upright: 0.0200
                    Episode_Reward/pose: 0.0038
            Episode_Reward/body_ang_vel: -0.0370
        Episode_Reward/angular_momentum: -0.0000
          Episode_Reward/dof_pos_limits: -0.0028
          Episode_Reward/action_rate_l2: -0.0167
                Episode_Reward/air_time: 0.0041
          Episode_Reward/foot_clearance: -0.0005
       Episode_Reward/foot_swing_height: -0.0016
               Episode_Reward/foot_slip: -0.0002
         Episode_Reward/self_collisions: -0.0008
      Episode_Reward/head_pose_tracking: 0.0378
      Episode_Reward/body_pose_tracking: 0.0000
          Episode_Reward/head_pose_bias: 0.0000
        Episode_Metrics/mean_action_acc: 0.8148
          Curriculum/action_rate_weight: -0.1000
               Curriculum/standing_envs: 0.0200
             Curriculum/head_pose_range: 0.0700
             Curriculum/body_pose_range: 0.0500
                   Curriculum/com_range: 0.0030
              Curriculum/head_com_range: 0.0030
       Curriculum/head_pose_bias_weight: 0.0000
             Metrics/twist/error_vel_xy: 0.0245
            Metrics/twist/error_vel_yaw: 0.1963
           Episode_Termination/time_out: 0.0000
          Episode_Termination/fell_over: 147.5417
Episode_Termination/out_of_terrain_bounds: 0.0000
          Episode_Termination/nan_state: 0.0000
          Metrics/angular_momentum_mean: 0.0119
                  Metrics/air_time_mean: 0.0402
               Metrics/peak_height_mean: 0.0091
             Metrics/slip_velocity_mean: 0.2851
--------------------------------------------------------------------------------
                         Iteration time: 1.80s
                           Time elapsed: 00:05:20
                                    ETA: 00:08:26

################################################################################
[1m                           Learning iteration 155/400                           [0m 

                               Run name: hls2909-fix7
                            Total steps: 15335424 
                       Steps per second: 55035 
                        Collection time: 1.653s 
                          Learning time: 0.134s 
                        Mean value loss: 0.0226
                    Mean surrogate loss: -0.0192
                      Mean entropy loss: 11.0906
                            Mean reward: 0.55
                    Mean episode length: 27.20
                        Mean action std: 0.53
   Episode_Reward/track_linear_velocity: 0.0178
  Episode_Reward/track_angular_velocity: 0.0002
                 Episode_Reward/upright: 0.0194
                    Episode_Reward/pose: 0.0038
            Episode_Reward/body_ang_vel: -0.0363
        Episode_Reward/angular_momentum: -0.0000
          Episode_Reward/dof_pos_limits: -0.0027
          Episode_Reward/action_rate_l2: -0.0165
                Episode_Reward/air_time: 0.0039
          Episode_Reward/foot_clearance: -0.0005
       Episode_Reward/foot_swing_height: -0.0016
               Episode_Reward/foot_slip: -0.0002
         Episode_Reward/self_collisions: -0.0008
      Episode_Reward/head_pose_tracking: 0.0375
      Episode_Reward/body_pose_tracking: 0.0000
          Episode_Reward/head_pose_bias: 0.0000
        Episode_Metrics/mean_action_acc: 0.8140
          Curriculum/action_rate_weight: -0.1000
               Curriculum/standing_envs: 0.0200
             Curriculum/head_pose_range: 0.0700
             Curriculum/body_pose_range: 0.0500
                   Curriculum/com_range: 0.0030
              Curriculum/head_com_range: 0.0030
       Curriculum/head_pose_bias_weight: 0.0000
             Metrics/twist/error_vel_xy: 0.0240
            Metrics/twist/error_vel_yaw: 0.1931
           Episode_Termination/time_out: 0.0000
          Episode_Termination/fell_over: 147.0000
Episode_Termination/out_of_terrain_bounds: 0.0000
          Episode_Termination/nan_state: 0.0000
          Metrics/angular_momentum_mean: 0.0118
                  Metrics/air_time_mean: 0.0399
               Metrics/peak_height_mean: 0.0088
             Metrics/slip_velocity_mean: 0.2839
--------------------------------------------------------------------------------
                         Iteration time: 1.79s
                           Time elapsed: 00:05:22
                                    ETA: 00:08:23

################################################################################
[1m                           Learning iteration 156/400                           [0m 

                               Run name: hls2909-fix7
                            Total steps: 15433728 
                       Steps per second: 55351 
                        Collection time: 1.642s 
                          Learning time: 0.134s 
                        Mean value loss: 0.0229
                    Mean surrogate loss: -0.0206
                      Mean entropy loss: 11.0985
                            Mean reward: 0.50
                    Mean episode length: 28.08
                        Mean action std: 0.53
   Episode_Reward/track_linear_velocity: 0.0180
  Episode_Reward/track_angular_velocity: 0.0002
                 Episode_Reward/upright: 0.0194
                    Episode_Reward/pose: 0.0039
            Episode_Reward/body_ang_vel: -0.0369
        Episode_Reward/angular_momentum: -0.0000
          Episode_Reward/dof_pos_limits: -0.0027
          Episode_Reward/action_rate_l2: -0.0166
                Episode_Reward/air_time: 0.0041
          Episode_Reward/foot_clearance: -0.0005
       Episode_Reward/foot_swing_height: -0.0016
               Episode_Reward/foot_slip: -0.0002
         Episode_Reward/self_collisions: -0.0008
      Episode_Reward/head_pose_tracking: 0.0376
      Episode_Reward/body_pose_tracking: 0.0000
          Episode_Reward/head_pose_bias: 0.0000
        Episode_Metrics/mean_action_acc: 0.8159
          Curriculum/action_rate_weight: -0.1000
               Curriculum/standing_envs: 0.0200
             Curriculum/head_pose_range: 0.0700
             Curriculum/body_pose_range: 0.0500
                   Curriculum/com_range: 0.0030
              Curriculum/head_com_range: 0.0030
       Curriculum/head_pose_bias_weight: 0.0000
             Metrics/twist/error_vel_xy: 0.0241
            Metrics/twist/error_vel_yaw: 0.1933
           Episode_Termination/time_out: 0.0000
          Episode_Termination/fell_over: 146.2083
Episode_Termination/out_of_terrain_bounds: 0.0000
          Episode_Termination/nan_state: 0.0000
          Metrics/angular_momentum_mean: 0.0119
                  Metrics/air_time_mean: 0.0402
               Metrics/peak_height_mean: 0.0088
             Metrics/slip_velocity_mean: 0.2847
--------------------------------------------------------------------------------
                         Iteration time: 1.78s
                           Time elapsed: 00:05:23
                                    ETA: 00:08:21

################################################################################
[1m                           Learning iteration 157/400                           [0m 

                               Run name: hls2909-fix7
                            Total steps: 15532032 
                       Steps per second: 56051 
                        Collection time: 1.627s 
                          Learning time: 0.127s 
                        Mean value loss: 0.0227
                    Mean surrogate loss: -0.0203
                      Mean entropy loss: 11.0982
                            Mean reward: 0.41
                    Mean episode length: 28.33
                        Mean action std: 0.53
   Episode_Reward/track_linear_velocity: 0.0178
  Episode_Reward/track_angular_velocity: 0.0002
                 Episode_Reward/upright: 0.0196
                    Episode_Reward/pose: 0.0038
            Episode_Reward/body_ang_vel: -0.0372
        Episode_Reward/angular_momentum: -0.0000
          Episode_Reward/dof_pos_limits: -0.0027
          Episode_Reward/action_rate_l2: -0.0165
                Episode_Reward/air_time: 0.0040
          Episode_Reward/foot_clearance: -0.0005
       Episode_Reward/foot_swing_height: -0.0016
               Episode_Reward/foot_slip: -0.0002
         Episode_Reward/self_collisions: -0.0008
      Episode_Reward/head_pose_tracking: 0.0375
      Episode_Reward/body_pose_tracking: 0.0000
          Episode_Reward/head_pose_bias: 0.0000
        Episode_Metrics/mean_action_acc: 0.8141
          Curriculum/action_rate_weight: -0.1000
               Curriculum/standing_envs: 0.0200
             Curriculum/head_pose_range: 0.0700
             Curriculum/body_pose_range: 0.0500
                   Curriculum/com_range: 0.0030
              Curriculum/head_com_range: 0.0030
       Curriculum/head_pose_bias_weight: 0.0000
             Metrics/twist/error_vel_xy: 0.0242
            Metrics/twist/error_vel_yaw: 0.1974
           Episode_Termination/time_out: 0.0000
          Episode_Termination/fell_over: 145.2083
Episode_Termination/out_of_terrain_bounds: 0.0000
          Episode_Termination/nan_state: 0.0000
          Metrics/angular_momentum_mean: 0.0119
                  Metrics/air_time_mean: 0.0402
               Metrics/peak_height_mean: 0.0089
             Metrics/slip_velocity_mean: 0.2831
--------------------------------------------------------------------------------
                         Iteration time: 1.75s
                           Time elapsed: 00:05:25
                                    ETA: 00:08:18

################################################################################
[1m                           Learning iteration 158/400                           [0m 

                               Run name: hls2909-fix7
                            Total steps: 15630336 
                       Steps per second: 54900 
                        Collection time: 1.661s 
                          Learning time: 0.130s 
                        Mean value loss: 0.0235
                    Mean surrogate loss: -0.0200
                      Mean entropy loss: 11.1107
                            Mean reward: 0.52
                    Mean episode length: 27.68
                        Mean action std: 0.54
   Episode_Reward/track_linear_velocity: 0.0178
  Episode_Reward/track_angular_velocity: 0.0002
                 Episode_Reward/upright: 0.0196
                    Episode_Reward/pose: 0.0039
            Episode_Reward/body_ang_vel: -0.0366
        Episode_Reward/angular_momentum: -0.0000
          Episode_Reward/dof_pos_limits: -0.0027
          Episode_Reward/action_rate_l2: -0.0166
                Episode_Reward/air_time: 0.0040
          Episode_Reward/foot_clearance: -0.0005
       Episode_Reward/foot_swing_height: -0.0016
               Episode_Reward/foot_slip: -0.0002
         Episode_Reward/self_collisions: -0.0008
      Episode_Reward/head_pose_tracking: 0.0377
      Episode_Reward/body_pose_tracking: 0.0000
          Episode_Reward/head_pose_bias: 0.0000
        Episode_Metrics/mean_action_acc: 0.8140
          Curriculum/action_rate_weight: -0.1000
               Curriculum/standing_envs: 0.0200
             Curriculum/head_pose_range: 0.0700
             Curriculum/body_pose_range: 0.0500
                   Curriculum/com_range: 0.0030
              Curriculum/head_com_range: 0.0030
       Curriculum/head_pose_bias_weight: 0.0000
             Metrics/twist/error_vel_xy: 0.0242
            Metrics/twist/error_vel_yaw: 0.1963
           Episode_Termination/time_out: 0.0000
          Episode_Termination/fell_over: 147.1667
Episode_Termination/out_of_terrain_bounds: 0.0000
          Episode_Termination/nan_state: 0.0000
          Metrics/angular_momentum_mean: 0.0119
                  Metrics/air_time_mean: 0.0400
               Metrics/peak_height_mean: 0.0089
             Metrics/slip_velocity_mean: 0.2837
--------------------------------------------------------------------------------
                         Iteration time: 1.79s
                           Time elapsed: 00:05:27
                                    ETA: 00:08:16

################################################################################
[1m                           Learning iteration 159/400                           [0m 

                               Run name: hls2909-fix7
                            Total steps: 15728640 
                       Steps per second: 56329 
                        Collection time: 1.617s 
                          Learning time: 0.128s 
                        Mean value loss: 0.0233
                    Mean surrogate loss: -0.0205
                      Mean entropy loss: 11.1268
                            Mean reward: 0.47
                    Mean episode length: 30.53
                        Mean action std: 0.54
   Episode_Reward/track_linear_velocity: 0.0174
  Episode_Reward/track_angular_velocity: 0.0002
                 Episode_Reward/upright: 0.0193
                    Episode_Reward/pose: 0.0038
            Episode_Reward/body_ang_vel: -0.0362
        Episode_Reward/angular_momentum: -0.0000
          Episode_Reward/dof_pos_limits: -0.0027
          Episode_Reward/action_rate_l2: -0.0165
                Episode_Reward/air_time: 0.0041
          Episode_Reward/foot_clearance: -0.0005
       Episode_Reward/foot_swing_height: -0.0016
               Episode_Reward/foot_slip: -0.0002
         Episode_Reward/self_collisions: -0.0008
      Episode_Reward/head_pose_tracking: 0.0377
      Episode_Reward/body_pose_tracking: 0.0000
          Episode_Reward/head_pose_bias: 0.0000
        Episode_Metrics/mean_action_acc: 0.8144
          Curriculum/action_rate_weight: -0.1000
               Curriculum/standing_envs: 0.0200
             Curriculum/head_pose_range: 0.0700
             Curriculum/body_pose_range: 0.0500
                   Curriculum/com_range: 0.0030
              Curriculum/head_com_range: 0.0030
       Curriculum/head_pose_bias_weight: 0.0000
             Metrics/twist/error_vel_xy: 0.0244
            Metrics/twist/error_vel_yaw: 0.1944
           Episode_Termination/time_out: 0.0000
          Episode_Termination/fell_over: 144.2917
Episode_Termination/out_of_terrain_bounds: 0.0000
          Episode_Termination/nan_state: 0.0000
          Metrics/angular_momentum_mean: 0.0118
                  Metrics/air_time_mean: 0.0403
               Metrics/peak_height_mean: 0.0090
             Metrics/slip_velocity_mean: 0.2861
--------------------------------------------------------------------------------
                         Iteration time: 1.75s
                           Time elapsed: 00:05:29
                                    ETA: 00:08:13

################################################################################
[1m                           Learning iteration 160/400                           [0m 

                               Run name: hls2909-fix7
                            Total steps: 15826944 
                       Steps per second: 55853 
                        Collection time: 1.630s 
                          Learning time: 0.130s 
                        Mean value loss: 0.0229
                    Mean surrogate loss: -0.0196
                      Mean entropy loss: 11.1329
                            Mean reward: 0.51
                    Mean episode length: 27.75
                        Mean action std: 0.54
   Episode_Reward/track_linear_velocity: 0.0178
  Episode_Reward/track_angular_velocity: 0.0002
                 Episode_Reward/upright: 0.0197
                    Episode_Reward/pose: 0.0038
            Episode_Reward/body_ang_vel: -0.0364
        Episode_Reward/angular_momentum: -0.0000
          Episode_Reward/dof_pos_limits: -0.0027
          Episode_Reward/action_rate_l2: -0.0167
                Episode_Reward/air_time: 0.0040
          Episode_Reward/foot_clearance: -0.0005
       Episode_Reward/foot_swing_height: -0.0016
               Episode_Reward/foot_slip: -0.0002
         Episode_Reward/self_collisions: -0.0007
      Episode_Reward/head_pose_tracking: 0.0377
      Episode_Reward/body_pose_tracking: 0.0000
          Episode_Reward/head_pose_bias: 0.0000
        Episode_Metrics/mean_action_acc: 0.8154
          Curriculum/action_rate_weight: -0.1000
               Curriculum/standing_envs: 0.0200
             Curriculum/head_pose_range: 0.0700
             Curriculum/body_pose_range: 0.0500
                   Curriculum/com_range: 0.0030
              Curriculum/head_com_range: 0.0030
       Curriculum/head_pose_bias_weight: 0.0000
             Metrics/twist/error_vel_xy: 0.0244
            Metrics/twist/error_vel_yaw: 0.1942
           Episode_Termination/time_out: 0.0000
          Episode_Termination/fell_over: 146.9167
Episode_Termination/out_of_terrain_bounds: 0.0000
          Episode_Termination/nan_state: 0.0000
          Metrics/angular_momentum_mean: 0.0118
                  Metrics/air_time_mean: 0.0397
               Metrics/peak_height_mean: 0.0089
             Metrics/slip_velocity_mean: 0.2847
--------------------------------------------------------------------------------
                         Iteration time: 1.76s
                           Time elapsed: 00:05:30
                                    ETA: 00:08:11

################################################################################
[1m                           Learning iteration 161/400                           [0m 

                               Run name: hls2909-fix7
                            Total steps: 15925248 
                       Steps per second: 55481 
                        Collection time: 1.642s 
                          Learning time: 0.130s 
                        Mean value loss: 0.0227
                    Mean surrogate loss: -0.0201
                      Mean entropy loss: 11.1371
                            Mean reward: 0.48
                    Mean episode length: 27.34
                        Mean action std: 0.54
   Episode_Reward/track_linear_velocity: 0.0178
  Episode_Reward/track_angular_velocity: 0.0002
                 Episode_Reward/upright: 0.0195
                    Episode_Reward/pose: 0.0039
            Episode_Reward/body_ang_vel: -0.0362
        Episode_Reward/angular_momentum: -0.0000
          Episode_Reward/dof_pos_limits: -0.0026
          Episode_Reward/action_rate_l2: -0.0166
                Episode_Reward/air_time: 0.0040
          Episode_Reward/foot_clearance: -0.0005
       Episode_Reward/foot_swing_height: -0.0016
               Episode_Reward/foot_slip: -0.0002
         Episode_Reward/self_collisions: -0.0007
      Episode_Reward/head_pose_tracking: 0.0375
      Episode_Reward/body_pose_tracking: 0.0000
          Episode_Reward/head_pose_bias: 0.0000
        Episode_Metrics/mean_action_acc: 0.8150
          Curriculum/action_rate_weight: -0.1000
               Curriculum/standing_envs: 0.0200
             Curriculum/head_pose_range: 0.0700
             Curriculum/body_pose_range: 0.0500
                   Curriculum/com_range: 0.0030
              Curriculum/head_com_range: 0.0030
       Curriculum/head_pose_bias_weight: 0.0000
             Metrics/twist/error_vel_xy: 0.0240
            Metrics/twist/error_vel_yaw: 0.1940
           Episode_Termination/time_out: 0.0000
          Episode_Termination/fell_over: 147.2917
Episode_Termination/out_of_terrain_bounds: 0.0000
          Episode_Termination/nan_state: 0.0000
          Metrics/angular_momentum_mean: 0.0118
                  Metrics/air_time_mean: 0.0403
               Metrics/peak_height_mean: 0.0089
             Metrics/slip_velocity_mean: 0.2837
--------------------------------------------------------------------------------
                         Iteration time: 1.77s
                           Time elapsed: 00:05:32
                                    ETA: 00:08:08

################################################################################
[1m                           Learning iteration 162/400                           [0m 

                               Run name: hls2909-fix7
                            Total steps: 16023552 
                       Steps per second: 49489 
                        Collection time: 1.838s 
                          Learning time: 0.148s 
                        Mean value loss: 0.0232
                    Mean surrogate loss: -0.0201
                      Mean entropy loss: 11.1567
                            Mean reward: 0.52
                    Mean episode length: 29.14
                        Mean action std: 0.54
   Episode_Reward/track_linear_velocity: 0.0178
  Episode_Reward/track_angular_velocity: 0.0002
                 Episode_Reward/upright: 0.0194
                    Episode_Reward/pose: 0.0038
            Episode_Reward/body_ang_vel: -0.0370
        Episode_Reward/angular_momentum: -0.0000
          Episode_Reward/dof_pos_limits: -0.0026
          Episode_Reward/action_rate_l2: -0.0166
                Episode_Reward/air_time: 0.0040
          Episode_Reward/foot_clearance: -0.0005
       Episode_Reward/foot_swing_height: -0.0016
               Episode_Reward/foot_slip: -0.0002
         Episode_Reward/self_collisions: -0.0007
      Episode_Reward/head_pose_tracking: 0.0375
      Episode_Reward/body_pose_tracking: 0.0000
          Episode_Reward/head_pose_bias: 0.0000
        Episode_Metrics/mean_action_acc: 0.8143
          Curriculum/action_rate_weight: -0.1000
               Curriculum/standing_envs: 0.0200
             Curriculum/head_pose_range: 0.0700
             Curriculum/body_pose_range: 0.0500
                   Curriculum/com_range: 0.0030
              Curriculum/head_com_range: 0.0030
       Curriculum/head_pose_bias_weight: 0.0000
             Metrics/twist/error_vel_xy: 0.0242
            Metrics/twist/error_vel_yaw: 0.1933
           Episode_Termination/time_out: 0.0000
          Episode_Termination/fell_over: 146.0417
Episode_Termination/out_of_terrain_bounds: 0.0000
          Episode_Termination/nan_state: 0.0000
          Metrics/angular_momentum_mean: 0.0118
                  Metrics/air_time_mean: 0.0402
               Metrics/peak_height_mean: 0.0089
             Metrics/slip_velocity_mean: 0.2850
--------------------------------------------------------------------------------
                         Iteration time: 1.99s
                           Time elapsed: 00:05:34
                                    ETA: 00:08:06

################################################################################
[1m                           Learning iteration 163/400                           [0m 

                               Run name: hls2909-fix7
                            Total steps: 16121856 
                       Steps per second: 47609 
                        Collection time: 1.915s 
                          Learning time: 0.150s 
                        Mean value loss: 0.0229
                    Mean surrogate loss: -0.0195
                      Mean entropy loss: 11.1620
                            Mean reward: 0.47
                    Mean episode length: 27.13
                        Mean action std: 0.54
   Episode_Reward/track_linear_velocity: 0.0183
  Episode_Reward/track_angular_velocity: 0.0002
                 Episode_Reward/upright: 0.0194
                    Episode_Reward/pose: 0.0038
            Episode_Reward/body_ang_vel: -0.0371
        Episode_Reward/angular_momentum: -0.0000
          Episode_Reward/dof_pos_limits: -0.0028
          Episode_Reward/action_rate_l2: -0.0167
                Episode_Reward/air_time: 0.0040
          Episode_Reward/foot_clearance: -0.0005
       Episode_Reward/foot_swing_height: -0.0016
               Episode_Reward/foot_slip: -0.0002
         Episode_Reward/self_collisions: -0.0008
      Episode_Reward/head_pose_tracking: 0.0378
      Episode_Reward/body_pose_tracking: 0.0000
          Episode_Reward/head_pose_bias: 0.0000
        Episode_Metrics/mean_action_acc: 0.8150
          Curriculum/action_rate_weight: -0.1000
               Curriculum/standing_envs: 0.0200
             Curriculum/head_pose_range: 0.0700
             Curriculum/body_pose_range: 0.0500
                   Curriculum/com_range: 0.0030
              Curriculum/head_com_range: 0.0030
       Curriculum/head_pose_bias_weight: 0.0000
             Metrics/twist/error_vel_xy: 0.0240
            Metrics/twist/error_vel_yaw: 0.1977
           Episode_Termination/time_out: 0.0000
          Episode_Termination/fell_over: 145.9167
Episode_Termination/out_of_terrain_bounds: 0.0000
          Episode_Termination/nan_state: 0.0000
          Metrics/angular_momentum_mean: 0.0118
                  Metrics/air_time_mean: 0.0398
               Metrics/peak_height_mean: 0.0090
             Metrics/slip_velocity_mean: 0.2836
--------------------------------------------------------------------------------
                         Iteration time: 2.06s
                           Time elapsed: 00:05:36
                                    ETA: 00:08:04

################################################################################
[1m                           Learning iteration 164/400                           [0m 

                               Run name: hls2909-fix7
                            Total steps: 16220160 
                       Steps per second: 48099 
                        Collection time: 1.893s 
                          Learning time: 0.151s 
                        Mean value loss: 0.0226
                    Mean surrogate loss: -0.0208
                      Mean entropy loss: 11.1614
                            Mean reward: 0.50
                    Mean episode length: 28.19
                        Mean action std: 0.54
   Episode_Reward/track_linear_velocity: 0.0177
  Episode_Reward/track_angular_velocity: 0.0002
                 Episode_Reward/upright: 0.0197
                    Episode_Reward/pose: 0.0038
            Episode_Reward/body_ang_vel: -0.0367
        Episode_Reward/angular_momentum: -0.0000
          Episode_Reward/dof_pos_limits: -0.0027
          Episode_Reward/action_rate_l2: -0.0167
                Episode_Reward/air_time: 0.0040
          Episode_Reward/foot_clearance: -0.0005
       Episode_Reward/foot_swing_height: -0.0016
               Episode_Reward/foot_slip: -0.0002
         Episode_Reward/self_collisions: -0.0008
      Episode_Reward/head_pose_tracking: 0.0377
      Episode_Reward/body_pose_tracking: 0.0000
          Episode_Reward/head_pose_bias: 0.0000
        Episode_Metrics/mean_action_acc: 0.8158
          Curriculum/action_rate_weight: -0.1000
               Curriculum/standing_envs: 0.0200
             Curriculum/head_pose_range: 0.0700
             Curriculum/body_pose_range: 0.0500
                   Curriculum/com_range: 0.0030
              Curriculum/head_com_range: 0.0030
       Curriculum/head_pose_bias_weight: 0.0000
             Metrics/twist/error_vel_xy: 0.0245
            Metrics/twist/error_vel_yaw: 0.1945
           Episode_Termination/time_out: 0.0000
          Episode_Termination/fell_over: 147.5417
Episode_Termination/out_of_terrain_bounds: 0.0000
          Episode_Termination/nan_state: 0.0000
          Metrics/angular_momentum_mean: 0.0118
                  Metrics/air_time_mean: 0.0402
               Metrics/peak_height_mean: 0.0089
             Metrics/slip_velocity_mean: 0.2839
--------------------------------------------------------------------------------
                         Iteration time: 2.04s
                           Time elapsed: 00:05:38
                                    ETA: 00:08:02

################################################################################
[1m                           Learning iteration 165/400                           [0m 

                               Run name: hls2909-fix7
                            Total steps: 16318464 
                       Steps per second: 47923 
                        Collection time: 1.899s 
                          Learning time: 0.152s 
                        Mean value loss: 0.0235
                    Mean surrogate loss: -0.0199
                      Mean entropy loss: 11.1648
                            Mean reward: 0.45
                    Mean episode length: 26.95
                        Mean action std: 0.54
   Episode_Reward/track_linear_velocity: 0.0178
  Episode_Reward/track_angular_velocity: 0.0002
                 Episode_Reward/upright: 0.0193
                    Episode_Reward/pose: 0.0038
            Episode_Reward/body_ang_vel: -0.0366
        Episode_Reward/angular_momentum: -0.0000
          Episode_Reward/dof_pos_limits: -0.0027
          Episode_Reward/action_rate_l2: -0.0167
                Episode_Reward/air_time: 0.0042
          Episode_Reward/foot_clearance: -0.0005
       Episode_Reward/foot_swing_height: -0.0016
               Episode_Reward/foot_slip: -0.0002
         Episode_Reward/self_collisions: -0.0007
      Episode_Reward/head_pose_tracking: 0.0377
      Episode_Reward/body_pose_tracking: 0.0000
          Episode_Reward/head_pose_bias: 0.0000
        Episode_Metrics/mean_action_acc: 0.8153
          Curriculum/action_rate_weight: -0.1000
               Curriculum/standing_envs: 0.0200
             Curriculum/head_pose_range: 0.0700
             Curriculum/body_pose_range: 0.0500
                   Curriculum/com_range: 0.0030
              Curriculum/head_com_range: 0.0030
       Curriculum/head_pose_bias_weight: 0.0000
             Metrics/twist/error_vel_xy: 0.0244
            Metrics/twist/error_vel_yaw: 0.1949
           Episode_Termination/time_out: 0.0000
          Episode_Termination/fell_over: 146.7083
Episode_Termination/out_of_terrain_bounds: 0.0000
          Episode_Termination/nan_state: 0.0000
          Metrics/angular_momentum_mean: 0.0119
                  Metrics/air_time_mean: 0.0405
               Metrics/peak_height_mean: 0.0090
             Metrics/slip_velocity_mean: 0.2842
--------------------------------------------------------------------------------
                         Iteration time: 2.05s
                           Time elapsed: 00:05:40
                                    ETA: 00:08:00

################################################################################
[1m                           Learning iteration 166/400                           [0m 

                               Run name: hls2909-fix7
                            Total steps: 16416768 
                       Steps per second: 47177 
                        Collection time: 1.929s 
                          Learning time: 0.154s 
                        Mean value loss: 0.0237
                    Mean surrogate loss: -0.0199
                      Mean entropy loss: 11.1640
                            Mean reward: 0.54
                    Mean episode length: 28.05
                        Mean action std: 0.54
   Episode_Reward/track_linear_velocity: 0.0178
  Episode_Reward/track_angular_velocity: 0.0002
                 Episode_Reward/upright: 0.0196
                    Episode_Reward/pose: 0.0038
            Episode_Reward/body_ang_vel: -0.0365
        Episode_Reward/angular_momentum: -0.0000
          Episode_Reward/dof_pos_limits: -0.0027
          Episode_Reward/action_rate_l2: -0.0166
                Episode_Reward/air_time: 0.0041
          Episode_Reward/foot_clearance: -0.0005
       Episode_Reward/foot_swing_height: -0.0016
               Episode_Reward/foot_slip: -0.0002
         Episode_Reward/self_collisions: -0.0008
      Episode_Reward/head_pose_tracking: 0.0376
      Episode_Reward/body_pose_tracking: 0.0000
          Episode_Reward/head_pose_bias: 0.0000
        Episode_Metrics/mean_action_acc: 0.8125
          Curriculum/action_rate_weight: -0.1000
               Curriculum/standing_envs: 0.0200
             Curriculum/head_pose_range: 0.0700
             Curriculum/body_pose_range: 0.0500
                   Curriculum/com_range: 0.0030
              Curriculum/head_com_range: 0.0030
       Curriculum/head_pose_bias_weight: 0.0000
             Metrics/twist/error_vel_xy: 0.0241
            Metrics/twist/error_vel_yaw: 0.1956
           Episode_Termination/time_out: 0.0000
          Episode_Termination/fell_over: 145.7083
Episode_Termination/out_of_terrain_bounds: 0.0000
          Episode_Termination/nan_state: 0.0000
          Metrics/angular_momentum_mean: 0.0118
                  Metrics/air_time_mean: 0.0402
               Metrics/peak_height_mean: 0.0089
             Metrics/slip_velocity_mean: 0.2834
--------------------------------------------------------------------------------
                         Iteration time: 2.08s
                           Time elapsed: 00:05:42
                                    ETA: 00:07:58

################################################################################
[1m                           Learning iteration 167/400                           [0m 

                               Run name: hls2909-fix7
                            Total steps: 16515072 
                       Steps per second: 47440 
                        Collection time: 1.916s 
                          Learning time: 0.156s 
                        Mean value loss: 0.0224
                    Mean surrogate loss: -0.0201
                      Mean entropy loss: 11.1574
                            Mean reward: 0.40
                    Mean episode length: 29.08
                        Mean action std: 0.54
   Episode_Reward/track_linear_velocity: 0.0177
  Episode_Reward/track_angular_velocity: 0.0002
                 Episode_Reward/upright: 0.0196
                    Episode_Reward/pose: 0.0038
            Episode_Reward/body_ang_vel: -0.0368
        Episode_Reward/angular_momentum: -0.0000
          Episode_Reward/dof_pos_limits: -0.0027
          Episode_Reward/action_rate_l2: -0.0167
                Episode_Reward/air_time: 0.0041
          Episode_Reward/foot_clearance: -0.0005
       Episode_Reward/foot_swing_height: -0.0016
               Episode_Reward/foot_slip: -0.0002
         Episode_Reward/self_collisions: -0.0008
      Episode_Reward/head_pose_tracking: 0.0377
      Episode_Reward/body_pose_tracking: 0.0000
          Episode_Reward/head_pose_bias: 0.0000
        Episode_Metrics/mean_action_acc: 0.8131
          Curriculum/action_rate_weight: -0.1000
               Curriculum/standing_envs: 0.0200
             Curriculum/head_pose_range: 0.0700
             Curriculum/body_pose_range: 0.0500
                   Curriculum/com_range: 0.0030
              Curriculum/head_com_range: 0.0030
       Curriculum/head_pose_bias_weight: 0.0000
             Metrics/twist/error_vel_xy: 0.0244
            Metrics/twist/error_vel_yaw: 0.1920
           Episode_Termination/time_out: 0.0000
          Episode_Termination/fell_over: 145.0833
Episode_Termination/out_of_terrain_bounds: 0.0000
          Episode_Termination/nan_state: 0.0000
          Metrics/angular_momentum_mean: 0.0118
                  Metrics/air_time_mean: 0.0400
               Metrics/peak_height_mean: 0.0089
             Metrics/slip_velocity_mean: 0.2838
--------------------------------------------------------------------------------
                         Iteration time: 2.07s
                           Time elapsed: 00:05:44
                                    ETA: 00:07:56

################################################################################
[1m                           Learning iteration 168/400                           [0m 

                               Run name: hls2909-fix7
                            Total steps: 16613376 
                       Steps per second: 48472 
                        Collection time: 1.885s 
                          Learning time: 0.143s 
                        Mean value loss: 0.0228
                    Mean surrogate loss: -0.0208
                      Mean entropy loss: 11.1779
                            Mean reward: 0.49
                    Mean episode length: 27.30
                        Mean action std: 0.54
   Episode_Reward/track_linear_velocity: 0.0178
  Episode_Reward/track_angular_velocity: 0.0002
                 Episode_Reward/upright: 0.0194
                    Episode_Reward/pose: 0.0040
            Episode_Reward/body_ang_vel: -0.0371
        Episode_Reward/angular_momentum: -0.0000
          Episode_Reward/dof_pos_limits: -0.0027
          Episode_Reward/action_rate_l2: -0.0166
                Episode_Reward/air_time: 0.0040
          Episode_Reward/foot_clearance: -0.0005
       Episode_Reward/foot_swing_height: -0.0016
               Episode_Reward/foot_slip: -0.0002
         Episode_Reward/self_collisions: -0.0007
      Episode_Reward/head_pose_tracking: 0.0378
      Episode_Reward/body_pose_tracking: 0.0000
          Episode_Reward/head_pose_bias: 0.0000
        Episode_Metrics/mean_action_acc: 0.8119
          Curriculum/action_rate_weight: -0.1000
               Curriculum/standing_envs: 0.0200
             Curriculum/head_pose_range: 0.0700
             Curriculum/body_pose_range: 0.0500
                   Curriculum/com_range: 0.0030
              Curriculum/head_com_range: 0.0030
       Curriculum/head_pose_bias_weight: 0.0000
             Metrics/twist/error_vel_xy: 0.0246
            Metrics/twist/error_vel_yaw: 0.1969
           Episode_Termination/time_out: 0.0000
          Episode_Termination/fell_over: 147.4583
Episode_Termination/out_of_terrain_bounds: 0.0000
          Episode_Termination/nan_state: 0.0000
          Metrics/angular_momentum_mean: 0.0119
                  Metrics/air_time_mean: 0.0403
               Metrics/peak_height_mean: 0.0090
             Metrics/slip_velocity_mean: 0.2854
--------------------------------------------------------------------------------
                         Iteration time: 2.03s
                           Time elapsed: 00:05:47
                                    ETA: 00:07:54

################################################################################
[1m                           Learning iteration 169/400                           [0m 

                               Run name: hls2909-fix7
                            Total steps: 16711680 
                       Steps per second: 47953 
                        Collection time: 1.897s 
                          Learning time: 0.153s 
                        Mean value loss: 0.0229
                    Mean surrogate loss: -0.0194
                      Mean entropy loss: 11.1722
                            Mean reward: 0.45
                    Mean episode length: 27.07
                        Mean action std: 0.54
   Episode_Reward/track_linear_velocity: 0.0175
  Episode_Reward/track_angular_velocity: 0.0002
                 Episode_Reward/upright: 0.0193
                    Episode_Reward/pose: 0.0038
            Episode_Reward/body_ang_vel: -0.0369
        Episode_Reward/angular_momentum: -0.0000
          Episode_Reward/dof_pos_limits: -0.0027
          Episode_Reward/action_rate_l2: -0.0166
                Episode_Reward/air_time: 0.0040
          Episode_Reward/foot_clearance: -0.0005
       Episode_Reward/foot_swing_height: -0.0016
               Episode_Reward/foot_slip: -0.0002
         Episode_Reward/self_collisions: -0.0007
      Episode_Reward/head_pose_tracking: 0.0374
      Episode_Reward/body_pose_tracking: 0.0000
          Episode_Reward/head_pose_bias: 0.0000
        Episode_Metrics/mean_action_acc: 0.8108
          Curriculum/action_rate_weight: -0.1000
               Curriculum/standing_envs: 0.0200
             Curriculum/head_pose_range: 0.0700
             Curriculum/body_pose_range: 0.0500
                   Curriculum/com_range: 0.0030
              Curriculum/head_com_range: 0.0030
       Curriculum/head_pose_bias_weight: 0.0000
             Metrics/twist/error_vel_xy: 0.0243
            Metrics/twist/error_vel_yaw: 0.1948
           Episode_Termination/time_out: 0.0000
          Episode_Termination/fell_over: 147.3750
Episode_Termination/out_of_terrain_bounds: 0.0000
          Episode_Termination/nan_state: 0.0000
          Metrics/angular_momentum_mean: 0.0119
                  Metrics/air_time_mean: 0.0404
               Metrics/peak_height_mean: 0.0090
             Metrics/slip_velocity_mean: 0.2853
--------------------------------------------------------------------------------
                         Iteration time: 2.05s
                           Time elapsed: 00:05:49
                                    ETA: 00:07:52

################################################################################
[1m                           Learning iteration 170/400                           [0m 

                               Run name: hls2909-fix7
                            Total steps: 16809984 
                       Steps per second: 48155 
                        Collection time: 1.889s 
                          Learning time: 0.152s 
                        Mean value loss: 0.0232
                    Mean surrogate loss: -0.0194
                      Mean entropy loss: 11.1798
                            Mean reward: 0.52
                    Mean episode length: 28.02
                        Mean action std: 0.54
   Episode_Reward/track_linear_velocity: 0.0177
  Episode_Reward/track_angular_velocity: 0.0002
                 Episode_Reward/upright: 0.0193
                    Episode_Reward/pose: 0.0038
            Episode_Reward/body_ang_vel: -0.0365
        Episode_Reward/angular_momentum: -0.0000
          Episode_Reward/dof_pos_limits: -0.0027
          Episode_Reward/action_rate_l2: -0.0165
                Episode_Reward/air_time: 0.0040
          Episode_Reward/foot_clearance: -0.0005
       Episode_Reward/foot_swing_height: -0.0016
               Episode_Reward/foot_slip: -0.0002
         Episode_Reward/self_collisions: -0.0007
      Episode_Reward/head_pose_tracking: 0.0374
      Episode_Reward/body_pose_tracking: 0.0000
          Episode_Reward/head_pose_bias: 0.0000
        Episode_Metrics/mean_action_acc: 0.8122
          Curriculum/action_rate_weight: -0.1000
               Curriculum/standing_envs: 0.0200
             Curriculum/head_pose_range: 0.0700
             Curriculum/body_pose_range: 0.0500
                   Curriculum/com_range: 0.0030
              Curriculum/head_com_range: 0.0030
       Curriculum/head_pose_bias_weight: 0.0000
             Metrics/twist/error_vel_xy: 0.0243
            Metrics/twist/error_vel_yaw: 0.1947
           Episode_Termination/time_out: 0.0000
          Episode_Termination/fell_over: 148.3333
Episode_Termination/out_of_terrain_bounds: 0.0000
          Episode_Termination/nan_state: 0.0000
          Metrics/angular_momentum_mean: 0.0119
                  Metrics/air_time_mean: 0.0401
               Metrics/peak_height_mean: 0.0089
             Metrics/slip_velocity_mean: 0.2842
--------------------------------------------------------------------------------
                         Iteration time: 2.04s
                           Time elapsed: 00:05:51
                                    ETA: 00:07:50

################################################################################
[1m                           Learning iteration 171/400                           [0m 

                               Run name: hls2909-fix7
                            Total steps: 16908288 
                       Steps per second: 47476 
                        Collection time: 1.915s 
                          Learning time: 0.156s 
                        Mean value loss: 0.0232
                    Mean surrogate loss: -0.0208
                      Mean entropy loss: 11.1827
                            Mean reward: 0.53
                    Mean episode length: 27.04
                        Mean action std: 0.54
   Episode_Reward/track_linear_velocity: 0.0175
  Episode_Reward/track_angular_velocity: 0.0002
                 Episode_Reward/upright: 0.0192
                    Episode_Reward/pose: 0.0038
            Episode_Reward/body_ang_vel: -0.0364
        Episode_Reward/angular_momentum: -0.0000
          Episode_Reward/dof_pos_limits: -0.0027
          Episode_Reward/action_rate_l2: -0.0165
                Episode_Reward/air_time: 0.0040
          Episode_Reward/foot_clearance: -0.0005
       Episode_Reward/foot_swing_height: -0.0016
               Episode_Reward/foot_slip: -0.0002
         Episode_Reward/self_collisions: -0.0008
      Episode_Reward/head_pose_tracking: 0.0375
      Episode_Reward/body_pose_tracking: 0.0000
          Episode_Reward/head_pose_bias: 0.0000
        Episode_Metrics/mean_action_acc: 0.8121
          Curriculum/action_rate_weight: -0.1000
               Curriculum/standing_envs: 0.0200
             Curriculum/head_pose_range: 0.0700
             Curriculum/body_pose_range: 0.0500
                   Curriculum/com_range: 0.0030
              Curriculum/head_com_range: 0.0030
       Curriculum/head_pose_bias_weight: 0.0000
             Metrics/twist/error_vel_xy: 0.0246
            Metrics/twist/error_vel_yaw: 0.1921
           Episode_Termination/time_out: 0.0000
          Episode_Termination/fell_over: 145.0417
Episode_Termination/out_of_terrain_bounds: 0.0000
          Episode_Termination/nan_state: 0.0000
          Metrics/angular_momentum_mean: 0.0119
                  Metrics/air_time_mean: 0.0404
               Metrics/peak_height_mean: 0.0090
             Metrics/slip_velocity_mean: 0.2841
--------------------------------------------------------------------------------
                         Iteration time: 2.07s
                           Time elapsed: 00:05:53
                                    ETA: 00:07:48

################################################################################
[1m                           Learning iteration 172/400                           [0m 

                               Run name: hls2909-fix7
                            Total steps: 17006592 
                       Steps per second: 47358 
                        Collection time: 1.929s 
                          Learning time: 0.147s 
                        Mean value loss: 0.0225
                    Mean surrogate loss: -0.0206
                      Mean entropy loss: 11.1878
                            Mean reward: 0.52
                    Mean episode length: 28.87
                        Mean action std: 0.54
   Episode_Reward/track_linear_velocity: 0.0179
  Episode_Reward/track_angular_velocity: 0.0002
                 Episode_Reward/upright: 0.0193
                    Episode_Reward/pose: 0.0039
            Episode_Reward/body_ang_vel: -0.0371
        Episode_Reward/angular_momentum: -0.0000
          Episode_Reward/dof_pos_limits: -0.0027
          Episode_Reward/action_rate_l2: -0.0168
                Episode_Reward/air_time: 0.0042
          Episode_Reward/foot_clearance: -0.0005
       Episode_Reward/foot_swing_height: -0.0016
               Episode_Reward/foot_slip: -0.0002
         Episode_Reward/self_collisions: -0.0008
      Episode_Reward/head_pose_tracking: 0.0379
      Episode_Reward/body_pose_tracking: 0.0000
          Episode_Reward/head_pose_bias: 0.0000
        Episode_Metrics/mean_action_acc: 0.8124
          Curriculum/action_rate_weight: -0.1000
               Curriculum/standing_envs: 0.0200
             Curriculum/head_pose_range: 0.0700
             Curriculum/body_pose_range: 0.0500
                   Curriculum/com_range: 0.0030
              Curriculum/head_com_range: 0.0030
       Curriculum/head_pose_bias_weight: 0.0000
             Metrics/twist/error_vel_xy: 0.0244
            Metrics/twist/error_vel_yaw: 0.1983
           Episode_Termination/time_out: 0.0000
          Episode_Termination/fell_over: 146.2917
Episode_Termination/out_of_terrain_bounds: 0.0000
          Episode_Termination/nan_state: 0.0000
          Metrics/angular_momentum_mean: 0.0119
                  Metrics/air_time_mean: 0.0404
               Metrics/peak_height_mean: 0.0091
             Metrics/slip_velocity_mean: 0.2848
--------------------------------------------------------------------------------
                         Iteration time: 2.08s
                           Time elapsed: 00:05:55
                                    ETA: 00:07:46

################################################################################
[1m                           Learning iteration 173/400                           [0m 

                               Run name: hls2909-fix7
                            Total steps: 17104896 
                       Steps per second: 47606 
                        Collection time: 1.913s 
                          Learning time: 0.151s 
                        Mean value loss: 0.0232
                    Mean surrogate loss: -0.0204
                      Mean entropy loss: 11.2056
                            Mean reward: 0.46
                    Mean episode length: 28.33
                        Mean action std: 0.54
   Episode_Reward/track_linear_velocity: 0.0175
  Episode_Reward/track_angular_velocity: 0.0002
                 Episode_Reward/upright: 0.0195
                    Episode_Reward/pose: 0.0039
            Episode_Reward/body_ang_vel: -0.0364
        Episode_Reward/angular_momentum: -0.0000
          Episode_Reward/dof_pos_limits: -0.0027
          Episode_Reward/action_rate_l2: -0.0166
                Episode_Reward/air_time: 0.0040
          Episode_Reward/foot_clearance: -0.0005
       Episode_Reward/foot_swing_height: -0.0016
               Episode_Reward/foot_slip: -0.0002
         Episode_Reward/self_collisions: -0.0008
      Episode_Reward/head_pose_tracking: 0.0375
      Episode_Reward/body_pose_tracking: 0.0000
          Episode_Reward/head_pose_bias: 0.0000
        Episode_Metrics/mean_action_acc: 0.8118
          Curriculum/action_rate_weight: -0.1000
               Curriculum/standing_envs: 0.0200
             Curriculum/head_pose_range: 0.0700
             Curriculum/body_pose_range: 0.0500
                   Curriculum/com_range: 0.0030
              Curriculum/head_com_range: 0.0030
       Curriculum/head_pose_bias_weight: 0.0000
             Metrics/twist/error_vel_xy: 0.0245
            Metrics/twist/error_vel_yaw: 0.1963
           Episode_Termination/time_out: 0.0000
          Episode_Termination/fell_over: 145.5000
Episode_Termination/out_of_terrain_bounds: 0.0000
          Episode_Termination/nan_state: 0.0000
          Metrics/angular_momentum_mean: 0.0119
                  Metrics/air_time_mean: 0.0402
               Metrics/peak_height_mean: 0.0089
             Metrics/slip_velocity_mean: 0.2836
--------------------------------------------------------------------------------
                         Iteration time: 2.06s
                           Time elapsed: 00:05:57
                                    ETA: 00:07:44

################################################################################
[1m                           Learning iteration 174/400                           [0m 

                               Run name: hls2909-fix7
                            Total steps: 17203200 
                       Steps per second: 47796 
                        Collection time: 1.909s 
                          Learning time: 0.148s 
                        Mean value loss: 0.0226
                    Mean surrogate loss: -0.0199
                      Mean entropy loss: 11.2132
                            Mean reward: 0.47
                    Mean episode length: 28.26
                        Mean action std: 0.54
   Episode_Reward/track_linear_velocity: 0.0178
  Episode_Reward/track_angular_velocity: 0.0002
                 Episode_Reward/upright: 0.0197
                    Episode_Reward/pose: 0.0038
            Episode_Reward/body_ang_vel: -0.0371
        Episode_Reward/angular_momentum: -0.0000
          Episode_Reward/dof_pos_limits: -0.0027
          Episode_Reward/action_rate_l2: -0.0167
                Episode_Reward/air_time: 0.0040
          Episode_Reward/foot_clearance: -0.0005
       Episode_Reward/foot_swing_height: -0.0016
               Episode_Reward/foot_slip: -0.0002
         Episode_Reward/self_collisions: -0.0008
      Episode_Reward/head_pose_tracking: 0.0379
      Episode_Reward/body_pose_tracking: 0.0000
          Episode_Reward/head_pose_bias: 0.0000
        Episode_Metrics/mean_action_acc: 0.8123
          Curriculum/action_rate_weight: -0.1000
               Curriculum/standing_envs: 0.0200
             Curriculum/head_pose_range: 0.0700
             Curriculum/body_pose_range: 0.0500
                   Curriculum/com_range: 0.0030
              Curriculum/head_com_range: 0.0030
       Curriculum/head_pose_bias_weight: 0.0000
             Metrics/twist/error_vel_xy: 0.0241
            Metrics/twist/error_vel_yaw: 0.1981
           Episode_Termination/time_out: 0.0000
          Episode_Termination/fell_over: 145.6250
Episode_Termination/out_of_terrain_bounds: 0.0000
          Episode_Termination/nan_state: 0.0000
          Metrics/angular_momentum_mean: 0.0119
                  Metrics/air_time_mean: 0.0404
               Metrics/peak_height_mean: 0.0090
             Metrics/slip_velocity_mean: 0.2838
--------------------------------------------------------------------------------
                         Iteration time: 2.06s
                           Time elapsed: 00:05:59
                                    ETA: 00:07:42

################################################################################
[1m                           Learning iteration 175/400                           [0m 

                               Run name: hls2909-fix7
                            Total steps: 17301504 
                       Steps per second: 46627 
                        Collection time: 1.953s 
                          Learning time: 0.155s 
                        Mean value loss: 0.0229
                    Mean surrogate loss: -0.0202
                      Mean entropy loss: 11.2283
                            Mean reward: 0.46
                    Mean episode length: 27.99
                        Mean action std: 0.54
   Episode_Reward/track_linear_velocity: 0.0177
  Episode_Reward/track_angular_velocity: 0.0002
                 Episode_Reward/upright: 0.0195
                    Episode_Reward/pose: 0.0038
            Episode_Reward/body_ang_vel: -0.0365
        Episode_Reward/angular_momentum: -0.0000
          Episode_Reward/dof_pos_limits: -0.0027
          Episode_Reward/action_rate_l2: -0.0168
                Episode_Reward/air_time: 0.0040
          Episode_Reward/foot_clearance: -0.0005
       Episode_Reward/foot_swing_height: -0.0016
               Episode_Reward/foot_slip: -0.0002
         Episode_Reward/self_collisions: -0.0007
      Episode_Reward/head_pose_tracking: 0.0377
      Episode_Reward/body_pose_tracking: 0.0000
          Episode_Reward/head_pose_bias: 0.0000
        Episode_Metrics/mean_action_acc: 0.8131
          Curriculum/action_rate_weight: -0.1000
               Curriculum/standing_envs: 0.0200
             Curriculum/head_pose_range: 0.0700
             Curriculum/body_pose_range: 0.0500
                   Curriculum/com_range: 0.0030
              Curriculum/head_com_range: 0.0030
       Curriculum/head_pose_bias_weight: 0.0000
             Metrics/twist/error_vel_xy: 0.0245
            Metrics/twist/error_vel_yaw: 0.1954
           Episode_Termination/time_out: 0.0000
          Episode_Termination/fell_over: 146.2083
Episode_Termination/out_of_terrain_bounds: 0.0000
          Episode_Termination/nan_state: 0.0000
          Metrics/angular_momentum_mean: 0.0119
                  Metrics/air_time_mean: 0.0405
               Metrics/peak_height_mean: 0.0090
             Metrics/slip_velocity_mean: 0.2857
--------------------------------------------------------------------------------
                         Iteration time: 2.11s
                           Time elapsed: 00:06:01
                                    ETA: 00:07:40

################################################################################
[1m                           Learning iteration 176/400                           [0m 

                               Run name: hls2909-fix7
                            Total steps: 17399808 
                       Steps per second: 46237 
                        Collection time: 1.968s 
                          Learning time: 0.158s 
                        Mean value loss: 0.0234
                    Mean surrogate loss: -0.0204
                      Mean entropy loss: 11.2477
                            Mean reward: 0.42
                    Mean episode length: 29.12
                        Mean action std: 0.54
   Episode_Reward/track_linear_velocity: 0.0178
  Episode_Reward/track_angular_velocity: 0.0002
                 Episode_Reward/upright: 0.0198
                    Episode_Reward/pose: 0.0039
            Episode_Reward/body_ang_vel: -0.0375
        Episode_Reward/angular_momentum: -0.0000
          Episode_Reward/dof_pos_limits: -0.0027
          Episode_Reward/action_rate_l2: -0.0167
                Episode_Reward/air_time: 0.0042
          Episode_Reward/foot_clearance: -0.0005
       Episode_Reward/foot_swing_height: -0.0016
               Episode_Reward/foot_slip: -0.0002
         Episode_Reward/self_collisions: -0.0008
      Episode_Reward/head_pose_tracking: 0.0377
      Episode_Reward/body_pose_tracking: 0.0000
          Episode_Reward/head_pose_bias: 0.0000
        Episode_Metrics/mean_action_acc: 0.8127
          Curriculum/action_rate_weight: -0.1000
               Curriculum/standing_envs: 0.0200
             Curriculum/head_pose_range: 0.0700
             Curriculum/body_pose_range: 0.0500
                   Curriculum/com_range: 0.0030
              Curriculum/head_com_range: 0.0030
       Curriculum/head_pose_bias_weight: 0.0000
             Metrics/twist/error_vel_xy: 0.0245
            Metrics/twist/error_vel_yaw: 0.1972
           Episode_Termination/time_out: 0.0000
          Episode_Termination/fell_over: 146.0417
Episode_Termination/out_of_terrain_bounds: 0.0000
          Episode_Termination/nan_state: 0.0000
          Metrics/angular_momentum_mean: 0.0118
                  Metrics/air_time_mean: 0.0406
               Metrics/peak_height_mean: 0.0090
             Metrics/slip_velocity_mean: 0.2874
--------------------------------------------------------------------------------
                         Iteration time: 2.13s
                           Time elapsed: 00:06:03
                                    ETA: 00:07:38

################################################################################
[1m                           Learning iteration 177/400                           [0m 

                               Run name: hls2909-fix7
                            Total steps: 17498112 
                       Steps per second: 46118 
                        Collection time: 1.976s 
                          Learning time: 0.156s 
                        Mean value loss: 0.0228
                    Mean surrogate loss: -0.0206
                      Mean entropy loss: 11.2428
                            Mean reward: 0.55
                    Mean episode length: 27.85
                        Mean action std: 0.54
   Episode_Reward/track_linear_velocity: 0.0180
  Episode_Reward/track_angular_velocity: 0.0002
                 Episode_Reward/upright: 0.0198
                    Episode_Reward/pose: 0.0038
            Episode_Reward/body_ang_vel: -0.0376
        Episode_Reward/angular_momentum: -0.0000
          Episode_Reward/dof_pos_limits: -0.0027
          Episode_Reward/action_rate_l2: -0.0169
                Episode_Reward/air_time: 0.0042
          Episode_Reward/foot_clearance: -0.0005
       Episode_Reward/foot_swing_height: -0.0016
               Episode_Reward/foot_slip: -0.0002
         Episode_Reward/self_collisions: -0.0008
      Episode_Reward/head_pose_tracking: 0.0378
      Episode_Reward/body_pose_tracking: 0.0000
          Episode_Reward/head_pose_bias: 0.0000
        Episode_Metrics/mean_action_acc: 0.8142
          Curriculum/action_rate_weight: -0.1000
               Curriculum/standing_envs: 0.0200
             Curriculum/head_pose_range: 0.0700
             Curriculum/body_pose_range: 0.0500
                   Curriculum/com_range: 0.0030
              Curriculum/head_com_range: 0.0030
       Curriculum/head_pose_bias_weight: 0.0000
             Metrics/twist/error_vel_xy: 0.0245
            Metrics/twist/error_vel_yaw: 0.1982
           Episode_Termination/time_out: 0.0000
          Episode_Termination/fell_over: 145.5000
Episode_Termination/out_of_terrain_bounds: 0.0000
          Episode_Termination/nan_state: 0.0000
          Metrics/angular_momentum_mean: 0.0119
                  Metrics/air_time_mean: 0.0399
               Metrics/peak_height_mean: 0.0090
             Metrics/slip_velocity_mean: 0.2848
--------------------------------------------------------------------------------
                         Iteration time: 2.13s
                           Time elapsed: 00:06:05
                                    ETA: 00:07:36

################################################################################
[1m                           Learning iteration 178/400                           [0m 

                               Run name: hls2909-fix7
                            Total steps: 17596416 
                       Steps per second: 46700 
                        Collection time: 1.951s 
                          Learning time: 0.154s 
                        Mean value loss: 0.0231
                    Mean surrogate loss: -0.0196
                      Mean entropy loss: 11.2585
                            Mean reward: 0.52
                    Mean episode length: 28.15
                        Mean action std: 0.54
   Episode_Reward/track_linear_velocity: 0.0178
  Episode_Reward/track_angular_velocity: 0.0002
                 Episode_Reward/upright: 0.0193
                    Episode_Reward/pose: 0.0038
            Episode_Reward/body_ang_vel: -0.0362
        Episode_Reward/angular_momentum: -0.0000
          Episode_Reward/dof_pos_limits: -0.0027
          Episode_Reward/action_rate_l2: -0.0167
                Episode_Reward/air_time: 0.0040
          Episode_Reward/foot_clearance: -0.0005
       Episode_Reward/foot_swing_height: -0.0016
               Episode_Reward/foot_slip: -0.0002
         Episode_Reward/self_collisions: -0.0007
      Episode_Reward/head_pose_tracking: 0.0374
      Episode_Reward/body_pose_tracking: 0.0000
          Episode_Reward/head_pose_bias: 0.0000
        Episode_Metrics/mean_action_acc: 0.8133
          Curriculum/action_rate_weight: -0.1000
               Curriculum/standing_envs: 0.0200
             Curriculum/head_pose_range: 0.0700
             Curriculum/body_pose_range: 0.0500
                   Curriculum/com_range: 0.0030
              Curriculum/head_com_range: 0.0030
       Curriculum/head_pose_bias_weight: 0.0000
             Metrics/twist/error_vel_xy: 0.0242
            Metrics/twist/error_vel_yaw: 0.1952
           Episode_Termination/time_out: 0.0000
          Episode_Termination/fell_over: 145.5417
Episode_Termination/out_of_terrain_bounds: 0.0000
          Episode_Termination/nan_state: 0.0000
          Metrics/angular_momentum_mean: 0.0119
                  Metrics/air_time_mean: 0.0401
               Metrics/peak_height_mean: 0.0089
             Metrics/slip_velocity_mean: 0.2838
--------------------------------------------------------------------------------
                         Iteration time: 2.11s
                           Time elapsed: 00:06:07
                                    ETA: 00:07:34

################################################################################
[1m                           Learning iteration 179/400                           [0m 

                               Run name: hls2909-fix7
                            Total steps: 17694720 
                       Steps per second: 47512 
                        Collection time: 1.916s 
                          Learning time: 0.153s 
                        Mean value loss: 0.0227
                    Mean surrogate loss: -0.0207
                      Mean entropy loss: 11.2430
                            Mean reward: 0.48
                    Mean episode length: 27.75
                        Mean action std: 0.54
   Episode_Reward/track_linear_velocity: 0.0179
  Episode_Reward/track_angular_velocity: 0.0002
                 Episode_Reward/upright: 0.0196
                    Episode_Reward/pose: 0.0039
            Episode_Reward/body_ang_vel: -0.0362
        Episode_Reward/angular_momentum: -0.0000
          Episode_Reward/dof_pos_limits: -0.0027
          Episode_Reward/action_rate_l2: -0.0167
                Episode_Reward/air_time: 0.0038
          Episode_Reward/foot_clearance: -0.0005
       Episode_Reward/foot_swing_height: -0.0016
               Episode_Reward/foot_slip: -0.0002
         Episode_Reward/self_collisions: -0.0007
      Episode_Reward/head_pose_tracking: 0.0377
      Episode_Reward/body_pose_tracking: 0.0000
          Episode_Reward/head_pose_bias: 0.0000
        Episode_Metrics/mean_action_acc: 0.8133
          Curriculum/action_rate_weight: -0.1000
               Curriculum/standing_envs: 0.0200
             Curriculum/head_pose_range: 0.0700
             Curriculum/body_pose_range: 0.0500
                   Curriculum/com_range: 0.0030
              Curriculum/head_com_range: 0.0030
       Curriculum/head_pose_bias_weight: 0.0000
             Metrics/twist/error_vel_xy: 0.0242
            Metrics/twist/error_vel_yaw: 0.1936
           Episode_Termination/time_out: 0.0000
          Episode_Termination/fell_over: 148.3750
Episode_Termination/out_of_terrain_bounds: 0.0000
          Episode_Termination/nan_state: 0.0000
          Metrics/angular_momentum_mean: 0.0119
                  Metrics/air_time_mean: 0.0403
               Metrics/peak_height_mean: 0.0089
             Metrics/slip_velocity_mean: 0.2846
--------------------------------------------------------------------------------
                         Iteration time: 2.07s
                           Time elapsed: 00:06:09
                                    ETA: 00:07:32

################################################################################
[1m                           Learning iteration 180/400                           [0m 

                               Run name: hls2909-fix7
                            Total steps: 17793024 
                       Steps per second: 47527 
                        Collection time: 1.916s 
                          Learning time: 0.153s 
                        Mean value loss: 0.0226
                    Mean surrogate loss: -0.0202
                      Mean entropy loss: 11.2515
                            Mean reward: 0.51
                    Mean episode length: 27.83
                        Mean action std: 0.54
   Episode_Reward/track_linear_velocity: 0.0177
  Episode_Reward/track_angular_velocity: 0.0002
                 Episode_Reward/upright: 0.0193
                    Episode_Reward/pose: 0.0039
            Episode_Reward/body_ang_vel: -0.0370
        Episode_Reward/angular_momentum: -0.0000
          Episode_Reward/dof_pos_limits: -0.0027
          Episode_Reward/action_rate_l2: -0.0167
                Episode_Reward/air_time: 0.0043
          Episode_Reward/foot_clearance: -0.0005
       Episode_Reward/foot_swing_height: -0.0016
               Episode_Reward/foot_slip: -0.0002
         Episode_Reward/self_collisions: -0.0008
      Episode_Reward/head_pose_tracking: 0.0376
      Episode_Reward/body_pose_tracking: 0.0000
          Episode_Reward/head_pose_bias: 0.0000
        Episode_Metrics/mean_action_acc: 0.8131
          Curriculum/action_rate_weight: -0.1000
               Curriculum/standing_envs: 0.0200
             Curriculum/head_pose_range: 0.0700
             Curriculum/body_pose_range: 0.0500
                   Curriculum/com_range: 0.0030
              Curriculum/head_com_range: 0.0030
       Curriculum/head_pose_bias_weight: 0.0000
             Metrics/twist/error_vel_xy: 0.0244
            Metrics/twist/error_vel_yaw: 0.1968
           Episode_Termination/time_out: 0.0000
          Episode_Termination/fell_over: 144.2917
Episode_Termination/out_of_terrain_bounds: 0.0000
          Episode_Termination/nan_state: 0.0000
          Metrics/angular_momentum_mean: 0.0119
                  Metrics/air_time_mean: 0.0404
               Metrics/peak_height_mean: 0.0090
             Metrics/slip_velocity_mean: 0.2830
--------------------------------------------------------------------------------
                         Iteration time: 2.07s
                           Time elapsed: 00:06:11
                                    ETA: 00:07:30

################################################################################
[1m                           Learning iteration 181/400                           [0m 

                               Run name: hls2909-fix7
                            Total steps: 17891328 
                       Steps per second: 47315 
                        Collection time: 1.924s 
                          Learning time: 0.154s 
                        Mean value loss: 0.0232
                    Mean surrogate loss: -0.0207
                      Mean entropy loss: 11.2460
                            Mean reward: 0.45
                    Mean episode length: 28.34
                        Mean action std: 0.54
   Episode_Reward/track_linear_velocity: 0.0178
  Episode_Reward/track_angular_velocity: 0.0002
                 Episode_Reward/upright: 0.0195
                    Episode_Reward/pose: 0.0038
            Episode_Reward/body_ang_vel: -0.0369
        Episode_Reward/angular_momentum: -0.0000
          Episode_Reward/dof_pos_limits: -0.0027
          Episode_Reward/action_rate_l2: -0.0168
                Episode_Reward/air_time: 0.0043
          Episode_Reward/foot_clearance: -0.0005
       Episode_Reward/foot_swing_height: -0.0016
               Episode_Reward/foot_slip: -0.0002
         Episode_Reward/self_collisions: -0.0008
      Episode_Reward/head_pose_tracking: 0.0377
      Episode_Reward/body_pose_tracking: 0.0000
          Episode_Reward/head_pose_bias: 0.0000
        Episode_Metrics/mean_action_acc: 0.8120
          Curriculum/action_rate_weight: -0.1000
               Curriculum/standing_envs: 0.0200
             Curriculum/head_pose_range: 0.0700
             Curriculum/body_pose_range: 0.0500
                   Curriculum/com_range: 0.0030
              Curriculum/head_com_range: 0.0030
       Curriculum/head_pose_bias_weight: 0.0000
             Metrics/twist/error_vel_xy: 0.0247
            Metrics/twist/error_vel_yaw: 0.1975
           Episode_Termination/time_out: 0.0000
          Episode_Termination/fell_over: 146.2083
Episode_Termination/out_of_terrain_bounds: 0.0000
          Episode_Termination/nan_state: 0.0000
          Metrics/angular_momentum_mean: 0.0119
                  Metrics/air_time_mean: 0.0406
               Metrics/peak_height_mean: 0.0091
             Metrics/slip_velocity_mean: 0.2865
--------------------------------------------------------------------------------
                         Iteration time: 2.08s
                           Time elapsed: 00:06:14
                                    ETA: 00:07:28

################################################################################
[1m                           Learning iteration 182/400                           [0m 

                               Run name: hls2909-fix7
                            Total steps: 17989632 
                       Steps per second: 47484 
                        Collection time: 1.919s 
                          Learning time: 0.151s 
                        Mean value loss: 0.0239
                    Mean surrogate loss: -0.0144
                      Mean entropy loss: 11.2412
                            Mean reward: 0.46
                    Mean episode length: 27.36
                        Mean action std: 0.54
   Episode_Reward/track_linear_velocity: 0.0178
  Episode_Reward/track_angular_velocity: 0.0002
                 Episode_Reward/upright: 0.0197
                    Episode_Reward/pose: 0.0038
            Episode_Reward/body_ang_vel: -0.0372
        Episode_Reward/angular_momentum: -0.0000
          Episode_Reward/dof_pos_limits: -0.0027
          Episode_Reward/action_rate_l2: -0.0167
                Episode_Reward/air_time: 0.0040
          Episode_Reward/foot_clearance: -0.0005
       Episode_Reward/foot_swing_height: -0.0016
               Episode_Reward/foot_slip: -0.0002
         Episode_Reward/self_collisions: -0.0007
      Episode_Reward/head_pose_tracking: 0.0377
      Episode_Reward/body_pose_tracking: 0.0000
          Episode_Reward/head_pose_bias: 0.0000
        Episode_Metrics/mean_action_acc: 0.8110
          Curriculum/action_rate_weight: -0.1000
               Curriculum/standing_envs: 0.0200
             Curriculum/head_pose_range: 0.0700
             Curriculum/body_pose_range: 0.0500
                   Curriculum/com_range: 0.0030
              Curriculum/head_com_range: 0.0030
       Curriculum/head_pose_bias_weight: 0.0000
             Metrics/twist/error_vel_xy: 0.0244
            Metrics/twist/error_vel_yaw: 0.1960
           Episode_Termination/time_out: 0.0000
          Episode_Termination/fell_over: 145.7917
Episode_Termination/out_of_terrain_bounds: 0.0000
          Episode_Termination/nan_state: 0.0000
          Metrics/angular_momentum_mean: 0.0118
                  Metrics/air_time_mean: 0.0401
               Metrics/peak_height_mean: 0.0090
             Metrics/slip_velocity_mean: 0.2819
--------------------------------------------------------------------------------
                         Iteration time: 2.07s
                           Time elapsed: 00:06:16
                                    ETA: 00:07:26

################################################################################
[1m                           Learning iteration 183/400                           [0m 

                               Run name: hls2909-fix7
                            Total steps: 18087936 
                       Steps per second: 47891 
                        Collection time: 1.900s 
                          Learning time: 0.153s 
                        Mean value loss: 0.0233
                    Mean surrogate loss: -0.0196
                      Mean entropy loss: 11.2201
                            Mean reward: 0.50
                    Mean episode length: 26.55
                        Mean action std: 0.54
   Episode_Reward/track_linear_velocity: 0.0177
  Episode_Reward/track_angular_velocity: 0.0002
                 Episode_Reward/upright: 0.0195
                    Episode_Reward/pose: 0.0038
            Episode_Reward/body_ang_vel: -0.0362
        Episode_Reward/angular_momentum: -0.0000
          Episode_Reward/dof_pos_limits: -0.0027
          Episode_Reward/action_rate_l2: -0.0167
                Episode_Reward/air_time: 0.0039
          Episode_Reward/foot_clearance: -0.0005
       Episode_Reward/foot_swing_height: -0.0016
               Episode_Reward/foot_slip: -0.0002
         Episode_Reward/self_collisions: -0.0008
      Episode_Reward/head_pose_tracking: 0.0375
      Episode_Reward/body_pose_tracking: 0.0000
          Episode_Reward/head_pose_bias: 0.0000
        Episode_Metrics/mean_action_acc: 0.8105
          Curriculum/action_rate_weight: -0.1000
               Curriculum/standing_envs: 0.0200
             Curriculum/head_pose_range: 0.0700
             Curriculum/body_pose_range: 0.0500
                   Curriculum/com_range: 0.0030
              Curriculum/head_com_range: 0.0030
       Curriculum/head_pose_bias_weight: 0.0000
             Metrics/twist/error_vel_xy: 0.0242
            Metrics/twist/error_vel_yaw: 0.1950
           Episode_Termination/time_out: 0.0000
          Episode_Termination/fell_over: 146.5417
Episode_Termination/out_of_terrain_bounds: 0.0000
          Episode_Termination/nan_state: 0.0000
          Metrics/angular_momentum_mean: 0.0119
                  Metrics/air_time_mean: 0.0402
               Metrics/peak_height_mean: 0.0090
             Metrics/slip_velocity_mean: 0.2850
--------------------------------------------------------------------------------
                         Iteration time: 2.05s
                           Time elapsed: 00:06:18
                                    ETA: 00:07:23

################################################################################
[1m                           Learning iteration 184/400                           [0m 

                               Run name: hls2909-fix7
                            Total steps: 18186240 
                       Steps per second: 44370 
                        Collection time: 2.062s 
                          Learning time: 0.154s 
                        Mean value loss: 0.0238
                    Mean surrogate loss: -0.0182
                      Mean entropy loss: 11.2202
                            Mean reward: 0.49
                    Mean episode length: 28.42
                        Mean action std: 0.54
   Episode_Reward/track_linear_velocity: 0.0178
  Episode_Reward/track_angular_velocity: 0.0002
                 Episode_Reward/upright: 0.0194
                    Episode_Reward/pose: 0.0038
            Episode_Reward/body_ang_vel: -0.0370
        Episode_Reward/angular_momentum: -0.0000
          Episode_Reward/dof_pos_limits: -0.0026
          Episode_Reward/action_rate_l2: -0.0166
                Episode_Reward/air_time: 0.0042
          Episode_Reward/foot_clearance: -0.0005
       Episode_Reward/foot_swing_height: -0.0016
               Episode_Reward/foot_slip: -0.0002
         Episode_Reward/self_collisions: -0.0008
      Episode_Reward/head_pose_tracking: 0.0377
      Episode_Reward/body_pose_tracking: 0.0000
          Episode_Reward/head_pose_bias: 0.0000
        Episode_Metrics/mean_action_acc: 0.8099
          Curriculum/action_rate_weight: -0.1000
               Curriculum/standing_envs: 0.0200
             Curriculum/head_pose_range: 0.0700
             Curriculum/body_pose_range: 0.0500
                   Curriculum/com_range: 0.0030
              Curriculum/head_com_range: 0.0030
       Curriculum/head_pose_bias_weight: 0.0000
             Metrics/twist/error_vel_xy: 0.0244
            Metrics/twist/error_vel_yaw: 0.1979
           Episode_Termination/time_out: 0.0000
          Episode_Termination/fell_over: 146.6250
Episode_Termination/out_of_terrain_bounds: 0.0000
          Episode_Termination/nan_state: 0.0000
          Metrics/angular_momentum_mean: 0.0119
                  Metrics/air_time_mean: 0.0405
               Metrics/peak_height_mean: 0.0090
             Metrics/slip_velocity_mean: 0.2860
--------------------------------------------------------------------------------
                         Iteration time: 2.22s
                           Time elapsed: 00:06:20
                                    ETA: 00:07:22

################################################################################
[1m                           Learning iteration 185/400                           [0m 

                               Run name: hls2909-fix7
                            Total steps: 18284544 
                       Steps per second: 47118 
                        Collection time: 1.932s 
                          Learning time: 0.154s 
                        Mean value loss: 0.0231
                    Mean surrogate loss: -0.0203
                      Mean entropy loss: 11.2077
                            Mean reward: 0.49
                    Mean episode length: 27.69
                        Mean action std: 0.54
   Episode_Reward/track_linear_velocity: 0.0177
  Episode_Reward/track_angular_velocity: 0.0002
                 Episode_Reward/upright: 0.0195
                    Episode_Reward/pose: 0.0038
            Episode_Reward/body_ang_vel: -0.0365
        Episode_Reward/angular_momentum: -0.0000
          Episode_Reward/dof_pos_limits: -0.0026
          Episode_Reward/action_rate_l2: -0.0167
                Episode_Reward/air_time: 0.0040
          Episode_Reward/foot_clearance: -0.0005
       Episode_Reward/foot_swing_height: -0.0016
               Episode_Reward/foot_slip: -0.0002
         Episode_Reward/self_collisions: -0.0007
      Episode_Reward/head_pose_tracking: 0.0378
      Episode_Reward/body_pose_tracking: 0.0000
          Episode_Reward/head_pose_bias: 0.0000
        Episode_Metrics/mean_action_acc: 0.8097
          Curriculum/action_rate_weight: -0.1000
               Curriculum/standing_envs: 0.0200
             Curriculum/head_pose_range: 0.0700
             Curriculum/body_pose_range: 0.0500
                   Curriculum/com_range: 0.0030
              Curriculum/head_com_range: 0.0030
       Curriculum/head_pose_bias_weight: 0.0000
             Metrics/twist/error_vel_xy: 0.0243
            Metrics/twist/error_vel_yaw: 0.1953
           Episode_Termination/time_out: 0.0000
          Episode_Termination/fell_over: 148.5000
Episode_Termination/out_of_terrain_bounds: 0.0000
          Episode_Termination/nan_state: 0.0000
          Metrics/angular_momentum_mean: 0.0119
                  Metrics/air_time_mean: 0.0402
               Metrics/peak_height_mean: 0.0091
             Metrics/slip_velocity_mean: 0.2853
--------------------------------------------------------------------------------
                         Iteration time: 2.09s
                           Time elapsed: 00:06:22
                                    ETA: 00:07:20

################################################################################
[1m                           Learning iteration 186/400                           [0m 

                               Run name: hls2909-fix7
                            Total steps: 18382848 
                       Steps per second: 46510 
                        Collection time: 1.961s 
                          Learning time: 0.152s 
                        Mean value loss: 0.0234
                    Mean surrogate loss: -0.0127
                      Mean entropy loss: 11.1986
                            Mean reward: 0.53
                    Mean episode length: 28.47
                        Mean action std: 0.54
   Episode_Reward/track_linear_velocity: 0.0174
  Episode_Reward/track_angular_velocity: 0.0002
                 Episode_Reward/upright: 0.0195
                    Episode_Reward/pose: 0.0038
            Episode_Reward/body_ang_vel: -0.0368
        Episode_Reward/angular_momentum: -0.0000
          Episode_Reward/dof_pos_limits: -0.0026
          Episode_Reward/action_rate_l2: -0.0166
                Episode_Reward/air_time: 0.0041
          Episode_Reward/foot_clearance: -0.0005
       Episode_Reward/foot_swing_height: -0.0016
               Episode_Reward/foot_slip: -0.0002
         Episode_Reward/self_collisions: -0.0008
      Episode_Reward/head_pose_tracking: 0.0377
      Episode_Reward/body_pose_tracking: 0.0000
          Episode_Reward/head_pose_bias: 0.0000
        Episode_Metrics/mean_action_acc: 0.8089
          Curriculum/action_rate_weight: -0.1000
               Curriculum/standing_envs: 0.0200
             Curriculum/head_pose_range: 0.0700
             Curriculum/body_pose_range: 0.0500
                   Curriculum/com_range: 0.0030
              Curriculum/head_com_range: 0.0030
       Curriculum/head_pose_bias_weight: 0.0000
             Metrics/twist/error_vel_xy: 0.0246
            Metrics/twist/error_vel_yaw: 0.1972
           Episode_Termination/time_out: 0.0000
          Episode_Termination/fell_over: 144.3750
Episode_Termination/out_of_terrain_bounds: 0.0000
          Episode_Termination/nan_state: 0.0000
          Metrics/angular_momentum_mean: 0.0119
                  Metrics/air_time_mean: 0.0406
               Metrics/peak_height_mean: 0.0091
             Metrics/slip_velocity_mean: 0.2853
--------------------------------------------------------------------------------
                         Iteration time: 2.11s
                           Time elapsed: 00:06:24
                                    ETA: 00:07:18

################################################################################
[1m                           Learning iteration 187/400                           [0m 

                               Run name: hls2909-fix7
                            Total steps: 18481152 
                       Steps per second: 46667 
                        Collection time: 1.952s 
                          Learning time: 0.154s 
                        Mean value loss: 0.0228
                    Mean surrogate loss: -0.0196
                      Mean entropy loss: 11.1825
                            Mean reward: 0.51
                    Mean episode length: 28.10
                        Mean action std: 0.54
   Episode_Reward/track_linear_velocity: 0.0178
  Episode_Reward/track_angular_velocity: 0.0002
                 Episode_Reward/upright: 0.0195
                    Episode_Reward/pose: 0.0039
            Episode_Reward/body_ang_vel: -0.0363
        Episode_Reward/angular_momentum: -0.0000
          Episode_Reward/dof_pos_limits: -0.0027
          Episode_Reward/action_rate_l2: -0.0166
                Episode_Reward/air_time: 0.0042
          Episode_Reward/foot_clearance: -0.0005
       Episode_Reward/foot_swing_height: -0.0016
               Episode_Reward/foot_slip: -0.0002
         Episode_Reward/self_collisions: -0.0007
      Episode_Reward/head_pose_tracking: 0.0377
      Episode_Reward/body_pose_tracking: 0.0000
          Episode_Reward/head_pose_bias: 0.0000
        Episode_Metrics/mean_action_acc: 0.8070
          Curriculum/action_rate_weight: -0.1000
               Curriculum/standing_envs: 0.0200
             Curriculum/head_pose_range: 0.0700
             Curriculum/body_pose_range: 0.0500
                   Curriculum/com_range: 0.0030
              Curriculum/head_com_range: 0.0030
       Curriculum/head_pose_bias_weight: 0.0000
             Metrics/twist/error_vel_xy: 0.0245
            Metrics/twist/error_vel_yaw: 0.1953
           Episode_Termination/time_out: 0.0000
          Episode_Termination/fell_over: 146.4167
Episode_Termination/out_of_terrain_bounds: 0.0000
          Episode_Termination/nan_state: 0.0000
          Metrics/angular_momentum_mean: 0.0119
                  Metrics/air_time_mean: 0.0403
               Metrics/peak_height_mean: 0.0090
             Metrics/slip_velocity_mean: 0.2852
--------------------------------------------------------------------------------
                         Iteration time: 2.11s
                           Time elapsed: 00:06:26
                                    ETA: 00:07:16

################################################################################
[1m                           Learning iteration 188/400                           [0m 

                               Run name: hls2909-fix7
                            Total steps: 18579456 
                       Steps per second: 47791 
                        Collection time: 1.905s 
                          Learning time: 0.152s 
                        Mean value loss: 0.0233
                    Mean surrogate loss: -0.0205
                      Mean entropy loss: 11.1965
                            Mean reward: 0.56
                    Mean episode length: 27.61
                        Mean action std: 0.54
   Episode_Reward/track_linear_velocity: 0.0177
  Episode_Reward/track_angular_velocity: 0.0002
                 Episode_Reward/upright: 0.0194
                    Episode_Reward/pose: 0.0038
            Episode_Reward/body_ang_vel: -0.0369
        Episode_Reward/angular_momentum: -0.0000
          Episode_Reward/dof_pos_limits: -0.0026
          Episode_Reward/action_rate_l2: -0.0164
                Episode_Reward/air_time: 0.0041
          Episode_Reward/foot_clearance: -0.0005
       Episode_Reward/foot_swing_height: -0.0016
               Episode_Reward/foot_slip: -0.0002
         Episode_Reward/self_collisions: -0.0008
      Episode_Reward/head_pose_tracking: 0.0375
      Episode_Reward/body_pose_tracking: 0.0000
          Episode_Reward/head_pose_bias: 0.0000
        Episode_Metrics/mean_action_acc: 0.8051
          Curriculum/action_rate_weight: -0.1000
               Curriculum/standing_envs: 0.0200
             Curriculum/head_pose_range: 0.0700
             Curriculum/body_pose_range: 0.0500
                   Curriculum/com_range: 0.0030
              Curriculum/head_com_range: 0.0030
       Curriculum/head_pose_bias_weight: 0.0000
             Metrics/twist/error_vel_xy: 0.0242
            Metrics/twist/error_vel_yaw: 0.1966
           Episode_Termination/time_out: 0.0000
          Episode_Termination/fell_over: 148.5833
Episode_Termination/out_of_terrain_bounds: 0.0000
          Episode_Termination/nan_state: 0.0000
          Metrics/angular_momentum_mean: 0.0120
                  Metrics/air_time_mean: 0.0405
               Metrics/peak_height_mean: 0.0090
             Metrics/slip_velocity_mean: 0.2868
--------------------------------------------------------------------------------
                         Iteration time: 2.06s
                           Time elapsed: 00:06:28
                                    ETA: 00:07:14

################################################################################
[1m                           Learning iteration 189/400                           [0m 

                               Run name: hls2909-fix7
                            Total steps: 18677760 
                       Steps per second: 46840 
                        Collection time: 1.948s 
                          Learning time: 0.151s 
                        Mean value loss: 0.0228
                    Mean surrogate loss: -0.0208
                      Mean entropy loss: 11.1881
                            Mean reward: 0.52
                    Mean episode length: 27.72
                        Mean action std: 0.54
   Episode_Reward/track_linear_velocity: 0.0173
  Episode_Reward/track_angular_velocity: 0.0002
                 Episode_Reward/upright: 0.0196
                    Episode_Reward/pose: 0.0038
            Episode_Reward/body_ang_vel: -0.0367
        Episode_Reward/angular_momentum: -0.0000
          Episode_Reward/dof_pos_limits: -0.0026
          Episode_Reward/action_rate_l2: -0.0164
                Episode_Reward/air_time: 0.0041
          Episode_Reward/foot_clearance: -0.0005
       Episode_Reward/foot_swing_height: -0.0016
               Episode_Reward/foot_slip: -0.0002
         Episode_Reward/self_collisions: -0.0008
      Episode_Reward/head_pose_tracking: 0.0374
      Episode_Reward/body_pose_tracking: 0.0000
          Episode_Reward/head_pose_bias: 0.0000
        Episode_Metrics/mean_action_acc: 0.8054
          Curriculum/action_rate_weight: -0.1000
               Curriculum/standing_envs: 0.0200
             Curriculum/head_pose_range: 0.0700
             Curriculum/body_pose_range: 0.0500
                   Curriculum/com_range: 0.0030
              Curriculum/head_com_range: 0.0030
       Curriculum/head_pose_bias_weight: 0.0000
             Metrics/twist/error_vel_xy: 0.0244
            Metrics/twist/error_vel_yaw: 0.1971
           Episode_Termination/time_out: 0.0000
          Episode_Termination/fell_over: 145.7917
Episode_Termination/out_of_terrain_bounds: 0.0000
          Episode_Termination/nan_state: 0.0000
          Metrics/angular_momentum_mean: 0.0119
                  Metrics/air_time_mean: 0.0403
               Metrics/peak_height_mean: 0.0091
             Metrics/slip_velocity_mean: 0.2861
--------------------------------------------------------------------------------
                         Iteration time: 2.10s
                           Time elapsed: 00:06:30
                                    ETA: 00:07:12

################################################################################
[1m                           Learning iteration 190/400                           [0m 

                               Run name: hls2909-fix7
                            Total steps: 18776064 
                       Steps per second: 47300 
                        Collection time: 1.930s 
                          Learning time: 0.148s 
                        Mean value loss: 0.0223
                    Mean surrogate loss: -0.0203
                      Mean entropy loss: 11.1970
                            Mean reward: 0.45
                    Mean episode length: 28.36
                        Mean action std: 0.54
   Episode_Reward/track_linear_velocity: 0.0175
  Episode_Reward/track_angular_velocity: 0.0002
                 Episode_Reward/upright: 0.0196
                    Episode_Reward/pose: 0.0038
            Episode_Reward/body_ang_vel: -0.0367
        Episode_Reward/angular_momentum: -0.0000
          Episode_Reward/dof_pos_limits: -0.0027
          Episode_Reward/action_rate_l2: -0.0165
                Episode_Reward/air_time: 0.0040
          Episode_Reward/foot_clearance: -0.0005
       Episode_Reward/foot_swing_height: -0.0016
               Episode_Reward/foot_slip: -0.0002
         Episode_Reward/self_collisions: -0.0008
      Episode_Reward/head_pose_tracking: 0.0376
      Episode_Reward/body_pose_tracking: 0.0000
          Episode_Reward/head_pose_bias: 0.0000
        Episode_Metrics/mean_action_acc: 0.8059
          Curriculum/action_rate_weight: -0.1000
               Curriculum/standing_envs: 0.0200
             Curriculum/head_pose_range: 0.0700
             Curriculum/body_pose_range: 0.0500
                   Curriculum/com_range: 0.0030
              Curriculum/head_com_range: 0.0030
       Curriculum/head_pose_bias_weight: 0.0000
             Metrics/twist/error_vel_xy: 0.0245
            Metrics/twist/error_vel_yaw: 0.1973
           Episode_Termination/time_out: 0.0000
          Episode_Termination/fell_over: 146.0000
Episode_Termination/out_of_terrain_bounds: 0.0000
          Episode_Termination/nan_state: 0.0000
          Metrics/angular_momentum_mean: 0.0119
                  Metrics/air_time_mean: 0.0399
               Metrics/peak_height_mean: 0.0090
             Metrics/slip_velocity_mean: 0.2843
--------------------------------------------------------------------------------
                         Iteration time: 2.08s
                           Time elapsed: 00:06:32
                                    ETA: 00:07:09

################################################################################
[1m                           Learning iteration 191/400                           [0m 

                               Run name: hls2909-fix7
                            Total steps: 18874368 
                       Steps per second: 45565 
                        Collection time: 1.989s 
                          Learning time: 0.169s 
                        Mean value loss: 0.0231
                    Mean surrogate loss: -0.0203
                      Mean entropy loss: 11.1998
                            Mean reward: 0.40
                    Mean episode length: 27.67
                        Mean action std: 0.54
   Episode_Reward/track_linear_velocity: 0.0180
  Episode_Reward/track_angular_velocity: 0.0002
                 Episode_Reward/upright: 0.0196
                    Episode_Reward/pose: 0.0038
            Episode_Reward/body_ang_vel: -0.0369
        Episode_Reward/angular_momentum: -0.0000
          Episode_Reward/dof_pos_limits: -0.0026
          Episode_Reward/action_rate_l2: -0.0166
                Episode_Reward/air_time: 0.0040
          Episode_Reward/foot_clearance: -0.0005
       Episode_Reward/foot_swing_height: -0.0016
               Episode_Reward/foot_slip: -0.0002
         Episode_Reward/self_collisions: -0.0009
      Episode_Reward/head_pose_tracking: 0.0377
      Episode_Reward/body_pose_tracking: 0.0000
          Episode_Reward/head_pose_bias: 0.0000
        Episode_Metrics/mean_action_acc: 0.8053
          Curriculum/action_rate_weight: -0.1000
               Curriculum/standing_envs: 0.0200
             Curriculum/head_pose_range: 0.0700
             Curriculum/body_pose_range: 0.0500
                   Curriculum/com_range: 0.0030
              Curriculum/head_com_range: 0.0030
       Curriculum/head_pose_bias_weight: 0.0000
             Metrics/twist/error_vel_xy: 0.0242
            Metrics/twist/error_vel_yaw: 0.1956
           Episode_Termination/time_out: 0.0000
          Episode_Termination/fell_over: 145.9583
Episode_Termination/out_of_terrain_bounds: 0.0000
          Episode_Termination/nan_state: 0.0000
          Metrics/angular_momentum_mean: 0.0119
                  Metrics/air_time_mean: 0.0404
               Metrics/peak_height_mean: 0.0089
             Metrics/slip_velocity_mean: 0.2849
--------------------------------------------------------------------------------
                         Iteration time: 2.16s
                           Time elapsed: 00:06:35
                                    ETA: 00:07:08

################################################################################
[1m                           Learning iteration 192/400                           [0m 

                               Run name: hls2909-fix7
                            Total steps: 18972672 
                       Steps per second: 47162 
                        Collection time: 1.934s 
                          Learning time: 0.151s 
                        Mean value loss: 0.0232
                    Mean surrogate loss: -0.0201
                      Mean entropy loss: 11.2077
                            Mean reward: 0.52
                    Mean episode length: 29.01
                        Mean action std: 0.54
   Episode_Reward/track_linear_velocity: 0.0176
  Episode_Reward/track_angular_velocity: 0.0002
                 Episode_Reward/upright: 0.0195
                    Episode_Reward/pose: 0.0039
            Episode_Reward/body_ang_vel: -0.0367
        Episode_Reward/angular_momentum: -0.0000
          Episode_Reward/dof_pos_limits: -0.0027
          Episode_Reward/action_rate_l2: -0.0165
                Episode_Reward/air_time: 0.0041
          Episode_Reward/foot_clearance: -0.0005
       Episode_Reward/foot_swing_height: -0.0016
               Episode_Reward/foot_slip: -0.0002
         Episode_Reward/self_collisions: -0.0007
      Episode_Reward/head_pose_tracking: 0.0376
      Episode_Reward/body_pose_tracking: 0.0000
          Episode_Reward/head_pose_bias: 0.0000
        Episode_Metrics/mean_action_acc: 0.8052
          Curriculum/action_rate_weight: -0.1000
               Curriculum/standing_envs: 0.0200
             Curriculum/head_pose_range: 0.0700
             Curriculum/body_pose_range: 0.0500
                   Curriculum/com_range: 0.0030
              Curriculum/head_com_range: 0.0030
       Curriculum/head_pose_bias_weight: 0.0000
             Metrics/twist/error_vel_xy: 0.0245
            Metrics/twist/error_vel_yaw: 0.1954
           Episode_Termination/time_out: 0.0000
          Episode_Termination/fell_over: 146.7083
Episode_Termination/out_of_terrain_bounds: 0.0000
          Episode_Termination/nan_state: 0.0000
          Metrics/angular_momentum_mean: 0.0119
                  Metrics/air_time_mean: 0.0401
               Metrics/peak_height_mean: 0.0090
             Metrics/slip_velocity_mean: 0.2843
--------------------------------------------------------------------------------
                         Iteration time: 2.08s
                           Time elapsed: 00:06:37
                                    ETA: 00:07:05

################################################################################
[1m                           Learning iteration 193/400                           [0m 

                               Run name: hls2909-fix7
                            Total steps: 19070976 
                       Steps per second: 45903 
                        Collection time: 1.990s 
                          Learning time: 0.152s 
                        Mean value loss: 0.0228
                    Mean surrogate loss: -0.0193
                      Mean entropy loss: 11.2132
                            Mean reward: 0.54
                    Mean episode length: 28.24
                        Mean action std: 0.54
   Episode_Reward/track_linear_velocity: 0.0178
  Episode_Reward/track_angular_velocity: 0.0002
                 Episode_Reward/upright: 0.0196
                    Episode_Reward/pose: 0.0038
            Episode_Reward/body_ang_vel: -0.0368
        Episode_Reward/angular_momentum: -0.0000
          Episode_Reward/dof_pos_limits: -0.0027
          Episode_Reward/action_rate_l2: -0.0166
                Episode_Reward/air_time: 0.0040
          Episode_Reward/foot_clearance: -0.0005
       Episode_Reward/foot_swing_height: -0.0016
               Episode_Reward/foot_slip: -0.0002
         Episode_Reward/self_collisions: -0.0008
      Episode_Reward/head_pose_tracking: 0.0377
      Episode_Reward/body_pose_tracking: 0.0000
          Episode_Reward/head_pose_bias: 0.0000
        Episode_Metrics/mean_action_acc: 0.8047
          Curriculum/action_rate_weight: -0.1000
               Curriculum/standing_envs: 0.0200
             Curriculum/head_pose_range: 0.0700
             Curriculum/body_pose_range: 0.0500
                   Curriculum/com_range: 0.0030
              Curriculum/head_com_range: 0.0030
       Curriculum/head_pose_bias_weight: 0.0000
             Metrics/twist/error_vel_xy: 0.0245
            Metrics/twist/error_vel_yaw: 0.1946
           Episode_Termination/time_out: 0.0000
          Episode_Termination/fell_over: 146.2083
Episode_Termination/out_of_terrain_bounds: 0.0000
          Episode_Termination/nan_state: 0.0000
          Metrics/angular_momentum_mean: 0.0119
                  Metrics/air_time_mean: 0.0406
               Metrics/peak_height_mean: 0.0090
             Metrics/slip_velocity_mean: 0.2857
--------------------------------------------------------------------------------
                         Iteration time: 2.14s
                           Time elapsed: 00:06:39
                                    ETA: 00:07:04

################################################################################
[1m                           Learning iteration 194/400                           [0m 

                               Run name: hls2909-fix7
                            Total steps: 19169280 
                       Steps per second: 46448 
                        Collection time: 1.959s 
                          Learning time: 0.157s 
                        Mean value loss: 0.0226
                    Mean surrogate loss: -0.0197
                      Mean entropy loss: 11.2233
                            Mean reward: 0.50
                    Mean episode length: 27.13
                        Mean action std: 0.54
   Episode_Reward/track_linear_velocity: 0.0180
  Episode_Reward/track_angular_velocity: 0.0002
                 Episode_Reward/upright: 0.0196
                    Episode_Reward/pose: 0.0038
            Episode_Reward/body_ang_vel: -0.0369
        Episode_Reward/angular_momentum: -0.0000
          Episode_Reward/dof_pos_limits: -0.0027
          Episode_Reward/action_rate_l2: -0.0166
                Episode_Reward/air_time: 0.0043
          Episode_Reward/foot_clearance: -0.0005
       Episode_Reward/foot_swing_height: -0.0016
               Episode_Reward/foot_slip: -0.0002
         Episode_Reward/self_collisions: -0.0007
      Episode_Reward/head_pose_tracking: 0.0376
      Episode_Reward/body_pose_tracking: 0.0000
          Episode_Reward/head_pose_bias: 0.0000
        Episode_Metrics/mean_action_acc: 0.8039
          Curriculum/action_rate_weight: -0.1000
               Curriculum/standing_envs: 0.0200
             Curriculum/head_pose_range: 0.0700
             Curriculum/body_pose_range: 0.0500
                   Curriculum/com_range: 0.0030
              Curriculum/head_com_range: 0.0030
       Curriculum/head_pose_bias_weight: 0.0000
             Metrics/twist/error_vel_xy: 0.0246
            Metrics/twist/error_vel_yaw: 0.1953
           Episode_Termination/time_out: 0.0000
          Episode_Termination/fell_over: 146.0000
Episode_Termination/out_of_terrain_bounds: 0.0000
          Episode_Termination/nan_state: 0.0000
          Metrics/angular_momentum_mean: 0.0119
                  Metrics/air_time_mean: 0.0403
               Metrics/peak_height_mean: 0.0090
             Metrics/slip_velocity_mean: 0.2845
--------------------------------------------------------------------------------
                         Iteration time: 2.12s
                           Time elapsed: 00:06:41
                                    ETA: 00:07:02

################################################################################
[1m                           Learning iteration 195/400                           [0m 

                               Run name: hls2909-fix7
                            Total steps: 19267584 
                       Steps per second: 47097 
                        Collection time: 1.935s 
                          Learning time: 0.152s 
                        Mean value loss: 0.0225
                    Mean surrogate loss: -0.0200
                      Mean entropy loss: 11.2222
                            Mean reward: 0.42
                    Mean episode length: 27.67
                        Mean action std: 0.54
   Episode_Reward/track_linear_velocity: 0.0177
  Episode_Reward/track_angular_velocity: 0.0002
                 Episode_Reward/upright: 0.0196
                    Episode_Reward/pose: 0.0038
            Episode_Reward/body_ang_vel: -0.0369
        Episode_Reward/angular_momentum: -0.0000
          Episode_Reward/dof_pos_limits: -0.0027
          Episode_Reward/action_rate_l2: -0.0166
                Episode_Reward/air_time: 0.0041
          Episode_Reward/foot_clearance: -0.0005
       Episode_Reward/foot_swing_height: -0.0016
               Episode_Reward/foot_slip: -0.0002
         Episode_Reward/self_collisions: -0.0008
      Episode_Reward/head_pose_tracking: 0.0377
      Episode_Reward/body_pose_tracking: 0.0000
          Episode_Reward/head_pose_bias: 0.0000
        Episode_Metrics/mean_action_acc: 0.8044
          Curriculum/action_rate_weight: -0.1000
               Curriculum/standing_envs: 0.0200
             Curriculum/head_pose_range: 0.0700
             Curriculum/body_pose_range: 0.0500
                   Curriculum/com_range: 0.0030
              Curriculum/head_com_range: 0.0030
       Curriculum/head_pose_bias_weight: 0.0000
             Metrics/twist/error_vel_xy: 0.0244
            Metrics/twist/error_vel_yaw: 0.1998
           Episode_Termination/time_out: 0.0000
          Episode_Termination/fell_over: 145.0833
Episode_Termination/out_of_terrain_bounds: 0.0000
          Episode_Termination/nan_state: 0.0000
          Metrics/angular_momentum_mean: 0.0119
                  Metrics/air_time_mean: 0.0401
               Metrics/peak_height_mean: 0.0090
             Metrics/slip_velocity_mean: 0.2861
--------------------------------------------------------------------------------
                         Iteration time: 2.09s
                           Time elapsed: 00:06:43
                                    ETA: 00:07:00

################################################################################
[1m                           Learning iteration 196/400                           [0m 

                               Run name: hls2909-fix7
                            Total steps: 19365888 
                       Steps per second: 45115 
                        Collection time: 2.024s 
                          Learning time: 0.155s 
                        Mean value loss: 0.0230
                    Mean surrogate loss: -0.0203
                      Mean entropy loss: 11.2227
                            Mean reward: 0.43
                    Mean episode length: 28.76
                        Mean action std: 0.54
   Episode_Reward/track_linear_velocity: 0.0175
  Episode_Reward/track_angular_velocity: 0.0002
                 Episode_Reward/upright: 0.0199
                    Episode_Reward/pose: 0.0038
            Episode_Reward/body_ang_vel: -0.0375
        Episode_Reward/angular_momentum: -0.0000
          Episode_Reward/dof_pos_limits: -0.0026
          Episode_Reward/action_rate_l2: -0.0166
                Episode_Reward/air_time: 0.0041
          Episode_Reward/foot_clearance: -0.0005
       Episode_Reward/foot_swing_height: -0.0016
               Episode_Reward/foot_slip: -0.0002
         Episode_Reward/self_collisions: -0.0008
      Episode_Reward/head_pose_tracking: 0.0380
      Episode_Reward/body_pose_tracking: 0.0000
          Episode_Reward/head_pose_bias: 0.0000
        Episode_Metrics/mean_action_acc: 0.8050
          Curriculum/action_rate_weight: -0.1000
               Curriculum/standing_envs: 0.0200
             Curriculum/head_pose_range: 0.0700
             Curriculum/body_pose_range: 0.0500
                   Curriculum/com_range: 0.0030
              Curriculum/head_com_range: 0.0030
       Curriculum/head_pose_bias_weight: 0.0000
             Metrics/twist/error_vel_xy: 0.0249
            Metrics/twist/error_vel_yaw: 0.1980
           Episode_Termination/time_out: 0.0000
          Episode_Termination/fell_over: 144.7083
Episode_Termination/out_of_terrain_bounds: 0.0000
          Episode_Termination/nan_state: 0.0000
          Metrics/angular_momentum_mean: 0.0120
                  Metrics/air_time_mean: 0.0404
               Metrics/peak_height_mean: 0.0090
             Metrics/slip_velocity_mean: 0.2863
--------------------------------------------------------------------------------
                         Iteration time: 2.18s
                           Time elapsed: 00:06:45
                                    ETA: 00:06:58

################################################################################
[1m                           Learning iteration 197/400                           [0m 

                               Run name: hls2909-fix7
                            Total steps: 19464192 
                       Steps per second: 46178 
                        Collection time: 1.980s 
                          Learning time: 0.149s 
                        Mean value loss: 0.0234
                    Mean surrogate loss: -0.0203
                      Mean entropy loss: 11.2238
                            Mean reward: 0.47
                    Mean episode length: 27.90
                        Mean action std: 0.54
   Episode_Reward/track_linear_velocity: 0.0179
  Episode_Reward/track_angular_velocity: 0.0002
                 Episode_Reward/upright: 0.0195
                    Episode_Reward/pose: 0.0038
            Episode_Reward/body_ang_vel: -0.0377
        Episode_Reward/angular_momentum: -0.0000
          Episode_Reward/dof_pos_limits: -0.0027
          Episode_Reward/action_rate_l2: -0.0166
                Episode_Reward/air_time: 0.0042
          Episode_Reward/foot_clearance: -0.0005
       Episode_Reward/foot_swing_height: -0.0016
               Episode_Reward/foot_slip: -0.0002
         Episode_Reward/self_collisions: -0.0008
      Episode_Reward/head_pose_tracking: 0.0377
      Episode_Reward/body_pose_tracking: 0.0000
          Episode_Reward/head_pose_bias: 0.0000
        Episode_Metrics/mean_action_acc: 0.8031
          Curriculum/action_rate_weight: -0.1000
               Curriculum/standing_envs: 0.0200
             Curriculum/head_pose_range: 0.0700
             Curriculum/body_pose_range: 0.0500
                   Curriculum/com_range: 0.0030
              Curriculum/head_com_range: 0.0030
       Curriculum/head_pose_bias_weight: 0.0000
             Metrics/twist/error_vel_xy: 0.0246
            Metrics/twist/error_vel_yaw: 0.2003
           Episode_Termination/time_out: 0.0000
          Episode_Termination/fell_over: 145.7917
Episode_Termination/out_of_terrain_bounds: 0.0000
          Episode_Termination/nan_state: 0.0000
          Metrics/angular_momentum_mean: 0.0119
                  Metrics/air_time_mean: 0.0404
               Metrics/peak_height_mean: 0.0090
             Metrics/slip_velocity_mean: 0.2857
--------------------------------------------------------------------------------
                         Iteration time: 2.13s
                           Time elapsed: 00:06:47
                                    ETA: 00:06:56

################################################################################
[1m                           Learning iteration 198/400                           [0m 

                               Run name: hls2909-fix7
                            Total steps: 19562496 
                       Steps per second: 47299 
                        Collection time: 1.928s 
                          Learning time: 0.150s 
                        Mean value loss: 0.0232
                    Mean surrogate loss: -0.0197
                      Mean entropy loss: 11.2304
                            Mean reward: 0.47
                    Mean episode length: 28.87
                        Mean action std: 0.54
   Episode_Reward/track_linear_velocity: 0.0178
  Episode_Reward/track_angular_velocity: 0.0002
                 Episode_Reward/upright: 0.0196
                    Episode_Reward/pose: 0.0038
            Episode_Reward/body_ang_vel: -0.0374
        Episode_Reward/angular_momentum: -0.0000
          Episode_Reward/dof_pos_limits: -0.0027
          Episode_Reward/action_rate_l2: -0.0166
                Episode_Reward/air_time: 0.0040
          Episode_Reward/foot_clearance: -0.0005
       Episode_Reward/foot_swing_height: -0.0016
               Episode_Reward/foot_slip: -0.0002
         Episode_Reward/self_collisions: -0.0007
      Episode_Reward/head_pose_tracking: 0.0378
      Episode_Reward/body_pose_tracking: 0.0000
          Episode_Reward/head_pose_bias: 0.0000
        Episode_Metrics/mean_action_acc: 0.8040
          Curriculum/action_rate_weight: -0.1000
               Curriculum/standing_envs: 0.0200
             Curriculum/head_pose_range: 0.0700
             Curriculum/body_pose_range: 0.0500
                   Curriculum/com_range: 0.0030
              Curriculum/head_com_range: 0.0030
       Curriculum/head_pose_bias_weight: 0.0000
             Metrics/twist/error_vel_xy: 0.0247
            Metrics/twist/error_vel_yaw: 0.1970
           Episode_Termination/time_out: 0.0000
          Episode_Termination/fell_over: 146.3750
Episode_Termination/out_of_terrain_bounds: 0.0000
          Episode_Termination/nan_state: 0.0000
          Metrics/angular_momentum_mean: 0.0120
                  Metrics/air_time_mean: 0.0404
               Metrics/peak_height_mean: 0.0092
             Metrics/slip_velocity_mean: 0.2845
--------------------------------------------------------------------------------
                         Iteration time: 2.08s
                           Time elapsed: 00:06:49
                                    ETA: 00:06:54

################################################################################
[1m                           Learning iteration 199/400                           [0m 

                               Run name: hls2909-fix7
                            Total steps: 19660800 
                       Steps per second: 47459 
                        Collection time: 1.920s 
                          Learning time: 0.152s 
                        Mean value loss: 0.0227
                    Mean surrogate loss: -0.0186
                      Mean entropy loss: 11.2191
                            Mean reward: 0.54
                    Mean episode length: 28.21
                        Mean action std: 0.54
   Episode_Reward/track_linear_velocity: 0.0179
  Episode_Reward/track_angular_velocity: 0.0002
                 Episode_Reward/upright: 0.0191
                    Episode_Reward/pose: 0.0038
            Episode_Reward/body_ang_vel: -0.0374
        Episode_Reward/angular_momentum: -0.0000
          Episode_Reward/dof_pos_limits: -0.0026
          Episode_Reward/action_rate_l2: -0.0165
                Episode_Reward/air_time: 0.0041
          Episode_Reward/foot_clearance: -0.0005
       Episode_Reward/foot_swing_height: -0.0016
               Episode_Reward/foot_slip: -0.0002
         Episode_Reward/self_collisions: -0.0007
      Episode_Reward/head_pose_tracking: 0.0377
      Episode_Reward/body_pose_tracking: 0.0000
          Episode_Reward/head_pose_bias: 0.0000
        Episode_Metrics/mean_action_acc: 0.8031
          Curriculum/action_rate_weight: -0.1000
               Curriculum/standing_envs: 0.0200
             Curriculum/head_pose_range: 0.0700
             Curriculum/body_pose_range: 0.0500
                   Curriculum/com_range: 0.0030
              Curriculum/head_com_range: 0.0030
       Curriculum/head_pose_bias_weight: 0.0000
             Metrics/twist/error_vel_xy: 0.0240
            Metrics/twist/error_vel_yaw: 0.1941
           Episode_Termination/time_out: 0.0000
          Episode_Termination/fell_over: 145.2500
Episode_Termination/out_of_terrain_bounds: 0.0000
          Episode_Termination/nan_state: 0.0000
          Metrics/angular_momentum_mean: 0.0119
                  Metrics/air_time_mean: 0.0402
               Metrics/peak_height_mean: 0.0090
             Metrics/slip_velocity_mean: 0.2852
--------------------------------------------------------------------------------
                         Iteration time: 2.07s
                           Time elapsed: 00:06:51
                                    ETA: 00:06:51

################################################################################
[1m                           Learning iteration 200/400                           [0m 

                               Run name: hls2909-fix7
                            Total steps: 19759104 
                       Steps per second: 48115 
                        Collection time: 1.895s 
                          Learning time: 0.149s 
                        Mean value loss: 0.0232
                    Mean surrogate loss: -0.0207
                      Mean entropy loss: 11.2103
                            Mean reward: 0.53
                    Mean episode length: 28.65
                        Mean action std: 0.54
   Episode_Reward/track_linear_velocity: 0.0178
  Episode_Reward/track_angular_velocity: 0.0002
                 Episode_Reward/upright: 0.0196
                    Episode_Reward/pose: 0.0038
            Episode_Reward/body_ang_vel: -0.0367
        Episode_Reward/angular_momentum: -0.0000
          Episode_Reward/dof_pos_limits: -0.0027
          Episode_Reward/action_rate_l2: -0.0166
                Episode_Reward/air_time: 0.0041
          Episode_Reward/foot_clearance: -0.0005
       Episode_Reward/foot_swing_height: -0.0016
               Episode_Reward/foot_slip: -0.0002
         Episode_Reward/self_collisions: -0.0007
      Episode_Reward/head_pose_tracking: 0.0377
      Episode_Reward/body_pose_tracking: 0.0000
          Episode_Reward/head_pose_bias: 0.0000
        Episode_Metrics/mean_action_acc: 0.8031
          Curriculum/action_rate_weight: -0.1000
               Curriculum/standing_envs: 0.0200
             Curriculum/head_pose_range: 0.0700
             Curriculum/body_pose_range: 0.0500
                   Curriculum/com_range: 0.0030
              Curriculum/head_com_range: 0.0030
       Curriculum/head_pose_bias_weight: 0.0000
             Metrics/twist/error_vel_xy: 0.0245
            Metrics/twist/error_vel_yaw: 0.1969
           Episode_Termination/time_out: 0.0000
          Episode_Termination/fell_over: 145.4167
Episode_Termination/out_of_terrain_bounds: 0.0000
          Episode_Termination/nan_state: 0.0000
          Metrics/angular_momentum_mean: 0.0118
                  Metrics/air_time_mean: 0.0404
               Metrics/peak_height_mean: 0.0090
             Metrics/slip_velocity_mean: 0.2846
--------------------------------------------------------------------------------
                         Iteration time: 2.04s
                           Time elapsed: 00:06:54
                                    ETA: 00:06:49

################################################################################
[1m                           Learning iteration 201/400                           [0m 

                               Run name: hls2909-fix7
                            Total steps: 19857408 
                       Steps per second: 48335 
                        Collection time: 1.881s 
                          Learning time: 0.153s 
                        Mean value loss: 0.0228
                    Mean surrogate loss: -0.0208
                      Mean entropy loss: 11.2084
                            Mean reward: 0.43
                    Mean episode length: 28.07
                        Mean action std: 0.54
   Episode_Reward/track_linear_velocity: 0.0181
  Episode_Reward/track_angular_velocity: 0.0002
                 Episode_Reward/upright: 0.0194
                    Episode_Reward/pose: 0.0038
            Episode_Reward/body_ang_vel: -0.0374
        Episode_Reward/angular_momentum: -0.0000
          Episode_Reward/dof_pos_limits: -0.0027
          Episode_Reward/action_rate_l2: -0.0166
                Episode_Reward/air_time: 0.0042
          Episode_Reward/foot_clearance: -0.0005
       Episode_Reward/foot_swing_height: -0.0016
               Episode_Reward/foot_slip: -0.0002
         Episode_Reward/self_collisions: -0.0007
      Episode_Reward/head_pose_tracking: 0.0380
      Episode_Reward/body_pose_tracking: 0.0000
          Episode_Reward/head_pose_bias: 0.0000
        Episode_Metrics/mean_action_acc: 0.8042
          Curriculum/action_rate_weight: -0.1000
               Curriculum/standing_envs: 0.0200
             Curriculum/head_pose_range: 0.0700
             Curriculum/body_pose_range: 0.0500
                   Curriculum/com_range: 0.0030
              Curriculum/head_com_range: 0.0030
       Curriculum/head_pose_bias_weight: 0.0000
             Metrics/twist/error_vel_xy: 0.0244
            Metrics/twist/error_vel_yaw: 0.1972
           Episode_Termination/time_out: 0.0000
          Episode_Termination/fell_over: 146.2917
Episode_Termination/out_of_terrain_bounds: 0.0000
          Episode_Termination/nan_state: 0.0000
          Metrics/angular_momentum_mean: 0.0120
                  Metrics/air_time_mean: 0.0404
               Metrics/peak_height_mean: 0.0090
             Metrics/slip_velocity_mean: 0.2866
--------------------------------------------------------------------------------
                         Iteration time: 2.03s
                           Time elapsed: 00:06:56
                                    ETA: 00:06:47

################################################################################
[1m                           Learning iteration 202/400                           [0m 

                               Run name: hls2909-fix7
                            Total steps: 19955712 
                       Steps per second: 46549 
                        Collection time: 1.962s 
                          Learning time: 0.149s 
                        Mean value loss: 0.0233
                    Mean surrogate loss: -0.0184
                      Mean entropy loss: 11.2171
                            Mean reward: 0.41
                    Mean episode length: 28.01
                        Mean action std: 0.54
   Episode_Reward/track_linear_velocity: 0.0178
  Episode_Reward/track_angular_velocity: 0.0002
                 Episode_Reward/upright: 0.0195
                    Episode_Reward/pose: 0.0038
            Episode_Reward/body_ang_vel: -0.0374
        Episode_Reward/angular_momentum: -0.0000
          Episode_Reward/dof_pos_limits: -0.0026
          Episode_Reward/action_rate_l2: -0.0165
                Episode_Reward/air_time: 0.0042
          Episode_Reward/foot_clearance: -0.0005
       Episode_Reward/foot_swing_height: -0.0016
               Episode_Reward/foot_slip: -0.0002
         Episode_Reward/self_collisions: -0.0007
      Episode_Reward/head_pose_tracking: 0.0376
      Episode_Reward/body_pose_tracking: 0.0000
          Episode_Reward/head_pose_bias: 0.0000
        Episode_Metrics/mean_action_acc: 0.8017
          Curriculum/action_rate_weight: -0.1000
               Curriculum/standing_envs: 0.0200
             Curriculum/head_pose_range: 0.0700
             Curriculum/body_pose_range: 0.0500
                   Curriculum/com_range: 0.0030
              Curriculum/head_com_range: 0.0030
       Curriculum/head_pose_bias_weight: 0.0000
             Metrics/twist/error_vel_xy: 0.0244
            Metrics/twist/error_vel_yaw: 0.1942
           Episode_Termination/time_out: 0.0000
          Episode_Termination/fell_over: 147.0000
Episode_Termination/out_of_terrain_bounds: 0.0000
          Episode_Termination/nan_state: 0.0000
          Metrics/angular_momentum_mean: 0.0120
                  Metrics/air_time_mean: 0.0407
               Metrics/peak_height_mean: 0.0091
             Metrics/slip_velocity_mean: 0.2850
--------------------------------------------------------------------------------
                         Iteration time: 2.11s
                           Time elapsed: 00:06:58
                                    ETA: 00:06:45

################################################################################
[1m                           Learning iteration 203/400                           [0m 

                               Run name: hls2909-fix7
                            Total steps: 20054016 
                       Steps per second: 47151 
                        Collection time: 1.934s 
                          Learning time: 0.151s 
                        Mean value loss: 0.0227
                    Mean surrogate loss: -0.0200
                      Mean entropy loss: 11.2206
                            Mean reward: 0.53
                    Mean episode length: 27.80
                        Mean action std: 0.54
   Episode_Reward/track_linear_velocity: 0.0179
  Episode_Reward/track_angular_velocity: 0.0002
                 Episode_Reward/upright: 0.0195
                    Episode_Reward/pose: 0.0038
            Episode_Reward/body_ang_vel: -0.0368
        Episode_Reward/angular_momentum: -0.0000
          Episode_Reward/dof_pos_limits: -0.0026
          Episode_Reward/action_rate_l2: -0.0164
                Episode_Reward/air_time: 0.0041
          Episode_Reward/foot_clearance: -0.0005
       Episode_Reward/foot_swing_height: -0.0016
               Episode_Reward/foot_slip: -0.0002
         Episode_Reward/self_collisions: -0.0008
      Episode_Reward/head_pose_tracking: 0.0376
      Episode_Reward/body_pose_tracking: 0.0000
          Episode_Reward/head_pose_bias: 0.0000
        Episode_Metrics/mean_action_acc: 0.7999
          Curriculum/action_rate_weight: -0.1000
               Curriculum/standing_envs: 0.0200
             Curriculum/head_pose_range: 0.0700
             Curriculum/body_pose_range: 0.0500
                   Curriculum/com_range: 0.0030
              Curriculum/head_com_range: 0.0030
       Curriculum/head_pose_bias_weight: 0.0000
             Metrics/twist/error_vel_xy: 0.0243
            Metrics/twist/error_vel_yaw: 0.1935
           Episode_Termination/time_out: 0.0000
          Episode_Termination/fell_over: 148.2083
Episode_Termination/out_of_terrain_bounds: 0.0000
          Episode_Termination/nan_state: 0.0000
          Metrics/angular_momentum_mean: 0.0120
                  Metrics/air_time_mean: 0.0403
               Metrics/peak_height_mean: 0.0090
             Metrics/slip_velocity_mean: 0.2858
--------------------------------------------------------------------------------
                         Iteration time: 2.08s
                           Time elapsed: 00:07:00
                                    ETA: 00:06:43

################################################################################
[1m                           Learning iteration 204/400                           [0m 

                               Run name: hls2909-fix7
                            Total steps: 20152320 
                       Steps per second: 46904 
                        Collection time: 1.941s 
                          Learning time: 0.155s 
                        Mean value loss: 0.0235
                    Mean surrogate loss: -0.0181
                      Mean entropy loss: 11.2208
                            Mean reward: 0.47
                    Mean episode length: 28.83
                        Mean action std: 0.54
   Episode_Reward/track_linear_velocity: 0.0177
  Episode_Reward/track_angular_velocity: 0.0002
                 Episode_Reward/upright: 0.0196
                    Episode_Reward/pose: 0.0038
            Episode_Reward/body_ang_vel: -0.0371
        Episode_Reward/angular_momentum: -0.0000
          Episode_Reward/dof_pos_limits: -0.0025
          Episode_Reward/action_rate_l2: -0.0164
                Episode_Reward/air_time: 0.0040
          Episode_Reward/foot_clearance: -0.0005
       Episode_Reward/foot_swing_height: -0.0016
               Episode_Reward/foot_slip: -0.0002
         Episode_Reward/self_collisions: -0.0007
      Episode_Reward/head_pose_tracking: 0.0376
      Episode_Reward/body_pose_tracking: 0.0000
          Episode_Reward/head_pose_bias: 0.0000
        Episode_Metrics/mean_action_acc: 0.8002
          Curriculum/action_rate_weight: -0.1000
               Curriculum/standing_envs: 0.0200
             Curriculum/head_pose_range: 0.0700
             Curriculum/body_pose_range: 0.0500
                   Curriculum/com_range: 0.0030
              Curriculum/head_com_range: 0.0030
       Curriculum/head_pose_bias_weight: 0.0000
             Metrics/twist/error_vel_xy: 0.0244
            Metrics/twist/error_vel_yaw: 0.1949
           Episode_Termination/time_out: 0.0000
          Episode_Termination/fell_over: 145.2917
Episode_Termination/out_of_terrain_bounds: 0.0000
          Episode_Termination/nan_state: 0.0000
          Metrics/angular_momentum_mean: 0.0120
                  Metrics/air_time_mean: 0.0403
               Metrics/peak_height_mean: 0.0090
             Metrics/slip_velocity_mean: 0.2876
--------------------------------------------------------------------------------
                         Iteration time: 2.10s
                           Time elapsed: 00:07:02
                                    ETA: 00:06:41

################################################################################
[1m                           Learning iteration 205/400                           [0m 

                               Run name: hls2909-fix7
                            Total steps: 20250624 
                       Steps per second: 46963 
                        Collection time: 1.939s 
                          Learning time: 0.154s 
                        Mean value loss: 0.0235
                    Mean surrogate loss: -0.0198
                      Mean entropy loss: 11.2243
                            Mean reward: 0.52
                    Mean episode length: 28.22
                        Mean action std: 0.54
   Episode_Reward/track_linear_velocity: 0.0178
  Episode_Reward/track_angular_velocity: 0.0002
                 Episode_Reward/upright: 0.0194
                    Episode_Reward/pose: 0.0038
            Episode_Reward/body_ang_vel: -0.0371
        Episode_Reward/angular_momentum: -0.0000
          Episode_Reward/dof_pos_limits: -0.0026
          Episode_Reward/action_rate_l2: -0.0165
                Episode_Reward/air_time: 0.0042
          Episode_Reward/foot_clearance: -0.0005
       Episode_Reward/foot_swing_height: -0.0016
               Episode_Reward/foot_slip: -0.0002
         Episode_Reward/self_collisions: -0.0007
      Episode_Reward/head_pose_tracking: 0.0378
      Episode_Reward/body_pose_tracking: 0.0000
          Episode_Reward/head_pose_bias: 0.0000
        Episode_Metrics/mean_action_acc: 0.8015
          Curriculum/action_rate_weight: -0.1000
               Curriculum/standing_envs: 0.0200
             Curriculum/head_pose_range: 0.0700
             Curriculum/body_pose_range: 0.0500
                   Curriculum/com_range: 0.0030
              Curriculum/head_com_range: 0.0030
       Curriculum/head_pose_bias_weight: 0.0000
             Metrics/twist/error_vel_xy: 0.0243
            Metrics/twist/error_vel_yaw: 0.1968
           Episode_Termination/time_out: 0.0000
          Episode_Termination/fell_over: 146.4167
Episode_Termination/out_of_terrain_bounds: 0.0000
          Episode_Termination/nan_state: 0.0000
          Metrics/angular_momentum_mean: 0.0120
                  Metrics/air_time_mean: 0.0406
               Metrics/peak_height_mean: 0.0090
             Metrics/slip_velocity_mean: 0.2856
--------------------------------------------------------------------------------
                         Iteration time: 2.09s
                           Time elapsed: 00:07:04
                                    ETA: 00:06:39

################################################################################
[1m                           Learning iteration 206/400                           [0m 

                               Run name: hls2909-fix7
                            Total steps: 20348928 
                       Steps per second: 47436 
                        Collection time: 1.916s 
                          Learning time: 0.156s 
                        Mean value loss: 0.0222
                    Mean surrogate loss: -0.0210
                      Mean entropy loss: 11.2225
                            Mean reward: 0.42
                    Mean episode length: 28.44
                        Mean action std: 0.54
   Episode_Reward/track_linear_velocity: 0.0180
  Episode_Reward/track_angular_velocity: 0.0002
                 Episode_Reward/upright: 0.0194
                    Episode_Reward/pose: 0.0038
            Episode_Reward/body_ang_vel: -0.0373
        Episode_Reward/angular_momentum: -0.0000
          Episode_Reward/dof_pos_limits: -0.0027
          Episode_Reward/action_rate_l2: -0.0165
                Episode_Reward/air_time: 0.0042
          Episode_Reward/foot_clearance: -0.0005
       Episode_Reward/foot_swing_height: -0.0016
               Episode_Reward/foot_slip: -0.0002
         Episode_Reward/self_collisions: -0.0007
      Episode_Reward/head_pose_tracking: 0.0377
      Episode_Reward/body_pose_tracking: 0.0000
          Episode_Reward/head_pose_bias: 0.0000
        Episode_Metrics/mean_action_acc: 0.8013
          Curriculum/action_rate_weight: -0.1000
               Curriculum/standing_envs: 0.0200
             Curriculum/head_pose_range: 0.0700
             Curriculum/body_pose_range: 0.0500
                   Curriculum/com_range: 0.0030
              Curriculum/head_com_range: 0.0030
       Curriculum/head_pose_bias_weight: 0.0000
             Metrics/twist/error_vel_xy: 0.0246
            Metrics/twist/error_vel_yaw: 0.1938
           Episode_Termination/time_out: 0.0000
          Episode_Termination/fell_over: 144.7500
Episode_Termination/out_of_terrain_bounds: 0.0000
          Episode_Termination/nan_state: 0.0000
          Metrics/angular_momentum_mean: 0.0119
                  Metrics/air_time_mean: 0.0406
               Metrics/peak_height_mean: 0.0089
             Metrics/slip_velocity_mean: 0.2853
--------------------------------------------------------------------------------
                         Iteration time: 2.07s
                           Time elapsed: 00:07:06
                                    ETA: 00:06:37

################################################################################
[1m                           Learning iteration 207/400                           [0m 

                               Run name: hls2909-fix7
                            Total steps: 20447232 
                       Steps per second: 46922 
                        Collection time: 1.937s 
                          Learning time: 0.158s 
                        Mean value loss: 0.0228
                    Mean surrogate loss: -0.0207
                      Mean entropy loss: 11.2349
                            Mean reward: 0.52
                    Mean episode length: 27.43
                        Mean action std: 0.54
   Episode_Reward/track_linear_velocity: 0.0178
  Episode_Reward/track_angular_velocity: 0.0002
                 Episode_Reward/upright: 0.0195
                    Episode_Reward/pose: 0.0039
            Episode_Reward/body_ang_vel: -0.0372
        Episode_Reward/angular_momentum: -0.0000
          Episode_Reward/dof_pos_limits: -0.0026
          Episode_Reward/action_rate_l2: -0.0164
                Episode_Reward/air_time: 0.0038
          Episode_Reward/foot_clearance: -0.0005
       Episode_Reward/foot_swing_height: -0.0016
               Episode_Reward/foot_slip: -0.0002
         Episode_Reward/self_collisions: -0.0007
      Episode_Reward/head_pose_tracking: 0.0377
      Episode_Reward/body_pose_tracking: 0.0000
          Episode_Reward/head_pose_bias: 0.0000
        Episode_Metrics/mean_action_acc: 0.8007
          Curriculum/action_rate_weight: -0.1000
               Curriculum/standing_envs: 0.0200
             Curriculum/head_pose_range: 0.0700
             Curriculum/body_pose_range: 0.0500
                   Curriculum/com_range: 0.0030
              Curriculum/head_com_range: 0.0030
       Curriculum/head_pose_bias_weight: 0.0000
             Metrics/twist/error_vel_xy: 0.0242
            Metrics/twist/error_vel_yaw: 0.1960
           Episode_Termination/time_out: 0.0000
          Episode_Termination/fell_over: 146.7083
Episode_Termination/out_of_terrain_bounds: 0.0000
          Episode_Termination/nan_state: 0.0000
          Metrics/angular_momentum_mean: 0.0120
                  Metrics/air_time_mean: 0.0400
               Metrics/peak_height_mean: 0.0091
             Metrics/slip_velocity_mean: 0.2847
--------------------------------------------------------------------------------
                         Iteration time: 2.10s
                           Time elapsed: 00:07:08
                                    ETA: 00:06:35

################################################################################
[1m                           Learning iteration 208/400                           [0m 

                               Run name: hls2909-fix7
                            Total steps: 20545536 
                       Steps per second: 47281 
                        Collection time: 1.927s 
                          Learning time: 0.152s 
                        Mean value loss: 0.0228
                    Mean surrogate loss: -0.0201
                      Mean entropy loss: 11.2379
                            Mean reward: 0.49
                    Mean episode length: 27.69
                        Mean action std: 0.54
   Episode_Reward/track_linear_velocity: 0.0176
  Episode_Reward/track_angular_velocity: 0.0002
                 Episode_Reward/upright: 0.0196
                    Episode_Reward/pose: 0.0037
            Episode_Reward/body_ang_vel: -0.0375
        Episode_Reward/angular_momentum: -0.0000
          Episode_Reward/dof_pos_limits: -0.0026
          Episode_Reward/action_rate_l2: -0.0165
                Episode_Reward/air_time: 0.0041
          Episode_Reward/foot_clearance: -0.0005
       Episode_Reward/foot_swing_height: -0.0016
               Episode_Reward/foot_slip: -0.0002
         Episode_Reward/self_collisions: -0.0007
      Episode_Reward/head_pose_tracking: 0.0377
      Episode_Reward/body_pose_tracking: 0.0000
          Episode_Reward/head_pose_bias: 0.0000
        Episode_Metrics/mean_action_acc: 0.8010
          Curriculum/action_rate_weight: -0.1000
               Curriculum/standing_envs: 0.0200
             Curriculum/head_pose_range: 0.0700
             Curriculum/body_pose_range: 0.0500
                   Curriculum/com_range: 0.0030
              Curriculum/head_com_range: 0.0030
       Curriculum/head_pose_bias_weight: 0.0000
             Metrics/twist/error_vel_xy: 0.0245
            Metrics/twist/error_vel_yaw: 0.1969
           Episode_Termination/time_out: 0.0000
          Episode_Termination/fell_over: 146.4167
Episode_Termination/out_of_terrain_bounds: 0.0000
          Episode_Termination/nan_state: 0.0000
          Metrics/angular_momentum_mean: 0.0120
                  Metrics/air_time_mean: 0.0404
               Metrics/peak_height_mean: 0.0091
             Metrics/slip_velocity_mean: 0.2856
--------------------------------------------------------------------------------
                         Iteration time: 2.08s
                           Time elapsed: 00:07:10
                                    ETA: 00:06:33

################################################################################
[1m                           Learning iteration 209/400                           [0m 

                               Run name: hls2909-fix7
                            Total steps: 20643840 
                       Steps per second: 46892 
                        Collection time: 1.940s 
                          Learning time: 0.156s 
                        Mean value loss: 0.0242
                    Mean surrogate loss: -0.0178
                      Mean entropy loss: 11.2361
                            Mean reward: 0.54
                    Mean episode length: 28.03
                        Mean action std: 0.54
   Episode_Reward/track_linear_velocity: 0.0176
  Episode_Reward/track_angular_velocity: 0.0002
                 Episode_Reward/upright: 0.0194
                    Episode_Reward/pose: 0.0038
            Episode_Reward/body_ang_vel: -0.0374
        Episode_Reward/angular_momentum: -0.0000
          Episode_Reward/dof_pos_limits: -0.0026
          Episode_Reward/action_rate_l2: -0.0165
                Episode_Reward/air_time: 0.0040
          Episode_Reward/foot_clearance: -0.0005
       Episode_Reward/foot_swing_height: -0.0016
               Episode_Reward/foot_slip: -0.0002
         Episode_Reward/self_collisions: -0.0007
      Episode_Reward/head_pose_tracking: 0.0377
      Episode_Reward/body_pose_tracking: 0.0000
          Episode_Reward/head_pose_bias: 0.0000
        Episode_Metrics/mean_action_acc: 0.8014
          Curriculum/action_rate_weight: -0.1000
               Curriculum/standing_envs: 0.0200
             Curriculum/head_pose_range: 0.0700
             Curriculum/body_pose_range: 0.0500
                   Curriculum/com_range: 0.0030
              Curriculum/head_com_range: 0.0030
       Curriculum/head_pose_bias_weight: 0.0000
             Metrics/twist/error_vel_xy: 0.0246
            Metrics/twist/error_vel_yaw: 0.1968
           Episode_Termination/time_out: 0.0000
          Episode_Termination/fell_over: 147.8333
Episode_Termination/out_of_terrain_bounds: 0.0000
          Episode_Termination/nan_state: 0.0000
          Metrics/angular_momentum_mean: 0.0120
                  Metrics/air_time_mean: 0.0401
               Metrics/peak_height_mean: 0.0090
             Metrics/slip_velocity_mean: 0.2863
--------------------------------------------------------------------------------
                         Iteration time: 2.10s
                           Time elapsed: 00:07:12
                                    ETA: 00:06:31

################################################################################
[1m                           Learning iteration 210/400                           [0m 

                               Run name: hls2909-fix7
                            Total steps: 20742144 
                       Steps per second: 46918 
                        Collection time: 1.944s 
                          Learning time: 0.151s 
                        Mean value loss: 0.0230
                    Mean surrogate loss: -0.0204
                      Mean entropy loss: 11.2387
                            Mean reward: 0.47
                    Mean episode length: 27.45
                        Mean action std: 0.54
   Episode_Reward/track_linear_velocity: 0.0175
  Episode_Reward/track_angular_velocity: 0.0002
                 Episode_Reward/upright: 0.0197
                    Episode_Reward/pose: 0.0038
            Episode_Reward/body_ang_vel: -0.0373
        Episode_Reward/angular_momentum: -0.0000
          Episode_Reward/dof_pos_limits: -0.0026
          Episode_Reward/action_rate_l2: -0.0165
                Episode_Reward/air_time: 0.0041
          Episode_Reward/foot_clearance: -0.0005
       Episode_Reward/foot_swing_height: -0.0016
               Episode_Reward/foot_slip: -0.0002
         Episode_Reward/self_collisions: -0.0007
      Episode_Reward/head_pose_tracking: 0.0378
      Episode_Reward/body_pose_tracking: 0.0000
          Episode_Reward/head_pose_bias: 0.0000
        Episode_Metrics/mean_action_acc: 0.8007
          Curriculum/action_rate_weight: -0.1000
               Curriculum/standing_envs: 0.0200
             Curriculum/head_pose_range: 0.0700
             Curriculum/body_pose_range: 0.0500
                   Curriculum/com_range: 0.0030
              Curriculum/head_com_range: 0.0030
       Curriculum/head_pose_bias_weight: 0.0000
             Metrics/twist/error_vel_xy: 0.0248
            Metrics/twist/error_vel_yaw: 0.1940
           Episode_Termination/time_out: 0.0000
          Episode_Termination/fell_over: 147.8750
Episode_Termination/out_of_terrain_bounds: 0.0000
          Episode_Termination/nan_state: 0.0000
          Metrics/angular_momentum_mean: 0.0121
                  Metrics/air_time_mean: 0.0405
               Metrics/peak_height_mean: 0.0091
             Metrics/slip_velocity_mean: 0.2869
--------------------------------------------------------------------------------
                         Iteration time: 2.10s
                           Time elapsed: 00:07:14
                                    ETA: 00:06:29

################################################################################
[1m                           Learning iteration 211/400                           [0m 

                               Run name: hls2909-fix7
                            Total steps: 20840448 
                       Steps per second: 46619 
                        Collection time: 1.955s 
                          Learning time: 0.154s 
                        Mean value loss: 0.0232
                    Mean surrogate loss: -0.0209
                      Mean entropy loss: 11.2420
                            Mean reward: 0.41
                    Mean episode length: 27.62
                        Mean action std: 0.54
   Episode_Reward/track_linear_velocity: 0.0175
  Episode_Reward/track_angular_velocity: 0.0002
                 Episode_Reward/upright: 0.0194
                    Episode_Reward/pose: 0.0038
            Episode_Reward/body_ang_vel: -0.0373
        Episode_Reward/angular_momentum: -0.0000
          Episode_Reward/dof_pos_limits: -0.0025
          Episode_Reward/action_rate_l2: -0.0163
                Episode_Reward/air_time: 0.0042
          Episode_Reward/foot_clearance: -0.0005
       Episode_Reward/foot_swing_height: -0.0016
               Episode_Reward/foot_slip: -0.0002
         Episode_Reward/self_collisions: -0.0007
      Episode_Reward/head_pose_tracking: 0.0374
      Episode_Reward/body_pose_tracking: 0.0000
          Episode_Reward/head_pose_bias: 0.0000
        Episode_Metrics/mean_action_acc: 0.8002
          Curriculum/action_rate_weight: -0.1000
               Curriculum/standing_envs: 0.0200
             Curriculum/head_pose_range: 0.0700
             Curriculum/body_pose_range: 0.0500
                   Curriculum/com_range: 0.0030
              Curriculum/head_com_range: 0.0030
       Curriculum/head_pose_bias_weight: 0.0000
             Metrics/twist/error_vel_xy: 0.0244
            Metrics/twist/error_vel_yaw: 0.1911
           Episode_Termination/time_out: 0.0000
          Episode_Termination/fell_over: 146.8333
Episode_Termination/out_of_terrain_bounds: 0.0000
          Episode_Termination/nan_state: 0.0000
          Metrics/angular_momentum_mean: 0.0121
                  Metrics/air_time_mean: 0.0405
               Metrics/peak_height_mean: 0.0090
             Metrics/slip_velocity_mean: 0.2858
--------------------------------------------------------------------------------
                         Iteration time: 2.11s
                           Time elapsed: 00:07:16
                                    ETA: 00:06:27

################################################################################
[1m                           Learning iteration 212/400                           [0m 

                               Run name: hls2909-fix7
                            Total steps: 20938752 
                       Steps per second: 47711 
                        Collection time: 1.914s 
                          Learning time: 0.146s 
                        Mean value loss: 0.0240
                    Mean surrogate loss: -0.0206
                      Mean entropy loss: 11.2465
                            Mean reward: 0.51
                    Mean episode length: 27.59
                        Mean action std: 0.54
   Episode_Reward/track_linear_velocity: 0.0175
  Episode_Reward/track_angular_velocity: 0.0002
                 Episode_Reward/upright: 0.0194
                    Episode_Reward/pose: 0.0039
            Episode_Reward/body_ang_vel: -0.0370
        Episode_Reward/angular_momentum: -0.0000
          Episode_Reward/dof_pos_limits: -0.0026
          Episode_Reward/action_rate_l2: -0.0164
                Episode_Reward/air_time: 0.0040
          Episode_Reward/foot_clearance: -0.0005
       Episode_Reward/foot_swing_height: -0.0016
               Episode_Reward/foot_slip: -0.0002
         Episode_Reward/self_collisions: -0.0007
      Episode_Reward/head_pose_tracking: 0.0376
      Episode_Reward/body_pose_tracking: 0.0000
          Episode_Reward/head_pose_bias: 0.0000
        Episode_Metrics/mean_action_acc: 0.7997
          Curriculum/action_rate_weight: -0.1000
               Curriculum/standing_envs: 0.0200
             Curriculum/head_pose_range: 0.0700
             Curriculum/body_pose_range: 0.0500
                   Curriculum/com_range: 0.0030
              Curriculum/head_com_range: 0.0030
       Curriculum/head_pose_bias_weight: 0.0000
             Metrics/twist/error_vel_xy: 0.0243
            Metrics/twist/error_vel_yaw: 0.1914
           Episode_Termination/time_out: 0.0000
          Episode_Termination/fell_over: 147.7500
Episode_Termination/out_of_terrain_bounds: 0.0000
          Episode_Termination/nan_state: 0.0000
          Metrics/angular_momentum_mean: 0.0121
                  Metrics/air_time_mean: 0.0404
               Metrics/peak_height_mean: 0.0091
             Metrics/slip_velocity_mean: 0.2869
--------------------------------------------------------------------------------
                         Iteration time: 2.06s
                           Time elapsed: 00:07:19
                                    ETA: 00:06:25

################################################################################
[1m                           Learning iteration 213/400                           [0m 

                               Run name: hls2909-fix7
                            Total steps: 21037056 
                       Steps per second: 51146 
                        Collection time: 1.794s 
                          Learning time: 0.128s 
                        Mean value loss: 0.0239
                    Mean surrogate loss: -0.0205
                      Mean entropy loss: 11.2429
                            Mean reward: 0.41
                    Mean episode length: 28.05
                        Mean action std: 0.54
   Episode_Reward/track_linear_velocity: 0.0173
  Episode_Reward/track_angular_velocity: 0.0002
                 Episode_Reward/upright: 0.0194
                    Episode_Reward/pose: 0.0038
            Episode_Reward/body_ang_vel: -0.0379
        Episode_Reward/angular_momentum: -0.0000
          Episode_Reward/dof_pos_limits: -0.0025
          Episode_Reward/action_rate_l2: -0.0163
                Episode_Reward/air_time: 0.0041
          Episode_Reward/foot_clearance: -0.0005
       Episode_Reward/foot_swing_height: -0.0016
               Episode_Reward/foot_slip: -0.0002
         Episode_Reward/self_collisions: -0.0006
      Episode_Reward/head_pose_tracking: 0.0376
      Episode_Reward/body_pose_tracking: 0.0000
          Episode_Reward/head_pose_bias: 0.0000
        Episode_Metrics/mean_action_acc: 0.7992
          Curriculum/action_rate_weight: -0.1000
               Curriculum/standing_envs: 0.0200
             Curriculum/head_pose_range: 0.0700
             Curriculum/body_pose_range: 0.0500
                   Curriculum/com_range: 0.0030
              Curriculum/head_com_range: 0.0030
       Curriculum/head_pose_bias_weight: 0.0000
             Metrics/twist/error_vel_xy: 0.0244
            Metrics/twist/error_vel_yaw: 0.1935
           Episode_Termination/time_out: 0.0000
          Episode_Termination/fell_over: 145.0833
Episode_Termination/out_of_terrain_bounds: 0.0000
          Episode_Termination/nan_state: 0.0000
          Metrics/angular_momentum_mean: 0.0120
                  Metrics/air_time_mean: 0.0403
               Metrics/peak_height_mean: 0.0091
             Metrics/slip_velocity_mean: 0.2858
--------------------------------------------------------------------------------
                         Iteration time: 1.92s
                           Time elapsed: 00:07:20
                                    ETA: 00:06:23

################################################################################
[1m                           Learning iteration 214/400                           [0m 

                               Run name: hls2909-fix7
                            Total steps: 21135360 
                       Steps per second: 56276 
                        Collection time: 1.618s 
                          Learning time: 0.129s 
                        Mean value loss: 0.0239
                    Mean surrogate loss: -0.0181
                      Mean entropy loss: 11.2507
                            Mean reward: 0.50
                    Mean episode length: 26.96
                        Mean action std: 0.54
   Episode_Reward/track_linear_velocity: 0.0175
  Episode_Reward/track_angular_velocity: 0.0002
                 Episode_Reward/upright: 0.0195
                    Episode_Reward/pose: 0.0038
            Episode_Reward/body_ang_vel: -0.0373
        Episode_Reward/angular_momentum: -0.0000
          Episode_Reward/dof_pos_limits: -0.0026
          Episode_Reward/action_rate_l2: -0.0164
                Episode_Reward/air_time: 0.0040
          Episode_Reward/foot_clearance: -0.0005
       Episode_Reward/foot_swing_height: -0.0016
               Episode_Reward/foot_slip: -0.0002
         Episode_Reward/self_collisions: -0.0007
      Episode_Reward/head_pose_tracking: 0.0378
      Episode_Reward/body_pose_tracking: 0.0000
          Episode_Reward/head_pose_bias: 0.0000
        Episode_Metrics/mean_action_acc: 0.7984
          Curriculum/action_rate_weight: -0.1000
               Curriculum/standing_envs: 0.0200
             Curriculum/head_pose_range: 0.0700
             Curriculum/body_pose_range: 0.0500
                   Curriculum/com_range: 0.0030
              Curriculum/head_com_range: 0.0030
       Curriculum/head_pose_bias_weight: 0.0000
             Metrics/twist/error_vel_xy: 0.0245
            Metrics/twist/error_vel_yaw: 0.1951
           Episode_Termination/time_out: 0.0000
          Episode_Termination/fell_over: 146.9583
Episode_Termination/out_of_terrain_bounds: 0.0000
          Episode_Termination/nan_state: 0.0000
          Metrics/angular_momentum_mean: 0.0120
                  Metrics/air_time_mean: 0.0403
               Metrics/peak_height_mean: 0.0090
             Metrics/slip_velocity_mean: 0.2854
--------------------------------------------------------------------------------
                         Iteration time: 1.75s
                           Time elapsed: 00:07:22
                                    ETA: 00:06:20

################################################################################
[1m                           Learning iteration 215/400                           [0m 

                               Run name: hls2909-fix7
                            Total steps: 21233664 
                       Steps per second: 56114 
                        Collection time: 1.621s 
                          Learning time: 0.131s 
                        Mean value loss: 0.0233
                    Mean surrogate loss: -0.0210
                      Mean entropy loss: 11.2612
                            Mean reward: 0.54
                    Mean episode length: 27.67
                        Mean action std: 0.54
   Episode_Reward/track_linear_velocity: 0.0178
  Episode_Reward/track_angular_velocity: 0.0002
                 Episode_Reward/upright: 0.0195
                    Episode_Reward/pose: 0.0038
            Episode_Reward/body_ang_vel: -0.0366
        Episode_Reward/angular_momentum: -0.0000
          Episode_Reward/dof_pos_limits: -0.0026
          Episode_Reward/action_rate_l2: -0.0165
                Episode_Reward/air_time: 0.0044
          Episode_Reward/foot_clearance: -0.0005
       Episode_Reward/foot_swing_height: -0.0016
               Episode_Reward/foot_slip: -0.0002
         Episode_Reward/self_collisions: -0.0007
      Episode_Reward/head_pose_tracking: 0.0380
      Episode_Reward/body_pose_tracking: 0.0000
          Episode_Reward/head_pose_bias: 0.0000
        Episode_Metrics/mean_action_acc: 0.7983
          Curriculum/action_rate_weight: -0.1000
               Curriculum/standing_envs: 0.0200
             Curriculum/head_pose_range: 0.0700
             Curriculum/body_pose_range: 0.0500
                   Curriculum/com_range: 0.0030
              Curriculum/head_com_range: 0.0030
       Curriculum/head_pose_bias_weight: 0.0000
             Metrics/twist/error_vel_xy: 0.0245
            Metrics/twist/error_vel_yaw: 0.1954
           Episode_Termination/time_out: 0.0000
          Episode_Termination/fell_over: 145.6250
Episode_Termination/out_of_terrain_bounds: 0.0000
          Episode_Termination/nan_state: 0.0000
          Metrics/angular_momentum_mean: 0.0119
                  Metrics/air_time_mean: 0.0409
               Metrics/peak_height_mean: 0.0090
             Metrics/slip_velocity_mean: 0.2854
--------------------------------------------------------------------------------
                         Iteration time: 1.75s
                           Time elapsed: 00:07:24
                                    ETA: 00:06:18

################################################################################
[1m                           Learning iteration 216/400                           [0m 

                               Run name: hls2909-fix7
                            Total steps: 21331968 
                       Steps per second: 56009 
                        Collection time: 1.628s 
                          Learning time: 0.128s 
                        Mean value loss: 0.0236
                    Mean surrogate loss: -0.0185
                      Mean entropy loss: 11.2540
                            Mean reward: 0.51
                    Mean episode length: 28.84
                        Mean action std: 0.54
   Episode_Reward/track_linear_velocity: 0.0175
  Episode_Reward/track_angular_velocity: 0.0002
                 Episode_Reward/upright: 0.0194
                    Episode_Reward/pose: 0.0038
            Episode_Reward/body_ang_vel: -0.0369
        Episode_Reward/angular_momentum: -0.0000
          Episode_Reward/dof_pos_limits: -0.0026
          Episode_Reward/action_rate_l2: -0.0165
                Episode_Reward/air_time: 0.0044
          Episode_Reward/foot_clearance: -0.0005
       Episode_Reward/foot_swing_height: -0.0016
               Episode_Reward/foot_slip: -0.0002
         Episode_Reward/self_collisions: -0.0008
      Episode_Reward/head_pose_tracking: 0.0378
      Episode_Reward/body_pose_tracking: 0.0000
          Episode_Reward/head_pose_bias: 0.0000
        Episode_Metrics/mean_action_acc: 0.7977
          Curriculum/action_rate_weight: -0.1000
               Curriculum/standing_envs: 0.0200
             Curriculum/head_pose_range: 0.0700
             Curriculum/body_pose_range: 0.0500
                   Curriculum/com_range: 0.0030
              Curriculum/head_com_range: 0.0030
       Curriculum/head_pose_bias_weight: 0.0000
             Metrics/twist/error_vel_xy: 0.0244
            Metrics/twist/error_vel_yaw: 0.1913
           Episode_Termination/time_out: 0.0000
          Episode_Termination/fell_over: 148.1250
Episode_Termination/out_of_terrain_bounds: 0.0000
          Episode_Termination/nan_state: 0.0000
          Metrics/angular_momentum_mean: 0.0120
                  Metrics/air_time_mean: 0.0405
               Metrics/peak_height_mean: 0.0091
             Metrics/slip_velocity_mean: 0.2847
--------------------------------------------------------------------------------
                         Iteration time: 1.76s
                           Time elapsed: 00:07:26
                                    ETA: 00:06:16

################################################################################
[1m                           Learning iteration 217/400                           [0m 

                               Run name: hls2909-fix7
                            Total steps: 21430272 
                       Steps per second: 56455 
                        Collection time: 1.612s 
                          Learning time: 0.129s 
                        Mean value loss: 0.0231
                    Mean surrogate loss: -0.0203
                      Mean entropy loss: 11.2438
                            Mean reward: 0.41
                    Mean episode length: 27.91
                        Mean action std: 0.54
   Episode_Reward/track_linear_velocity: 0.0173
  Episode_Reward/track_angular_velocity: 0.0002
                 Episode_Reward/upright: 0.0197
                    Episode_Reward/pose: 0.0038
            Episode_Reward/body_ang_vel: -0.0378
        Episode_Reward/angular_momentum: -0.0000
          Episode_Reward/dof_pos_limits: -0.0026
          Episode_Reward/action_rate_l2: -0.0165
                Episode_Reward/air_time: 0.0040
          Episode_Reward/foot_clearance: -0.0005
       Episode_Reward/foot_swing_height: -0.0016
               Episode_Reward/foot_slip: -0.0002
         Episode_Reward/self_collisions: -0.0007
      Episode_Reward/head_pose_tracking: 0.0378
      Episode_Reward/body_pose_tracking: 0.0000
          Episode_Reward/head_pose_bias: 0.0000
        Episode_Metrics/mean_action_acc: 0.7999
          Curriculum/action_rate_weight: -0.1000
               Curriculum/standing_envs: 0.0200
             Curriculum/head_pose_range: 0.0700
             Curriculum/body_pose_range: 0.0500
                   Curriculum/com_range: 0.0030
              Curriculum/head_com_range: 0.0030
       Curriculum/head_pose_bias_weight: 0.0000
             Metrics/twist/error_vel_xy: 0.0248
            Metrics/twist/error_vel_yaw: 0.1974
           Episode_Termination/time_out: 0.0000
          Episode_Termination/fell_over: 146.1250
Episode_Termination/out_of_terrain_bounds: 0.0000
          Episode_Termination/nan_state: 0.0000
          Metrics/angular_momentum_mean: 0.0120
                  Metrics/air_time_mean: 0.0404
               Metrics/peak_height_mean: 0.0091
             Metrics/slip_velocity_mean: 0.2865
--------------------------------------------------------------------------------
                         Iteration time: 1.74s
                           Time elapsed: 00:07:27
                                    ETA: 00:06:13

################################################################################
[1m                           Learning iteration 218/400                           [0m 

                               Run name: hls2909-fix7
                            Total steps: 21528576 
                       Steps per second: 55785 
                        Collection time: 1.631s 
                          Learning time: 0.132s 
                        Mean value loss: 0.0233
                    Mean surrogate loss: -0.0206
                      Mean entropy loss: 11.2607
                            Mean reward: 0.50
                    Mean episode length: 27.46
                        Mean action std: 0.54
   Episode_Reward/track_linear_velocity: 0.0178
  Episode_Reward/track_angular_velocity: 0.0002
                 Episode_Reward/upright: 0.0196
                    Episode_Reward/pose: 0.0038
            Episode_Reward/body_ang_vel: -0.0372
        Episode_Reward/angular_momentum: -0.0000
          Episode_Reward/dof_pos_limits: -0.0026
          Episode_Reward/action_rate_l2: -0.0164
                Episode_Reward/air_time: 0.0043
          Episode_Reward/foot_clearance: -0.0005
       Episode_Reward/foot_swing_height: -0.0016
               Episode_Reward/foot_slip: -0.0002
         Episode_Reward/self_collisions: -0.0008
      Episode_Reward/head_pose_tracking: 0.0378
      Episode_Reward/body_pose_tracking: 0.0000
          Episode_Reward/head_pose_bias: 0.0000
        Episode_Metrics/mean_action_acc: 0.7979
          Curriculum/action_rate_weight: -0.1000
               Curriculum/standing_envs: 0.0200
             Curriculum/head_pose_range: 0.0700
             Curriculum/body_pose_range: 0.0500
                   Curriculum/com_range: 0.0030
              Curriculum/head_com_range: 0.0030
       Curriculum/head_pose_bias_weight: 0.0000
             Metrics/twist/error_vel_xy: 0.0244
            Metrics/twist/error_vel_yaw: 0.1930
           Episode_Termination/time_out: 0.0000
          Episode_Termination/fell_over: 145.3333
Episode_Termination/out_of_terrain_bounds: 0.0000
          Episode_Termination/nan_state: 0.0000
          Metrics/angular_momentum_mean: 0.0120
                  Metrics/air_time_mean: 0.0405
               Metrics/peak_height_mean: 0.0091
             Metrics/slip_velocity_mean: 0.2868
--------------------------------------------------------------------------------
                         Iteration time: 1.76s
                           Time elapsed: 00:07:29
                                    ETA: 00:06:11

################################################################################
[1m                           Learning iteration 219/400                           [0m 

                               Run name: hls2909-fix7
                            Total steps: 21626880 
                       Steps per second: 56176 
                        Collection time: 1.620s 
                          Learning time: 0.130s 
                        Mean value loss: 0.0237
                    Mean surrogate loss: -0.0186
                      Mean entropy loss: 11.2798
                            Mean reward: 0.43
                    Mean episode length: 28.22
                        Mean action std: 0.54
   Episode_Reward/track_linear_velocity: 0.0173
  Episode_Reward/track_angular_velocity: 0.0002
                 Episode_Reward/upright: 0.0195
                    Episode_Reward/pose: 0.0038
            Episode_Reward/body_ang_vel: -0.0370
        Episode_Reward/angular_momentum: -0.0000
          Episode_Reward/dof_pos_limits: -0.0025
          Episode_Reward/action_rate_l2: -0.0164
                Episode_Reward/air_time: 0.0041
          Episode_Reward/foot_clearance: -0.0005
       Episode_Reward/foot_swing_height: -0.0016
               Episode_Reward/foot_slip: -0.0002
         Episode_Reward/self_collisions: -0.0007
      Episode_Reward/head_pose_tracking: 0.0378
      Episode_Reward/body_pose_tracking: 0.0000
          Episode_Reward/head_pose_bias: 0.0000
        Episode_Metrics/mean_action_acc: 0.7989
          Curriculum/action_rate_weight: -0.1000
               Curriculum/standing_envs: 0.0200
             Curriculum/head_pose_range: 0.0700
             Curriculum/body_pose_range: 0.0500
                   Curriculum/com_range: 0.0030
              Curriculum/head_com_range: 0.0030
       Curriculum/head_pose_bias_weight: 0.0000
             Metrics/twist/error_vel_xy: 0.0245
            Metrics/twist/error_vel_yaw: 0.1951
           Episode_Termination/time_out: 0.0000
          Episode_Termination/fell_over: 146.8333
Episode_Termination/out_of_terrain_bounds: 0.0000
          Episode_Termination/nan_state: 0.0000
          Metrics/angular_momentum_mean: 0.0121
                  Metrics/air_time_mean: 0.0406
               Metrics/peak_height_mean: 0.0091
             Metrics/slip_velocity_mean: 0.2878
--------------------------------------------------------------------------------
                         Iteration time: 1.75s
                           Time elapsed: 00:07:31
                                    ETA: 00:06:09

################################################################################
[1m                           Learning iteration 220/400                           [0m 

                               Run name: hls2909-fix7
                            Total steps: 21725184 
                       Steps per second: 56020 
                        Collection time: 1.627s 
                          Learning time: 0.128s 
                        Mean value loss: 0.0235
                    Mean surrogate loss: -0.0202
                      Mean entropy loss: 11.2803
                            Mean reward: 0.48
                    Mean episode length: 27.09
                        Mean action std: 0.54
   Episode_Reward/track_linear_velocity: 0.0175
  Episode_Reward/track_angular_velocity: 0.0002
                 Episode_Reward/upright: 0.0196
                    Episode_Reward/pose: 0.0038
            Episode_Reward/body_ang_vel: -0.0375
        Episode_Reward/angular_momentum: -0.0000
          Episode_Reward/dof_pos_limits: -0.0026
          Episode_Reward/action_rate_l2: -0.0165
                Episode_Reward/air_time: 0.0042
          Episode_Reward/foot_clearance: -0.0005
       Episode_Reward/foot_swing_height: -0.0016
               Episode_Reward/foot_slip: -0.0002
         Episode_Reward/self_collisions: -0.0007
      Episode_Reward/head_pose_tracking: 0.0378
      Episode_Reward/body_pose_tracking: 0.0000
          Episode_Reward/head_pose_bias: 0.0000
        Episode_Metrics/mean_action_acc: 0.7990
          Curriculum/action_rate_weight: -0.1000
               Curriculum/standing_envs: 0.0200
             Curriculum/head_pose_range: 0.0700
             Curriculum/body_pose_range: 0.0500
                   Curriculum/com_range: 0.0030
              Curriculum/head_com_range: 0.0030
       Curriculum/head_pose_bias_weight: 0.0000
             Metrics/twist/error_vel_xy: 0.0246
            Metrics/twist/error_vel_yaw: 0.1926
           Episode_Termination/time_out: 0.0000
          Episode_Termination/fell_over: 146.8333
Episode_Termination/out_of_terrain_bounds: 0.0000
          Episode_Termination/nan_state: 0.0000
          Metrics/angular_momentum_mean: 0.0120
                  Metrics/air_time_mean: 0.0405
               Metrics/peak_height_mean: 0.0091
             Metrics/slip_velocity_mean: 0.2869
--------------------------------------------------------------------------------
                         Iteration time: 1.75s
                           Time elapsed: 00:07:33
                                    ETA: 00:06:07

################################################################################
[1m                           Learning iteration 221/400                           [0m 

                               Run name: hls2909-fix7
                            Total steps: 21823488 
                       Steps per second: 56229 
                        Collection time: 1.620s 
                          Learning time: 0.128s 
                        Mean value loss: 0.0240
                    Mean surrogate loss: -0.0182
                      Mean entropy loss: 11.2757
                            Mean reward: 0.43
                    Mean episode length: 27.82
                        Mean action std: 0.54
   Episode_Reward/track_linear_velocity: 0.0174
  Episode_Reward/track_angular_velocity: 0.0002
                 Episode_Reward/upright: 0.0196
                    Episode_Reward/pose: 0.0038
            Episode_Reward/body_ang_vel: -0.0374
        Episode_Reward/angular_momentum: -0.0000
          Episode_Reward/dof_pos_limits: -0.0025
          Episode_Reward/action_rate_l2: -0.0165
                Episode_Reward/air_time: 0.0040
          Episode_Reward/foot_clearance: -0.0005
       Episode_Reward/foot_swing_height: -0.0016
               Episode_Reward/foot_slip: -0.0002
         Episode_Reward/self_collisions: -0.0007
      Episode_Reward/head_pose_tracking: 0.0376
      Episode_Reward/body_pose_tracking: 0.0000
          Episode_Reward/head_pose_bias: 0.0000
        Episode_Metrics/mean_action_acc: 0.8003
          Curriculum/action_rate_weight: -0.1000
               Curriculum/standing_envs: 0.0200
             Curriculum/head_pose_range: 0.0700
             Curriculum/body_pose_range: 0.0500
                   Curriculum/com_range: 0.0030
              Curriculum/head_com_range: 0.0030
       Curriculum/head_pose_bias_weight: 0.0000
             Metrics/twist/error_vel_xy: 0.0244
            Metrics/twist/error_vel_yaw: 0.1963
           Episode_Termination/time_out: 0.0000
          Episode_Termination/fell_over: 146.7083
Episode_Termination/out_of_terrain_bounds: 0.0000
          Episode_Termination/nan_state: 0.0000
          Metrics/angular_momentum_mean: 0.0121
                  Metrics/air_time_mean: 0.0406
               Metrics/peak_height_mean: 0.0092
             Metrics/slip_velocity_mean: 0.2874
--------------------------------------------------------------------------------
                         Iteration time: 1.75s
                           Time elapsed: 00:07:34
                                    ETA: 00:06:04

################################################################################
[1m                           Learning iteration 222/400                           [0m 

                               Run name: hls2909-fix7
                            Total steps: 21921792 
                       Steps per second: 56190 
                        Collection time: 1.622s 
                          Learning time: 0.128s 
                        Mean value loss: 0.0240
                    Mean surrogate loss: -0.0199
                      Mean entropy loss: 11.2592
                            Mean reward: 0.51
                    Mean episode length: 28.33
                        Mean action std: 0.54
   Episode_Reward/track_linear_velocity: 0.0177
  Episode_Reward/track_angular_velocity: 0.0002
                 Episode_Reward/upright: 0.0194
                    Episode_Reward/pose: 0.0038
            Episode_Reward/body_ang_vel: -0.0373
        Episode_Reward/angular_momentum: -0.0000
          Episode_Reward/dof_pos_limits: -0.0026
          Episode_Reward/action_rate_l2: -0.0165
                Episode_Reward/air_time: 0.0041
          Episode_Reward/foot_clearance: -0.0005
       Episode_Reward/foot_swing_height: -0.0016
               Episode_Reward/foot_slip: -0.0002
         Episode_Reward/self_collisions: -0.0007
      Episode_Reward/head_pose_tracking: 0.0377
      Episode_Reward/body_pose_tracking: 0.0000
          Episode_Reward/head_pose_bias: 0.0000
        Episode_Metrics/mean_action_acc: 0.8002
          Curriculum/action_rate_weight: -0.1000
               Curriculum/standing_envs: 0.0200
             Curriculum/head_pose_range: 0.0700
             Curriculum/body_pose_range: 0.0500
                   Curriculum/com_range: 0.0030
              Curriculum/head_com_range: 0.0030
       Curriculum/head_pose_bias_weight: 0.0000
             Metrics/twist/error_vel_xy: 0.0243
            Metrics/twist/error_vel_yaw: 0.1944
           Episode_Termination/time_out: 0.0000
          Episode_Termination/fell_over: 144.3333
Episode_Termination/out_of_terrain_bounds: 0.0000
          Episode_Termination/nan_state: 0.0000
          Metrics/angular_momentum_mean: 0.0120
                  Metrics/air_time_mean: 0.0404
               Metrics/peak_height_mean: 0.0091
             Metrics/slip_velocity_mean: 0.2873
--------------------------------------------------------------------------------
                         Iteration time: 1.75s
                           Time elapsed: 00:07:36
                                    ETA: 00:06:02

################################################################################
[1m                           Learning iteration 223/400                           [0m 

                               Run name: hls2909-fix7
                            Total steps: 22020096 
                       Steps per second: 56831 
                        Collection time: 1.601s 
                          Learning time: 0.129s 
                        Mean value loss: 0.0229
                    Mean surrogate loss: -0.0198
                      Mean entropy loss: 11.2788
                            Mean reward: 0.51
                    Mean episode length: 27.84
                        Mean action std: 0.54
   Episode_Reward/track_linear_velocity: 0.0176
  Episode_Reward/track_angular_velocity: 0.0002
                 Episode_Reward/upright: 0.0195
                    Episode_Reward/pose: 0.0038
            Episode_Reward/body_ang_vel: -0.0375
        Episode_Reward/angular_momentum: -0.0000
          Episode_Reward/dof_pos_limits: -0.0026
          Episode_Reward/action_rate_l2: -0.0166
                Episode_Reward/air_time: 0.0044
          Episode_Reward/foot_clearance: -0.0005
       Episode_Reward/foot_swing_height: -0.0016
               Episode_Reward/foot_slip: -0.0002
         Episode_Reward/self_collisions: -0.0008
      Episode_Reward/head_pose_tracking: 0.0380
      Episode_Reward/body_pose_tracking: 0.0000
          Episode_Reward/head_pose_bias: 0.0000
        Episode_Metrics/mean_action_acc: 0.7988
          Curriculum/action_rate_weight: -0.1000
               Curriculum/standing_envs: 0.0200
             Curriculum/head_pose_range: 0.0700
             Curriculum/body_pose_range: 0.0500
                   Curriculum/com_range: 0.0030
              Curriculum/head_com_range: 0.0030
       Curriculum/head_pose_bias_weight: 0.0000
             Metrics/twist/error_vel_xy: 0.0245
            Metrics/twist/error_vel_yaw: 0.1917
           Episode_Termination/time_out: 0.0000
          Episode_Termination/fell_over: 145.8333
Episode_Termination/out_of_terrain_bounds: 0.0000
          Episode_Termination/nan_state: 0.0000
          Metrics/angular_momentum_mean: 0.0120
                  Metrics/air_time_mean: 0.0407
               Metrics/peak_height_mean: 0.0091
             Metrics/slip_velocity_mean: 0.2851
--------------------------------------------------------------------------------
                         Iteration time: 1.73s
                           Time elapsed: 00:07:38
                                    ETA: 00:06:00

################################################################################
[1m                           Learning iteration 224/400                           [0m 

                               Run name: hls2909-fix7
                            Total steps: 22118400 
                       Steps per second: 56925 
                        Collection time: 1.600s 
                          Learning time: 0.127s 
                        Mean value loss: 0.0244
                    Mean surrogate loss: -0.0199
                      Mean entropy loss: 11.2823
                            Mean reward: 0.44
                    Mean episode length: 28.53
                        Mean action std: 0.54
   Episode_Reward/track_linear_velocity: 0.0179
  Episode_Reward/track_angular_velocity: 0.0002
                 Episode_Reward/upright: 0.0195
                    Episode_Reward/pose: 0.0038
            Episode_Reward/body_ang_vel: -0.0370
        Episode_Reward/angular_momentum: -0.0000
          Episode_Reward/dof_pos_limits: -0.0025
          Episode_Reward/action_rate_l2: -0.0165
                Episode_Reward/air_time: 0.0042
          Episode_Reward/foot_clearance: -0.0005
       Episode_Reward/foot_swing_height: -0.0016
               Episode_Reward/foot_slip: -0.0002
         Episode_Reward/self_collisions: -0.0008
      Episode_Reward/head_pose_tracking: 0.0377
      Episode_Reward/body_pose_tracking: 0.0000
          Episode_Reward/head_pose_bias: 0.0000
        Episode_Metrics/mean_action_acc: 0.7987
          Curriculum/action_rate_weight: -0.1000
               Curriculum/standing_envs: 0.0200
             Curriculum/head_pose_range: 0.0700
             Curriculum/body_pose_range: 0.0500
                   Curriculum/com_range: 0.0030
              Curriculum/head_com_range: 0.0030
       Curriculum/head_pose_bias_weight: 0.0000
             Metrics/twist/error_vel_xy: 0.0241
            Metrics/twist/error_vel_yaw: 0.1938
           Episode_Termination/time_out: 0.0000
          Episode_Termination/fell_over: 145.5417
Episode_Termination/out_of_terrain_bounds: 0.0000
          Episode_Termination/nan_state: 0.0000
          Metrics/angular_momentum_mean: 0.0120
                  Metrics/air_time_mean: 0.0408
               Metrics/peak_height_mean: 0.0090
             Metrics/slip_velocity_mean: 0.2863
--------------------------------------------------------------------------------
                         Iteration time: 1.73s
                           Time elapsed: 00:07:40
                                    ETA: 00:05:57

################################################################################
[1m                           Learning iteration 225/400                           [0m 

                               Run name: hls2909-fix7
                            Total steps: 22216704 
                       Steps per second: 56921 
                        Collection time: 1.600s 
                          Learning time: 0.127s 
                        Mean value loss: 0.0236
                    Mean surrogate loss: -0.0202
                      Mean entropy loss: 11.2880
                            Mean reward: 0.46
                    Mean episode length: 27.03
                        Mean action std: 0.54
   Episode_Reward/track_linear_velocity: 0.0179
  Episode_Reward/track_angular_velocity: 0.0002
                 Episode_Reward/upright: 0.0195
                    Episode_Reward/pose: 0.0038
            Episode_Reward/body_ang_vel: -0.0373
        Episode_Reward/angular_momentum: -0.0000
          Episode_Reward/dof_pos_limits: -0.0026
          Episode_Reward/action_rate_l2: -0.0166
                Episode_Reward/air_time: 0.0043
          Episode_Reward/foot_clearance: -0.0005
       Episode_Reward/foot_swing_height: -0.0016
               Episode_Reward/foot_slip: -0.0002
         Episode_Reward/self_collisions: -0.0007
      Episode_Reward/head_pose_tracking: 0.0377
      Episode_Reward/body_pose_tracking: 0.0000
          Episode_Reward/head_pose_bias: 0.0000
        Episode_Metrics/mean_action_acc: 0.8002
          Curriculum/action_rate_weight: -0.1000
               Curriculum/standing_envs: 0.0200
             Curriculum/head_pose_range: 0.0700
             Curriculum/body_pose_range: 0.0500
                   Curriculum/com_range: 0.0030
              Curriculum/head_com_range: 0.0030
       Curriculum/head_pose_bias_weight: 0.0000
             Metrics/twist/error_vel_xy: 0.0243
            Metrics/twist/error_vel_yaw: 0.1925
           Episode_Termination/time_out: 0.0000
          Episode_Termination/fell_over: 147.7500
Episode_Termination/out_of_terrain_bounds: 0.0000
          Episode_Termination/nan_state: 0.0000
          Metrics/angular_momentum_mean: 0.0120
                  Metrics/air_time_mean: 0.0408
               Metrics/peak_height_mean: 0.0091
             Metrics/slip_velocity_mean: 0.2856
--------------------------------------------------------------------------------
                         Iteration time: 1.73s
                           Time elapsed: 00:07:41
                                    ETA: 00:05:55

################################################################################
[1m                           Learning iteration 226/400                           [0m 

                               Run name: hls2909-fix7
                            Total steps: 22315008 
                       Steps per second: 56893 
                        Collection time: 1.601s 
                          Learning time: 0.127s 
                        Mean value loss: 0.0238
                    Mean surrogate loss: -0.0181
                      Mean entropy loss: 11.2893
                            Mean reward: 0.48
                    Mean episode length: 26.63
                        Mean action std: 0.54
   Episode_Reward/track_linear_velocity: 0.0175
  Episode_Reward/track_angular_velocity: 0.0002
                 Episode_Reward/upright: 0.0194
                    Episode_Reward/pose: 0.0038
            Episode_Reward/body_ang_vel: -0.0367
        Episode_Reward/angular_momentum: -0.0000
          Episode_Reward/dof_pos_limits: -0.0025
          Episode_Reward/action_rate_l2: -0.0165
                Episode_Reward/air_time: 0.0043
          Episode_Reward/foot_clearance: -0.0005
       Episode_Reward/foot_swing_height: -0.0016
               Episode_Reward/foot_slip: -0.0002
         Episode_Reward/self_collisions: -0.0007
      Episode_Reward/head_pose_tracking: 0.0376
      Episode_Reward/body_pose_tracking: 0.0000
          Episode_Reward/head_pose_bias: 0.0000
        Episode_Metrics/mean_action_acc: 0.7991
          Curriculum/action_rate_weight: -0.1000
               Curriculum/standing_envs: 0.0200
             Curriculum/head_pose_range: 0.0700
             Curriculum/body_pose_range: 0.0500
                   Curriculum/com_range: 0.0030
              Curriculum/head_com_range: 0.0030
       Curriculum/head_pose_bias_weight: 0.0000
             Metrics/twist/error_vel_xy: 0.0244
            Metrics/twist/error_vel_yaw: 0.1938
           Episode_Termination/time_out: 0.0000
          Episode_Termination/fell_over: 148.7083
Episode_Termination/out_of_terrain_bounds: 0.0000
          Episode_Termination/nan_state: 0.0000
          Metrics/angular_momentum_mean: 0.0121
                  Metrics/air_time_mean: 0.0404
               Metrics/peak_height_mean: 0.0091
             Metrics/slip_velocity_mean: 0.2879
--------------------------------------------------------------------------------
                         Iteration time: 1.73s
                           Time elapsed: 00:07:43
                                    ETA: 00:05:53

################################################################################
[1m                           Learning iteration 227/400                           [0m 

                               Run name: hls2909-fix7
                            Total steps: 22413312 
                       Steps per second: 55798 
                        Collection time: 1.634s 
                          Learning time: 0.128s 
                        Mean value loss: 0.0229
                    Mean surrogate loss: -0.0204
                      Mean entropy loss: 11.2793
                            Mean reward: 0.46
                    Mean episode length: 26.20
                        Mean action std: 0.54
   Episode_Reward/track_linear_velocity: 0.0174
  Episode_Reward/track_angular_velocity: 0.0002
                 Episode_Reward/upright: 0.0194
                    Episode_Reward/pose: 0.0037
            Episode_Reward/body_ang_vel: -0.0375
        Episode_Reward/angular_momentum: -0.0000
          Episode_Reward/dof_pos_limits: -0.0025
          Episode_Reward/action_rate_l2: -0.0164
                Episode_Reward/air_time: 0.0041
          Episode_Reward/foot_clearance: -0.0005
       Episode_Reward/foot_swing_height: -0.0016
               Episode_Reward/foot_slip: -0.0002
         Episode_Reward/self_collisions: -0.0007
      Episode_Reward/head_pose_tracking: 0.0376
      Episode_Reward/body_pose_tracking: 0.0000
          Episode_Reward/head_pose_bias: 0.0000
        Episode_Metrics/mean_action_acc: 0.8006
          Curriculum/action_rate_weight: -0.1000
               Curriculum/standing_envs: 0.0200
             Curriculum/head_pose_range: 0.0700
             Curriculum/body_pose_range: 0.0500
                   Curriculum/com_range: 0.0030
              Curriculum/head_com_range: 0.0030
       Curriculum/head_pose_bias_weight: 0.0000
             Metrics/twist/error_vel_xy: 0.0243
            Metrics/twist/error_vel_yaw: 0.1906
           Episode_Termination/time_out: 0.0000
          Episode_Termination/fell_over: 148.0417
Episode_Termination/out_of_terrain_bounds: 0.0000
          Episode_Termination/nan_state: 0.0000
          Metrics/angular_momentum_mean: 0.0121
                  Metrics/air_time_mean: 0.0401
               Metrics/peak_height_mean: 0.0092
             Metrics/slip_velocity_mean: 0.2867
--------------------------------------------------------------------------------
                         Iteration time: 1.76s
                           Time elapsed: 00:07:45
                                    ETA: 00:05:51

################################################################################
[1m                           Learning iteration 228/400                           [0m 

                               Run name: hls2909-fix7
                            Total steps: 22511616 
                       Steps per second: 56833 
                        Collection time: 1.604s 
                          Learning time: 0.126s 
                        Mean value loss: 0.0238
                    Mean surrogate loss: -0.0203
                      Mean entropy loss: 11.2876
                            Mean reward: 0.41
                    Mean episode length: 26.91
                        Mean action std: 0.54
   Episode_Reward/track_linear_velocity: 0.0176
  Episode_Reward/track_angular_velocity: 0.0002
                 Episode_Reward/upright: 0.0195
                    Episode_Reward/pose: 0.0037
            Episode_Reward/body_ang_vel: -0.0375
        Episode_Reward/angular_momentum: -0.0000
          Episode_Reward/dof_pos_limits: -0.0026
          Episode_Reward/action_rate_l2: -0.0165
                Episode_Reward/air_time: 0.0040
          Episode_Reward/foot_clearance: -0.0005
       Episode_Reward/foot_swing_height: -0.0016
               Episode_Reward/foot_slip: -0.0002
         Episode_Reward/self_collisions: -0.0008
      Episode_Reward/head_pose_tracking: 0.0376
      Episode_Reward/body_pose_tracking: 0.0000
          Episode_Reward/head_pose_bias: 0.0000
        Episode_Metrics/mean_action_acc: 0.8005
          Curriculum/action_rate_weight: -0.1000
               Curriculum/standing_envs: 0.0200
             Curriculum/head_pose_range: 0.0700
             Curriculum/body_pose_range: 0.0500
                   Curriculum/com_range: 0.0030
              Curriculum/head_com_range: 0.0030
       Curriculum/head_pose_bias_weight: 0.0000
             Metrics/twist/error_vel_xy: 0.0242
            Metrics/twist/error_vel_yaw: 0.1912
           Episode_Termination/time_out: 0.0000
          Episode_Termination/fell_over: 148.7083
Episode_Termination/out_of_terrain_bounds: 0.0000
          Episode_Termination/nan_state: 0.0000
          Metrics/angular_momentum_mean: 0.0121
                  Metrics/air_time_mean: 0.0405
               Metrics/peak_height_mean: 0.0091
             Metrics/slip_velocity_mean: 0.2869
--------------------------------------------------------------------------------
                         Iteration time: 1.73s
                           Time elapsed: 00:07:47
                                    ETA: 00:05:48

################################################################################
[1m                           Learning iteration 229/400                           [0m 

                               Run name: hls2909-fix7
                            Total steps: 22609920 
                       Steps per second: 56945 
                        Collection time: 1.600s 
                          Learning time: 0.126s 
                        Mean value loss: 0.0232
                    Mean surrogate loss: -0.0186
                      Mean entropy loss: 11.2890
                            Mean reward: 0.56
                    Mean episode length: 28.15
                        Mean action std: 0.54
   Episode_Reward/track_linear_velocity: 0.0177
  Episode_Reward/track_angular_velocity: 0.0002
                 Episode_Reward/upright: 0.0192
                    Episode_Reward/pose: 0.0037
            Episode_Reward/body_ang_vel: -0.0368
        Episode_Reward/angular_momentum: -0.0000
          Episode_Reward/dof_pos_limits: -0.0025
          Episode_Reward/action_rate_l2: -0.0164
                Episode_Reward/air_time: 0.0041
          Episode_Reward/foot_clearance: -0.0005
       Episode_Reward/foot_swing_height: -0.0016
               Episode_Reward/foot_slip: -0.0002
         Episode_Reward/self_collisions: -0.0008
      Episode_Reward/head_pose_tracking: 0.0376
      Episode_Reward/body_pose_tracking: 0.0000
          Episode_Reward/head_pose_bias: 0.0000
        Episode_Metrics/mean_action_acc: 0.7999
          Curriculum/action_rate_weight: -0.1000
               Curriculum/standing_envs: 0.0200
             Curriculum/head_pose_range: 0.0700
             Curriculum/body_pose_range: 0.0500
                   Curriculum/com_range: 0.0030
              Curriculum/head_com_range: 0.0030
       Curriculum/head_pose_bias_weight: 0.0000
             Metrics/twist/error_vel_xy: 0.0240
            Metrics/twist/error_vel_yaw: 0.1924
           Episode_Termination/time_out: 0.0000
          Episode_Termination/fell_over: 145.1250
Episode_Termination/out_of_terrain_bounds: 0.0000
          Episode_Termination/nan_state: 0.0000
          Metrics/angular_momentum_mean: 0.0120
                  Metrics/air_time_mean: 0.0405
               Metrics/peak_height_mean: 0.0091
             Metrics/slip_velocity_mean: 0.2867
--------------------------------------------------------------------------------
                         Iteration time: 1.73s
                           Time elapsed: 00:07:48
                                    ETA: 00:05:46

################################################################################
[1m                           Learning iteration 230/400                           [0m 

                               Run name: hls2909-fix7
                            Total steps: 22708224 
                       Steps per second: 56694 
                        Collection time: 1.607s 
                          Learning time: 0.127s 
                        Mean value loss: 0.0228
                    Mean surrogate loss: -0.0191
                      Mean entropy loss: 11.2953
                            Mean reward: 0.46
                    Mean episode length: 27.23
                        Mean action std: 0.54
   Episode_Reward/track_linear_velocity: 0.0173
  Episode_Reward/track_angular_velocity: 0.0002
                 Episode_Reward/upright: 0.0196
                    Episode_Reward/pose: 0.0037
            Episode_Reward/body_ang_vel: -0.0368
        Episode_Reward/angular_momentum: -0.0000
          Episode_Reward/dof_pos_limits: -0.0025
          Episode_Reward/action_rate_l2: -0.0165
                Episode_Reward/air_time: 0.0039
          Episode_Reward/foot_clearance: -0.0005
       Episode_Reward/foot_swing_height: -0.0016
               Episode_Reward/foot_slip: -0.0002
         Episode_Reward/self_collisions: -0.0007
      Episode_Reward/head_pose_tracking: 0.0377
      Episode_Reward/body_pose_tracking: 0.0000
          Episode_Reward/head_pose_bias: 0.0000
        Episode_Metrics/mean_action_acc: 0.8001
          Curriculum/action_rate_weight: -0.1000
               Curriculum/standing_envs: 0.0200
             Curriculum/head_pose_range: 0.0700
             Curriculum/body_pose_range: 0.0500
                   Curriculum/com_range: 0.0030
              Curriculum/head_com_range: 0.0030
       Curriculum/head_pose_bias_weight: 0.0000
             Metrics/twist/error_vel_xy: 0.0244
            Metrics/twist/error_vel_yaw: 0.1924
           Episode_Termination/time_out: 0.0000
          Episode_Termination/fell_over: 145.7917
Episode_Termination/out_of_terrain_bounds: 0.0000
          Episode_Termination/nan_state: 0.0000
          Metrics/angular_momentum_mean: 0.0121
                  Metrics/air_time_mean: 0.0402
               Metrics/peak_height_mean: 0.0090
             Metrics/slip_velocity_mean: 0.2858
--------------------------------------------------------------------------------
                         Iteration time: 1.73s
                           Time elapsed: 00:07:50
                                    ETA: 00:05:44

################################################################################
[1m                           Learning iteration 231/400                           [0m 

                               Run name: hls2909-fix7
                            Total steps: 22806528 
                       Steps per second: 56609 
                        Collection time: 1.610s 
                          Learning time: 0.127s 
                        Mean value loss: 0.0226
                    Mean surrogate loss: -0.0197
                      Mean entropy loss: 11.2902
                            Mean reward: 0.44
                    Mean episode length: 27.38
                        Mean action std: 0.54
   Episode_Reward/track_linear_velocity: 0.0175
  Episode_Reward/track_angular_velocity: 0.0002
                 Episode_Reward/upright: 0.0197
                    Episode_Reward/pose: 0.0038
            Episode_Reward/body_ang_vel: -0.0373
        Episode_Reward/angular_momentum: -0.0000
          Episode_Reward/dof_pos_limits: -0.0025
          Episode_Reward/action_rate_l2: -0.0166
                Episode_Reward/air_time: 0.0043
          Episode_Reward/foot_clearance: -0.0005
       Episode_Reward/foot_swing_height: -0.0016
               Episode_Reward/foot_slip: -0.0002
         Episode_Reward/self_collisions: -0.0007
      Episode_Reward/head_pose_tracking: 0.0378
      Episode_Reward/body_pose_tracking: 0.0000
          Episode_Reward/head_pose_bias: 0.0000
        Episode_Metrics/mean_action_acc: 0.7996
          Curriculum/action_rate_weight: -0.1000
               Curriculum/standing_envs: 0.0200
             Curriculum/head_pose_range: 0.0700
             Curriculum/body_pose_range: 0.0500
                   Curriculum/com_range: 0.0030
              Curriculum/head_com_range: 0.0030
       Curriculum/head_pose_bias_weight: 0.0000
             Metrics/twist/error_vel_xy: 0.0244
            Metrics/twist/error_vel_yaw: 0.1927
           Episode_Termination/time_out: 0.0000
          Episode_Termination/fell_over: 147.3750
Episode_Termination/out_of_terrain_bounds: 0.0000
          Episode_Termination/nan_state: 0.0000
          Metrics/angular_momentum_mean: 0.0120
                  Metrics/air_time_mean: 0.0407
               Metrics/peak_height_mean: 0.0090
             Metrics/slip_velocity_mean: 0.2871
--------------------------------------------------------------------------------
                         Iteration time: 1.74s
                           Time elapsed: 00:07:52
                                    ETA: 00:05:42

################################################################################
[1m                           Learning iteration 232/400                           [0m 

                               Run name: hls2909-fix7
                            Total steps: 22904832 
                       Steps per second: 56759 
                        Collection time: 1.607s 
                          Learning time: 0.125s 
                        Mean value loss: 0.0231
                    Mean surrogate loss: -0.0205
                      Mean entropy loss: 11.3118
                            Mean reward: 0.50
                    Mean episode length: 28.87
                        Mean action std: 0.54
   Episode_Reward/track_linear_velocity: 0.0176
  Episode_Reward/track_angular_velocity: 0.0002
                 Episode_Reward/upright: 0.0196
                    Episode_Reward/pose: 0.0038
            Episode_Reward/body_ang_vel: -0.0366
        Episode_Reward/angular_momentum: -0.0000
          Episode_Reward/dof_pos_limits: -0.0024
          Episode_Reward/action_rate_l2: -0.0165
                Episode_Reward/air_time: 0.0043
          Episode_Reward/foot_clearance: -0.0005
       Episode_Reward/foot_swing_height: -0.0016
               Episode_Reward/foot_slip: -0.0002
         Episode_Reward/self_collisions: -0.0007
      Episode_Reward/head_pose_tracking: 0.0377
      Episode_Reward/body_pose_tracking: 0.0000
          Episode_Reward/head_pose_bias: 0.0000
        Episode_Metrics/mean_action_acc: 0.7996
          Curriculum/action_rate_weight: -0.1000
               Curriculum/standing_envs: 0.0200
             Curriculum/head_pose_range: 0.0700
             Curriculum/body_pose_range: 0.0500
                   Curriculum/com_range: 0.0030
              Curriculum/head_com_range: 0.0030
       Curriculum/head_pose_bias_weight: 0.0000
             Metrics/twist/error_vel_xy: 0.0242
            Metrics/twist/error_vel_yaw: 0.1927
           Episode_Termination/time_out: 0.0000
          Episode_Termination/fell_over: 147.9167
Episode_Termination/out_of_terrain_bounds: 0.0000
          Episode_Termination/nan_state: 0.0000
          Metrics/angular_momentum_mean: 0.0121
                  Metrics/air_time_mean: 0.0409
               Metrics/peak_height_mean: 0.0092
             Metrics/slip_velocity_mean: 0.2890
--------------------------------------------------------------------------------
                         Iteration time: 1.73s
                           Time elapsed: 00:07:54
                                    ETA: 00:05:39

################################################################################
[1m                           Learning iteration 233/400                           [0m 

                               Run name: hls2909-fix7
                            Total steps: 23003136 
                       Steps per second: 56346 
                        Collection time: 1.617s 
                          Learning time: 0.128s 
                        Mean value loss: 0.0231
                    Mean surrogate loss: -0.0205
                      Mean entropy loss: 11.3055
                            Mean reward: 0.51
                    Mean episode length: 28.22
                        Mean action std: 0.54
   Episode_Reward/track_linear_velocity: 0.0176
  Episode_Reward/track_angular_velocity: 0.0002
                 Episode_Reward/upright: 0.0195
                    Episode_Reward/pose: 0.0038
            Episode_Reward/body_ang_vel: -0.0372
        Episode_Reward/angular_momentum: -0.0000
          Episode_Reward/dof_pos_limits: -0.0025
          Episode_Reward/action_rate_l2: -0.0165
                Episode_Reward/air_time: 0.0042
          Episode_Reward/foot_clearance: -0.0005
       Episode_Reward/foot_swing_height: -0.0016
               Episode_Reward/foot_slip: -0.0002
         Episode_Reward/self_collisions: -0.0007
      Episode_Reward/head_pose_tracking: 0.0378
      Episode_Reward/body_pose_tracking: 0.0000
          Episode_Reward/head_pose_bias: 0.0000
        Episode_Metrics/mean_action_acc: 0.7992
          Curriculum/action_rate_weight: -0.1000
               Curriculum/standing_envs: 0.0200
             Curriculum/head_pose_range: 0.0700
             Curriculum/body_pose_range: 0.0500
                   Curriculum/com_range: 0.0030
              Curriculum/head_com_range: 0.0030
       Curriculum/head_pose_bias_weight: 0.0000
             Metrics/twist/error_vel_xy: 0.0243
            Metrics/twist/error_vel_yaw: 0.1928
           Episode_Termination/time_out: 0.0000
          Episode_Termination/fell_over: 142.7500
Episode_Termination/out_of_terrain_bounds: 0.0000
          Episode_Termination/nan_state: 0.0000
          Metrics/angular_momentum_mean: 0.0120
                  Metrics/air_time_mean: 0.0403
               Metrics/peak_height_mean: 0.0091
             Metrics/slip_velocity_mean: 0.2880
--------------------------------------------------------------------------------
                         Iteration time: 1.74s
                           Time elapsed: 00:07:55
                                    ETA: 00:05:37

################################################################################
[1m                           Learning iteration 234/400                           [0m 

                               Run name: hls2909-fix7
                            Total steps: 23101440 
                       Steps per second: 56276 
                        Collection time: 1.621s 
                          Learning time: 0.125s 
                        Mean value loss: 0.0234
                    Mean surrogate loss: -0.0202
                      Mean entropy loss: 11.3164
                            Mean reward: 0.46
                    Mean episode length: 27.05
                        Mean action std: 0.54
   Episode_Reward/track_linear_velocity: 0.0178
  Episode_Reward/track_angular_velocity: 0.0002
                 Episode_Reward/upright: 0.0196
                    Episode_Reward/pose: 0.0037
            Episode_Reward/body_ang_vel: -0.0373
        Episode_Reward/angular_momentum: -0.0000
          Episode_Reward/dof_pos_limits: -0.0026
          Episode_Reward/action_rate_l2: -0.0166
                Episode_Reward/air_time: 0.0041
          Episode_Reward/foot_clearance: -0.0005
       Episode_Reward/foot_swing_height: -0.0016
               Episode_Reward/foot_slip: -0.0002
         Episode_Reward/self_collisions: -0.0008
      Episode_Reward/head_pose_tracking: 0.0378
      Episode_Reward/body_pose_tracking: 0.0000
          Episode_Reward/head_pose_bias: 0.0000
        Episode_Metrics/mean_action_acc: 0.7981
          Curriculum/action_rate_weight: -0.1000
               Curriculum/standing_envs: 0.0200
             Curriculum/head_pose_range: 0.0700
             Curriculum/body_pose_range: 0.0500
                   Curriculum/com_range: 0.0030
              Curriculum/head_com_range: 0.0030
       Curriculum/head_pose_bias_weight: 0.0000
             Metrics/twist/error_vel_xy: 0.0244
            Metrics/twist/error_vel_yaw: 0.1939
           Episode_Termination/time_out: 0.0000
          Episode_Termination/fell_over: 148.0000
Episode_Termination/out_of_terrain_bounds: 0.0000
          Episode_Termination/nan_state: 0.0000
          Metrics/angular_momentum_mean: 0.0121
                  Metrics/air_time_mean: 0.0407
               Metrics/peak_height_mean: 0.0092
             Metrics/slip_velocity_mean: 0.2889
--------------------------------------------------------------------------------
                         Iteration time: 1.75s
                           Time elapsed: 00:07:57
                                    ETA: 00:05:35

################################################################################
[1m                           Learning iteration 235/400                           [0m 

                               Run name: hls2909-fix7
                            Total steps: 23199744 
                       Steps per second: 56952 
                        Collection time: 1.601s 
                          Learning time: 0.125s 
                        Mean value loss: 0.0234
                    Mean surrogate loss: -0.0191
                      Mean entropy loss: 11.3059
                            Mean reward: 0.43
                    Mean episode length: 28.25
                        Mean action std: 0.54
   Episode_Reward/track_linear_velocity: 0.0173
  Episode_Reward/track_angular_velocity: 0.0002
                 Episode_Reward/upright: 0.0194
                    Episode_Reward/pose: 0.0038
            Episode_Reward/body_ang_vel: -0.0377
        Episode_Reward/angular_momentum: -0.0000
          Episode_Reward/dof_pos_limits: -0.0025
          Episode_Reward/action_rate_l2: -0.0165
                Episode_Reward/air_time: 0.0043
          Episode_Reward/foot_clearance: -0.0005
       Episode_Reward/foot_swing_height: -0.0016
               Episode_Reward/foot_slip: -0.0002
         Episode_Reward/self_collisions: -0.0007
      Episode_Reward/head_pose_tracking: 0.0376
      Episode_Reward/body_pose_tracking: 0.0000
          Episode_Reward/head_pose_bias: 0.0000
        Episode_Metrics/mean_action_acc: 0.7986
          Curriculum/action_rate_weight: -0.1000
               Curriculum/standing_envs: 0.0200
             Curriculum/head_pose_range: 0.0700
             Curriculum/body_pose_range: 0.0500
                   Curriculum/com_range: 0.0030
              Curriculum/head_com_range: 0.0030
       Curriculum/head_pose_bias_weight: 0.0000
             Metrics/twist/error_vel_xy: 0.0245
            Metrics/twist/error_vel_yaw: 0.1953
           Episode_Termination/time_out: 0.0000
          Episode_Termination/fell_over: 145.4583
Episode_Termination/out_of_terrain_bounds: 0.0000
          Episode_Termination/nan_state: 0.0000
          Metrics/angular_momentum_mean: 0.0121
                  Metrics/air_time_mean: 0.0405
               Metrics/peak_height_mean: 0.0091
             Metrics/slip_velocity_mean: 0.2881
--------------------------------------------------------------------------------
                         Iteration time: 1.73s
                           Time elapsed: 00:07:59
                                    ETA: 00:05:33

################################################################################
[1m                           Learning iteration 236/400                           [0m 

                               Run name: hls2909-fix7
                            Total steps: 23298048 
                       Steps per second: 56795 
                        Collection time: 1.604s 
                          Learning time: 0.127s 
                        Mean value loss: 0.0233
                    Mean surrogate loss: -0.0200
                      Mean entropy loss: 11.3141
                            Mean reward: 0.53
                    Mean episode length: 27.73
                        Mean action std: 0.54
   Episode_Reward/track_linear_velocity: 0.0175
  Episode_Reward/track_angular_velocity: 0.0002
                 Episode_Reward/upright: 0.0196
                    Episode_Reward/pose: 0.0038
            Episode_Reward/body_ang_vel: -0.0371
        Episode_Reward/angular_momentum: -0.0000
          Episode_Reward/dof_pos_limits: -0.0025
          Episode_Reward/action_rate_l2: -0.0166
                Episode_Reward/air_time: 0.0042
          Episode_Reward/foot_clearance: -0.0005
       Episode_Reward/foot_swing_height: -0.0016
               Episode_Reward/foot_slip: -0.0002
         Episode_Reward/self_collisions: -0.0007
      Episode_Reward/head_pose_tracking: 0.0378
      Episode_Reward/body_pose_tracking: 0.0000
          Episode_Reward/head_pose_bias: 0.0000
        Episode_Metrics/mean_action_acc: 0.7980
          Curriculum/action_rate_weight: -0.1000
               Curriculum/standing_envs: 0.0200
             Curriculum/head_pose_range: 0.0700
             Curriculum/body_pose_range: 0.0500
                   Curriculum/com_range: 0.0030
              Curriculum/head_com_range: 0.0030
       Curriculum/head_pose_bias_weight: 0.0000
             Metrics/twist/error_vel_xy: 0.0246
            Metrics/twist/error_vel_yaw: 0.1930
           Episode_Termination/time_out: 0.0000
          Episode_Termination/fell_over: 146.8750
Episode_Termination/out_of_terrain_bounds: 0.0000
          Episode_Termination/nan_state: 0.0000
          Metrics/angular_momentum_mean: 0.0121
                  Metrics/air_time_mean: 0.0405
               Metrics/peak_height_mean: 0.0092
             Metrics/slip_velocity_mean: 0.2862
--------------------------------------------------------------------------------
                         Iteration time: 1.73s
                           Time elapsed: 00:08:01
                                    ETA: 00:05:30

################################################################################
[1m                           Learning iteration 237/400                           [0m 

                               Run name: hls2909-fix7
                            Total steps: 23396352 
                       Steps per second: 56819 
                        Collection time: 1.604s 
                          Learning time: 0.126s 
                        Mean value loss: 0.0229
                    Mean surrogate loss: -0.0207
                      Mean entropy loss: 11.3174
                            Mean reward: 0.49
                    Mean episode length: 28.54
                        Mean action std: 0.54
   Episode_Reward/track_linear_velocity: 0.0174
  Episode_Reward/track_angular_velocity: 0.0002
                 Episode_Reward/upright: 0.0195
                    Episode_Reward/pose: 0.0038
            Episode_Reward/body_ang_vel: -0.0369
        Episode_Reward/angular_momentum: -0.0000
          Episode_Reward/dof_pos_limits: -0.0026
          Episode_Reward/action_rate_l2: -0.0166
                Episode_Reward/air_time: 0.0043
          Episode_Reward/foot_clearance: -0.0005
       Episode_Reward/foot_swing_height: -0.0016
               Episode_Reward/foot_slip: -0.0002
         Episode_Reward/self_collisions: -0.0008
      Episode_Reward/head_pose_tracking: 0.0380
      Episode_Reward/body_pose_tracking: 0.0000
          Episode_Reward/head_pose_bias: 0.0000
        Episode_Metrics/mean_action_acc: 0.7980
          Curriculum/action_rate_weight: -0.1000
               Curriculum/standing_envs: 0.0200
             Curriculum/head_pose_range: 0.0700
             Curriculum/body_pose_range: 0.0500
                   Curriculum/com_range: 0.0030
              Curriculum/head_com_range: 0.0030
       Curriculum/head_pose_bias_weight: 0.0000
             Metrics/twist/error_vel_xy: 0.0246
            Metrics/twist/error_vel_yaw: 0.1908
           Episode_Termination/time_out: 0.0000
          Episode_Termination/fell_over: 148.2500
Episode_Termination/out_of_terrain_bounds: 0.0000
          Episode_Termination/nan_state: 0.0000
          Metrics/angular_momentum_mean: 0.0121
                  Metrics/air_time_mean: 0.0409
               Metrics/peak_height_mean: 0.0092
             Metrics/slip_velocity_mean: 0.2862
--------------------------------------------------------------------------------
                         Iteration time: 1.73s
                           Time elapsed: 00:08:02
                                    ETA: 00:05:28

################################################################################
[1m                           Learning iteration 238/400                           [0m 

                               Run name: hls2909-fix7
                            Total steps: 23494656 
                       Steps per second: 56875 
                        Collection time: 1.601s 
                          Learning time: 0.128s 
                        Mean value loss: 0.0229
                    Mean surrogate loss: -0.0202
                      Mean entropy loss: 11.3198
                            Mean reward: 0.51
                    Mean episode length: 28.86
                        Mean action std: 0.54
   Episode_Reward/track_linear_velocity: 0.0172
  Episode_Reward/track_angular_velocity: 0.0002
                 Episode_Reward/upright: 0.0194
                    Episode_Reward/pose: 0.0037
            Episode_Reward/body_ang_vel: -0.0373
        Episode_Reward/angular_momentum: -0.0000
          Episode_Reward/dof_pos_limits: -0.0025
          Episode_Reward/action_rate_l2: -0.0165
                Episode_Reward/air_time: 0.0042
          Episode_Reward/foot_clearance: -0.0005
       Episode_Reward/foot_swing_height: -0.0016
               Episode_Reward/foot_slip: -0.0002
         Episode_Reward/self_collisions: -0.0007
      Episode_Reward/head_pose_tracking: 0.0378
      Episode_Reward/body_pose_tracking: 0.0000
          Episode_Reward/head_pose_bias: 0.0000
        Episode_Metrics/mean_action_acc: 0.7985
          Curriculum/action_rate_weight: -0.1000
               Curriculum/standing_envs: 0.0200
             Curriculum/head_pose_range: 0.0700
             Curriculum/body_pose_range: 0.0500
                   Curriculum/com_range: 0.0030
              Curriculum/head_com_range: 0.0030
       Curriculum/head_pose_bias_weight: 0.0000
             Metrics/twist/error_vel_xy: 0.0246
            Metrics/twist/error_vel_yaw: 0.1930
           Episode_Termination/time_out: 0.0000
          Episode_Termination/fell_over: 146.1250
Episode_Termination/out_of_terrain_bounds: 0.0000
          Episode_Termination/nan_state: 0.0000
          Metrics/angular_momentum_mean: 0.0122
                  Metrics/air_time_mean: 0.0404
               Metrics/peak_height_mean: 0.0093
             Metrics/slip_velocity_mean: 0.2891
--------------------------------------------------------------------------------
                         Iteration time: 1.73s
                           Time elapsed: 00:08:04
                                    ETA: 00:05:26

################################################################################
[1m                           Learning iteration 239/400                           [0m 

                               Run name: hls2909-fix7
                            Total steps: 23592960 
                       Steps per second: 56162 
                        Collection time: 1.622s 
                          Learning time: 0.128s 
                        Mean value loss: 0.0231
                    Mean surrogate loss: -0.0198
                      Mean entropy loss: 11.3248
                            Mean reward: 0.47
                    Mean episode length: 27.43
                        Mean action std: 0.54
   Episode_Reward/track_linear_velocity: 0.0174
  Episode_Reward/track_angular_velocity: 0.0002
                 Episode_Reward/upright: 0.0194
                    Episode_Reward/pose: 0.0037
            Episode_Reward/body_ang_vel: -0.0364
        Episode_Reward/angular_momentum: -0.0000
          Episode_Reward/dof_pos_limits: -0.0025
          Episode_Reward/action_rate_l2: -0.0165
                Episode_Reward/air_time: 0.0040
          Episode_Reward/foot_clearance: -0.0005
       Episode_Reward/foot_swing_height: -0.0016
               Episode_Reward/foot_slip: -0.0002
         Episode_Reward/self_collisions: -0.0007
      Episode_Reward/head_pose_tracking: 0.0377
      Episode_Reward/body_pose_tracking: 0.0000
          Episode_Reward/head_pose_bias: 0.0000
        Episode_Metrics/mean_action_acc: 0.7992
          Curriculum/action_rate_weight: -0.1000
               Curriculum/standing_envs: 0.0200
             Curriculum/head_pose_range: 0.0700
             Curriculum/body_pose_range: 0.0500
                   Curriculum/com_range: 0.0030
              Curriculum/head_com_range: 0.0030
       Curriculum/head_pose_bias_weight: 0.0000
             Metrics/twist/error_vel_xy: 0.0245
            Metrics/twist/error_vel_yaw: 0.1923
           Episode_Termination/time_out: 0.0000
          Episode_Termination/fell_over: 146.0833
Episode_Termination/out_of_terrain_bounds: 0.0000
          Episode_Termination/nan_state: 0.0000
          Metrics/angular_momentum_mean: 0.0121
                  Metrics/air_time_mean: 0.0405
               Metrics/peak_height_mean: 0.0092
             Metrics/slip_velocity_mean: 0.2872
--------------------------------------------------------------------------------
                         Iteration time: 1.75s
                           Time elapsed: 00:08:06
                                    ETA: 00:05:24

################################################################################
[1m                           Learning iteration 240/400                           [0m 

                               Run name: hls2909-fix7
                            Total steps: 23691264 
                       Steps per second: 55672 
                        Collection time: 1.638s 
                          Learning time: 0.128s 
                        Mean value loss: 0.0234
                    Mean surrogate loss: -0.0179
                      Mean entropy loss: 11.3223
                            Mean reward: 0.39
                    Mean episode length: 28.16
                        Mean action std: 0.54
   Episode_Reward/track_linear_velocity: 0.0172
  Episode_Reward/track_angular_velocity: 0.0002
                 Episode_Reward/upright: 0.0193
                    Episode_Reward/pose: 0.0037
            Episode_Reward/body_ang_vel: -0.0369
        Episode_Reward/angular_momentum: -0.0000
          Episode_Reward/dof_pos_limits: -0.0025
          Episode_Reward/action_rate_l2: -0.0165
                Episode_Reward/air_time: 0.0041
          Episode_Reward/foot_clearance: -0.0005
       Episode_Reward/foot_swing_height: -0.0016
               Episode_Reward/foot_slip: -0.0002
         Episode_Reward/self_collisions: -0.0007
      Episode_Reward/head_pose_tracking: 0.0377
      Episode_Reward/body_pose_tracking: 0.0000
          Episode_Reward/head_pose_bias: 0.0000
        Episode_Metrics/mean_action_acc: 0.7986
          Curriculum/action_rate_weight: -0.1000
               Curriculum/standing_envs: 0.0200
             Curriculum/head_pose_range: 0.0700
             Curriculum/body_pose_range: 0.0500
                   Curriculum/com_range: 0.0030
              Curriculum/head_com_range: 0.0030
       Curriculum/head_pose_bias_weight: 0.0000
             Metrics/twist/error_vel_xy: 0.0245
            Metrics/twist/error_vel_yaw: 0.1940
           Episode_Termination/time_out: 0.0000
          Episode_Termination/fell_over: 147.4583
Episode_Termination/out_of_terrain_bounds: 0.0000
          Episode_Termination/nan_state: 0.0000
          Metrics/angular_momentum_mean: 0.0120
                  Metrics/air_time_mean: 0.0403
               Metrics/peak_height_mean: 0.0092
             Metrics/slip_velocity_mean: 0.2891
--------------------------------------------------------------------------------
                         Iteration time: 1.77s
                           Time elapsed: 00:08:07
                                    ETA: 00:05:21

################################################################################
[1m                           Learning iteration 241/400                           [0m 

                               Run name: hls2909-fix7
                            Total steps: 23789568 
                       Steps per second: 56400 
                        Collection time: 1.612s 
                          Learning time: 0.131s 
                        Mean value loss: 0.0233
                    Mean surrogate loss: -0.0190
                      Mean entropy loss: 11.3294
                            Mean reward: 0.47
                    Mean episode length: 28.52
                        Mean action std: 0.54
   Episode_Reward/track_linear_velocity: 0.0177
  Episode_Reward/track_angular_velocity: 0.0002
                 Episode_Reward/upright: 0.0196
                    Episode_Reward/pose: 0.0037
            Episode_Reward/body_ang_vel: -0.0367
        Episode_Reward/angular_momentum: -0.0000
          Episode_Reward/dof_pos_limits: -0.0026
          Episode_Reward/action_rate_l2: -0.0165
                Episode_Reward/air_time: 0.0040
          Episode_Reward/foot_clearance: -0.0005
       Episode_Reward/foot_swing_height: -0.0016
               Episode_Reward/foot_slip: -0.0002
         Episode_Reward/self_collisions: -0.0008
      Episode_Reward/head_pose_tracking: 0.0377
      Episode_Reward/body_pose_tracking: 0.0000
          Episode_Reward/head_pose_bias: 0.0000
        Episode_Metrics/mean_action_acc: 0.7966
          Curriculum/action_rate_weight: -0.1000
               Curriculum/standing_envs: 0.0200
             Curriculum/head_pose_range: 0.0700
             Curriculum/body_pose_range: 0.0500
                   Curriculum/com_range: 0.0030
              Curriculum/head_com_range: 0.0030
       Curriculum/head_pose_bias_weight: 0.0000
             Metrics/twist/error_vel_xy: 0.0244
            Metrics/twist/error_vel_yaw: 0.1935
           Episode_Termination/time_out: 0.0000
          Episode_Termination/fell_over: 146.2500
Episode_Termination/out_of_terrain_bounds: 0.0000
          Episode_Termination/nan_state: 0.0000
          Metrics/angular_momentum_mean: 0.0121
                  Metrics/air_time_mean: 0.0405
               Metrics/peak_height_mean: 0.0091
             Metrics/slip_velocity_mean: 0.2870
--------------------------------------------------------------------------------
                         Iteration time: 1.74s
                           Time elapsed: 00:08:09
                                    ETA: 00:05:19

################################################################################
[1m                           Learning iteration 242/400                           [0m 

                               Run name: hls2909-fix7
                            Total steps: 23887872 
                       Steps per second: 55996 
                        Collection time: 1.626s 
                          Learning time: 0.130s 
                        Mean value loss: 0.0228
                    Mean surrogate loss: -0.0208
                      Mean entropy loss: 11.3395
                            Mean reward: 0.46
                    Mean episode length: 28.53
                        Mean action std: 0.54
   Episode_Reward/track_linear_velocity: 0.0175
  Episode_Reward/track_angular_velocity: 0.0002
                 Episode_Reward/upright: 0.0195
                    Episode_Reward/pose: 0.0037
            Episode_Reward/body_ang_vel: -0.0372
        Episode_Reward/angular_momentum: -0.0000
          Episode_Reward/dof_pos_limits: -0.0025
          Episode_Reward/action_rate_l2: -0.0166
                Episode_Reward/air_time: 0.0042
          Episode_Reward/foot_clearance: -0.0005
       Episode_Reward/foot_swing_height: -0.0016
               Episode_Reward/foot_slip: -0.0002
         Episode_Reward/self_collisions: -0.0007
      Episode_Reward/head_pose_tracking: 0.0379
      Episode_Reward/body_pose_tracking: 0.0000
          Episode_Reward/head_pose_bias: 0.0000
        Episode_Metrics/mean_action_acc: 0.7987
          Curriculum/action_rate_weight: -0.1000
               Curriculum/standing_envs: 0.0200
             Curriculum/head_pose_range: 0.0700
             Curriculum/body_pose_range: 0.0500
                   Curriculum/com_range: 0.0030
              Curriculum/head_com_range: 0.0030
       Curriculum/head_pose_bias_weight: 0.0000
             Metrics/twist/error_vel_xy: 0.0244
            Metrics/twist/error_vel_yaw: 0.1953
           Episode_Termination/time_out: 0.0000
          Episode_Termination/fell_over: 144.4583
Episode_Termination/out_of_terrain_bounds: 0.0000
          Episode_Termination/nan_state: 0.0000
          Metrics/angular_momentum_mean: 0.0120
                  Metrics/air_time_mean: 0.0407
               Metrics/peak_height_mean: 0.0092
             Metrics/slip_velocity_mean: 0.2888
--------------------------------------------------------------------------------
                         Iteration time: 1.76s
                           Time elapsed: 00:08:11
                                    ETA: 00:05:17

################################################################################
[1m                           Learning iteration 243/400                           [0m 

                               Run name: hls2909-fix7
                            Total steps: 23986176 
                       Steps per second: 57130 
                        Collection time: 1.594s 
                          Learning time: 0.127s 
                        Mean value loss: 0.0232
                    Mean surrogate loss: -0.0178
                      Mean entropy loss: 11.3625
                            Mean reward: 0.47
                    Mean episode length: 28.98
                        Mean action std: 0.55
   Episode_Reward/track_linear_velocity: 0.0176
  Episode_Reward/track_angular_velocity: 0.0002
                 Episode_Reward/upright: 0.0196
                    Episode_Reward/pose: 0.0037
            Episode_Reward/body_ang_vel: -0.0366
        Episode_Reward/angular_momentum: -0.0000
          Episode_Reward/dof_pos_limits: -0.0026
          Episode_Reward/action_rate_l2: -0.0167
                Episode_Reward/air_time: 0.0043
          Episode_Reward/foot_clearance: -0.0005
       Episode_Reward/foot_swing_height: -0.0016
               Episode_Reward/foot_slip: -0.0002
         Episode_Reward/self_collisions: -0.0008
      Episode_Reward/head_pose_tracking: 0.0380
      Episode_Reward/body_pose_tracking: 0.0000
          Episode_Reward/head_pose_bias: 0.0000
        Episode_Metrics/mean_action_acc: 0.7975
          Curriculum/action_rate_weight: -0.1000
               Curriculum/standing_envs: 0.0200
             Curriculum/head_pose_range: 0.0700
             Curriculum/body_pose_range: 0.0500
                   Curriculum/com_range: 0.0030
              Curriculum/head_com_range: 0.0030
       Curriculum/head_pose_bias_weight: 0.0000
             Metrics/twist/error_vel_xy: 0.0246
            Metrics/twist/error_vel_yaw: 0.1934
           Episode_Termination/time_out: 0.0000
          Episode_Termination/fell_over: 145.9167
Episode_Termination/out_of_terrain_bounds: 0.0000
          Episode_Termination/nan_state: 0.0000
          Metrics/angular_momentum_mean: 0.0120
                  Metrics/air_time_mean: 0.0407
               Metrics/peak_height_mean: 0.0092
             Metrics/slip_velocity_mean: 0.2893
--------------------------------------------------------------------------------
                         Iteration time: 1.72s
                           Time elapsed: 00:08:13
                                    ETA: 00:05:15

################################################################################
[1m                           Learning iteration 244/400                           [0m 

                               Run name: hls2909-fix7
                            Total steps: 24084480 
                       Steps per second: 56639 
                        Collection time: 1.608s 
                          Learning time: 0.128s 
                        Mean value loss: 0.0229
                    Mean surrogate loss: -0.0202
                      Mean entropy loss: 11.3669
                            Mean reward: 0.49
                    Mean episode length: 28.61
                        Mean action std: 0.55
   Episode_Reward/track_linear_velocity: 0.0176
  Episode_Reward/track_angular_velocity: 0.0002
                 Episode_Reward/upright: 0.0194
                    Episode_Reward/pose: 0.0038
            Episode_Reward/body_ang_vel: -0.0370
        Episode_Reward/angular_momentum: -0.0000
          Episode_Reward/dof_pos_limits: -0.0026
          Episode_Reward/action_rate_l2: -0.0166
                Episode_Reward/air_time: 0.0042
          Episode_Reward/foot_clearance: -0.0005
       Episode_Reward/foot_swing_height: -0.0016
               Episode_Reward/foot_slip: -0.0002
         Episode_Reward/self_collisions: -0.0008
      Episode_Reward/head_pose_tracking: 0.0376
      Episode_Reward/body_pose_tracking: 0.0000
          Episode_Reward/head_pose_bias: 0.0000
        Episode_Metrics/mean_action_acc: 0.7971
          Curriculum/action_rate_weight: -0.1000
               Curriculum/standing_envs: 0.0200
             Curriculum/head_pose_range: 0.0700
             Curriculum/body_pose_range: 0.0500
                   Curriculum/com_range: 0.0030
              Curriculum/head_com_range: 0.0030
       Curriculum/head_pose_bias_weight: 0.0000
             Metrics/twist/error_vel_xy: 0.0245
            Metrics/twist/error_vel_yaw: 0.1938
           Episode_Termination/time_out: 0.0000
          Episode_Termination/fell_over: 146.2917
Episode_Termination/out_of_terrain_bounds: 0.0000
          Episode_Termination/nan_state: 0.0000
          Metrics/angular_momentum_mean: 0.0120
                  Metrics/air_time_mean: 0.0405
               Metrics/peak_height_mean: 0.0092
             Metrics/slip_velocity_mean: 0.2841
--------------------------------------------------------------------------------
                         Iteration time: 1.74s
                           Time elapsed: 00:08:14
                                    ETA: 00:05:13

################################################################################
[1m                           Learning iteration 245/400                           [0m 

                               Run name: hls2909-fix7
                            Total steps: 24182784 
                       Steps per second: 56647 
                        Collection time: 1.607s 
                          Learning time: 0.129s 
                        Mean value loss: 0.0228
                    Mean surrogate loss: -0.0206
                      Mean entropy loss: 11.3667
                            Mean reward: 0.51
                    Mean episode length: 27.12
                        Mean action std: 0.55
   Episode_Reward/track_linear_velocity: 0.0174
  Episode_Reward/track_angular_velocity: 0.0002
                 Episode_Reward/upright: 0.0194
                    Episode_Reward/pose: 0.0037
            Episode_Reward/body_ang_vel: -0.0372
        Episode_Reward/angular_momentum: -0.0000
          Episode_Reward/dof_pos_limits: -0.0025
          Episode_Reward/action_rate_l2: -0.0165
                Episode_Reward/air_time: 0.0041
          Episode_Reward/foot_clearance: -0.0005
       Episode_Reward/foot_swing_height: -0.0016
               Episode_Reward/foot_slip: -0.0002
         Episode_Reward/self_collisions: -0.0007
      Episode_Reward/head_pose_tracking: 0.0374
      Episode_Reward/body_pose_tracking: 0.0000
          Episode_Reward/head_pose_bias: 0.0000
        Episode_Metrics/mean_action_acc: 0.7976
          Curriculum/action_rate_weight: -0.1000
               Curriculum/standing_envs: 0.0200
             Curriculum/head_pose_range: 0.0700
             Curriculum/body_pose_range: 0.0500
                   Curriculum/com_range: 0.0030
              Curriculum/head_com_range: 0.0030
       Curriculum/head_pose_bias_weight: 0.0000
             Metrics/twist/error_vel_xy: 0.0244
            Metrics/twist/error_vel_yaw: 0.1909
           Episode_Termination/time_out: 0.0000
          Episode_Termination/fell_over: 148.9167
Episode_Termination/out_of_terrain_bounds: 0.0000
          Episode_Termination/nan_state: 0.0000
          Metrics/angular_momentum_mean: 0.0122
                  Metrics/air_time_mean: 0.0403
               Metrics/peak_height_mean: 0.0092
             Metrics/slip_velocity_mean: 0.2903
--------------------------------------------------------------------------------
                         Iteration time: 1.74s
                           Time elapsed: 00:08:16
                                    ETA: 00:05:10

################################################################################
[1m                           Learning iteration 246/400                           [0m 

                               Run name: hls2909-fix7
                            Total steps: 24281088 
                       Steps per second: 55977 
                        Collection time: 1.628s 
                          Learning time: 0.128s 
                        Mean value loss: 0.0227
                    Mean surrogate loss: -0.0187
                      Mean entropy loss: 11.3669
                            Mean reward: 0.43
                    Mean episode length: 28.18
                        Mean action std: 0.54
   Episode_Reward/track_linear_velocity: 0.0175
  Episode_Reward/track_angular_velocity: 0.0002
                 Episode_Reward/upright: 0.0195
                    Episode_Reward/pose: 0.0037
            Episode_Reward/body_ang_vel: -0.0370
        Episode_Reward/angular_momentum: -0.0000
          Episode_Reward/dof_pos_limits: -0.0025
          Episode_Reward/action_rate_l2: -0.0166
                Episode_Reward/air_time: 0.0041
          Episode_Reward/foot_clearance: -0.0005
       Episode_Reward/foot_swing_height: -0.0016
               Episode_Reward/foot_slip: -0.0002
         Episode_Reward/self_collisions: -0.0007
      Episode_Reward/head_pose_tracking: 0.0377
      Episode_Reward/body_pose_tracking: 0.0000
          Episode_Reward/head_pose_bias: 0.0000
        Episode_Metrics/mean_action_acc: 0.7987
          Curriculum/action_rate_weight: -0.1000
               Curriculum/standing_envs: 0.0200
             Curriculum/head_pose_range: 0.0700
             Curriculum/body_pose_range: 0.0500
                   Curriculum/com_range: 0.0030
              Curriculum/head_com_range: 0.0030
       Curriculum/head_pose_bias_weight: 0.0000
             Metrics/twist/error_vel_xy: 0.0243
            Metrics/twist/error_vel_yaw: 0.1921
           Episode_Termination/time_out: 0.0000
          Episode_Termination/fell_over: 146.0000
Episode_Termination/out_of_terrain_bounds: 0.0000
          Episode_Termination/nan_state: 0.0000
          Metrics/angular_momentum_mean: 0.0122
                  Metrics/air_time_mean: 0.0406
               Metrics/peak_height_mean: 0.0091
             Metrics/slip_velocity_mean: 0.2892
--------------------------------------------------------------------------------
                         Iteration time: 1.76s
                           Time elapsed: 00:08:18
                                    ETA: 00:05:08

################################################################################
[1m                           Learning iteration 247/400                           [0m 

                               Run name: hls2909-fix7
                            Total steps: 24379392 
                       Steps per second: 56487 
                        Collection time: 1.611s 
                          Learning time: 0.130s 
                        Mean value loss: 0.0231
                    Mean surrogate loss: -0.0203
                      Mean entropy loss: 11.3744
                            Mean reward: 0.47
                    Mean episode length: 28.45
                        Mean action std: 0.55
   Episode_Reward/track_linear_velocity: 0.0175
  Episode_Reward/track_angular_velocity: 0.0002
                 Episode_Reward/upright: 0.0191
                    Episode_Reward/pose: 0.0037
            Episode_Reward/body_ang_vel: -0.0366
        Episode_Reward/angular_momentum: -0.0000
          Episode_Reward/dof_pos_limits: -0.0025
          Episode_Reward/action_rate_l2: -0.0165
                Episode_Reward/air_time: 0.0042
          Episode_Reward/foot_clearance: -0.0005
       Episode_Reward/foot_swing_height: -0.0016
               Episode_Reward/foot_slip: -0.0002
         Episode_Reward/self_collisions: -0.0007
      Episode_Reward/head_pose_tracking: 0.0375
      Episode_Reward/body_pose_tracking: 0.0000
          Episode_Reward/head_pose_bias: 0.0000
        Episode_Metrics/mean_action_acc: 0.7978
          Curriculum/action_rate_weight: -0.1000
               Curriculum/standing_envs: 0.0200
             Curriculum/head_pose_range: 0.0700
             Curriculum/body_pose_range: 0.0500
                   Curriculum/com_range: 0.0030
              Curriculum/head_com_range: 0.0030
       Curriculum/head_pose_bias_weight: 0.0000
             Metrics/twist/error_vel_xy: 0.0242
            Metrics/twist/error_vel_yaw: 0.1916
           Episode_Termination/time_out: 0.0000
          Episode_Termination/fell_over: 146.4167
Episode_Termination/out_of_terrain_bounds: 0.0000
          Episode_Termination/nan_state: 0.0000
          Metrics/angular_momentum_mean: 0.0121
                  Metrics/air_time_mean: 0.0406
               Metrics/peak_height_mean: 0.0092
             Metrics/slip_velocity_mean: 0.2869
--------------------------------------------------------------------------------
                         Iteration time: 1.74s
                           Time elapsed: 00:08:20
                                    ETA: 00:05:06

################################################################################
[1m                           Learning iteration 248/400                           [0m 

                               Run name: hls2909-fix7
                            Total steps: 24477696 
                       Steps per second: 56221 
                        Collection time: 1.617s 
                          Learning time: 0.132s 
                        Mean value loss: 0.0232
                    Mean surrogate loss: -0.0206
                      Mean entropy loss: 11.3661
                            Mean reward: 0.45
                    Mean episode length: 27.29
                        Mean action std: 0.54
   Episode_Reward/track_linear_velocity: 0.0174
  Episode_Reward/track_angular_velocity: 0.0002
                 Episode_Reward/upright: 0.0196
                    Episode_Reward/pose: 0.0037
            Episode_Reward/body_ang_vel: -0.0370
        Episode_Reward/angular_momentum: -0.0000
          Episode_Reward/dof_pos_limits: -0.0025
          Episode_Reward/action_rate_l2: -0.0166
                Episode_Reward/air_time: 0.0041
          Episode_Reward/foot_clearance: -0.0005
       Episode_Reward/foot_swing_height: -0.0016
               Episode_Reward/foot_slip: -0.0002
         Episode_Reward/self_collisions: -0.0007
      Episode_Reward/head_pose_tracking: 0.0378
      Episode_Reward/body_pose_tracking: 0.0000
          Episode_Reward/head_pose_bias: 0.0000
        Episode_Metrics/mean_action_acc: 0.7985
          Curriculum/action_rate_weight: -0.1000
               Curriculum/standing_envs: 0.0200
             Curriculum/head_pose_range: 0.0700
             Curriculum/body_pose_range: 0.0500
                   Curriculum/com_range: 0.0030
              Curriculum/head_com_range: 0.0030
       Curriculum/head_pose_bias_weight: 0.0000
             Metrics/twist/error_vel_xy: 0.0245
            Metrics/twist/error_vel_yaw: 0.1921
           Episode_Termination/time_out: 0.0000
          Episode_Termination/fell_over: 147.8333
Episode_Termination/out_of_terrain_bounds: 0.0000
          Episode_Termination/nan_state: 0.0000
          Metrics/angular_momentum_mean: 0.0121
                  Metrics/air_time_mean: 0.0405
               Metrics/peak_height_mean: 0.0092
             Metrics/slip_velocity_mean: 0.2870
--------------------------------------------------------------------------------
                         Iteration time: 1.75s
                           Time elapsed: 00:08:21
                                    ETA: 00:05:04

################################################################################
[1m                           Learning iteration 249/400                           [0m 

                               Run name: hls2909-fix7
                            Total steps: 24576000 
                       Steps per second: 56078 
                        Collection time: 1.625s 
                          Learning time: 0.128s 
                        Mean value loss: 0.0228
                    Mean surrogate loss: -0.0207
                      Mean entropy loss: 11.3611
                            Mean reward: 0.50
                    Mean episode length: 27.29
                        Mean action std: 0.54
   Episode_Reward/track_linear_velocity: 0.0172
  Episode_Reward/track_angular_velocity: 0.0002
                 Episode_Reward/upright: 0.0195
                    Episode_Reward/pose: 0.0037
            Episode_Reward/body_ang_vel: -0.0370
        Episode_Reward/angular_momentum: -0.0000
          Episode_Reward/dof_pos_limits: -0.0025
          Episode_Reward/action_rate_l2: -0.0166
                Episode_Reward/air_time: 0.0042
          Episode_Reward/foot_clearance: -0.0005
       Episode_Reward/foot_swing_height: -0.0016
               Episode_Reward/foot_slip: -0.0002
         Episode_Reward/self_collisions: -0.0007
      Episode_Reward/head_pose_tracking: 0.0377
      Episode_Reward/body_pose_tracking: 0.0000
          Episode_Reward/head_pose_bias: 0.0000
        Episode_Metrics/mean_action_acc: 0.8001
          Curriculum/action_rate_weight: -0.1000
               Curriculum/standing_envs: 0.0200
             Curriculum/head_pose_range: 0.0700
             Curriculum/body_pose_range: 0.0500
                   Curriculum/com_range: 0.0030
              Curriculum/head_com_range: 0.0030
       Curriculum/head_pose_bias_weight: 0.0000
             Metrics/twist/error_vel_xy: 0.0245
            Metrics/twist/error_vel_yaw: 0.1906
           Episode_Termination/time_out: 0.0000
          Episode_Termination/fell_over: 146.2917
Episode_Termination/out_of_terrain_bounds: 0.0000
          Episode_Termination/nan_state: 0.0000
          Metrics/angular_momentum_mean: 0.0121
                  Metrics/air_time_mean: 0.0406
               Metrics/peak_height_mean: 0.0092
             Metrics/slip_velocity_mean: 0.2871
--------------------------------------------------------------------------------
                         Iteration time: 1.75s
                           Time elapsed: 00:08:23
                                    ETA: 00:05:02
wandb: WARNING Symlinked 1 file into the W&B run directory; call wandb.save again to sync new files.

################################################################################
[1m                           Learning iteration 250/400                           [0m 

                               Run name: hls2909-fix7
                            Total steps: 24674304 
                       Steps per second: 56286 
                        Collection time: 1.620s 
                          Learning time: 0.126s 
                        Mean value loss: 0.0233
                    Mean surrogate loss: -0.0200
                      Mean entropy loss: 11.3704
                            Mean reward: 0.39
                    Mean episode length: 27.28
                        Mean action std: 0.55
   Episode_Reward/track_linear_velocity: 0.0176
  Episode_Reward/track_angular_velocity: 0.0002
                 Episode_Reward/upright: 0.0196
                    Episode_Reward/pose: 0.0037
            Episode_Reward/body_ang_vel: -0.0371
        Episode_Reward/angular_momentum: -0.0000
          Episode_Reward/dof_pos_limits: -0.0026
          Episode_Reward/action_rate_l2: -0.0166
                Episode_Reward/air_time: 0.0042
          Episode_Reward/foot_clearance: -0.0005
       Episode_Reward/foot_swing_height: -0.0016
               Episode_Reward/foot_slip: -0.0002
         Episode_Reward/self_collisions: -0.0008
      Episode_Reward/head_pose_tracking: 0.0376
      Episode_Reward/body_pose_tracking: 0.0000
          Episode_Reward/head_pose_bias: 0.0000
        Episode_Metrics/mean_action_acc: 0.7965
          Curriculum/action_rate_weight: -0.1000
               Curriculum/standing_envs: 0.0200
             Curriculum/head_pose_range: 0.0700
             Curriculum/body_pose_range: 0.0500
                   Curriculum/com_range: 0.0030
              Curriculum/head_com_range: 0.0030
       Curriculum/head_pose_bias_weight: 0.0000
             Metrics/twist/error_vel_xy: 0.0245
            Metrics/twist/error_vel_yaw: 0.1909
           Episode_Termination/time_out: 0.0000
          Episode_Termination/fell_over: 147.0417
Episode_Termination/out_of_terrain_bounds: 0.0000
          Episode_Termination/nan_state: 0.0000
          Metrics/angular_momentum_mean: 0.0121
                  Metrics/air_time_mean: 0.0405
               Metrics/peak_height_mean: 0.0092
             Metrics/slip_velocity_mean: 0.2869
--------------------------------------------------------------------------------
                         Iteration time: 1.75s
                           Time elapsed: 00:08:25
                                    ETA: 00:05:00

################################################################################
[1m                           Learning iteration 251/400                           [0m 

                               Run name: hls2909-fix7
                            Total steps: 24772608 
                       Steps per second: 56327 
                        Collection time: 1.619s 
                          Learning time: 0.126s 
                        Mean value loss: 0.0235
                    Mean surrogate loss: -0.0200
                      Mean entropy loss: 11.3766
                            Mean reward: 0.51
                    Mean episode length: 28.35
                        Mean action std: 0.55
   Episode_Reward/track_linear_velocity: 0.0176
  Episode_Reward/track_angular_velocity: 0.0002
                 Episode_Reward/upright: 0.0195
                    Episode_Reward/pose: 0.0037
            Episode_Reward/body_ang_vel: -0.0367
        Episode_Reward/angular_momentum: -0.0000
          Episode_Reward/dof_pos_limits: -0.0025
          Episode_Reward/action_rate_l2: -0.0165
                Episode_Reward/air_time: 0.0041
          Episode_Reward/foot_clearance: -0.0005
       Episode_Reward/foot_swing_height: -0.0016
               Episode_Reward/foot_slip: -0.0002
         Episode_Reward/self_collisions: -0.0007
      Episode_Reward/head_pose_tracking: 0.0375
      Episode_Reward/body_pose_tracking: 0.0000
          Episode_Reward/head_pose_bias: 0.0000
        Episode_Metrics/mean_action_acc: 0.7973
          Curriculum/action_rate_weight: -0.1000
               Curriculum/standing_envs: 0.0200
             Curriculum/head_pose_range: 0.0700
             Curriculum/body_pose_range: 0.0500
                   Curriculum/com_range: 0.0030
              Curriculum/head_com_range: 0.0030
       Curriculum/head_pose_bias_weight: 0.0000
             Metrics/twist/error_vel_xy: 0.0243
            Metrics/twist/error_vel_yaw: 0.1926
           Episode_Termination/time_out: 0.0000
          Episode_Termination/fell_over: 146.2500
Episode_Termination/out_of_terrain_bounds: 0.0000
          Episode_Termination/nan_state: 0.0000
          Metrics/angular_momentum_mean: 0.0121
                  Metrics/air_time_mean: 0.0406
               Metrics/peak_height_mean: 0.0091
             Metrics/slip_velocity_mean: 0.2896
--------------------------------------------------------------------------------
                         Iteration time: 1.75s
                           Time elapsed: 00:08:27
                                    ETA: 00:04:57

################################################################################
[1m                           Learning iteration 252/400                           [0m 

                               Run name: hls2909-fix7
                            Total steps: 24870912 
                       Steps per second: 56503 
                        Collection time: 1.610s 
                          Learning time: 0.130s 
                        Mean value loss: 0.0234
                    Mean surrogate loss: -0.0201
                      Mean entropy loss: 11.3833
                            Mean reward: 0.50
                    Mean episode length: 28.57
                        Mean action std: 0.55
   Episode_Reward/track_linear_velocity: 0.0173
  Episode_Reward/track_angular_velocity: 0.0002
                 Episode_Reward/upright: 0.0194
                    Episode_Reward/pose: 0.0038
            Episode_Reward/body_ang_vel: -0.0368
        Episode_Reward/angular_momentum: -0.0000
          Episode_Reward/dof_pos_limits: -0.0026
          Episode_Reward/action_rate_l2: -0.0167
                Episode_Reward/air_time: 0.0043
          Episode_Reward/foot_clearance: -0.0005
       Episode_Reward/foot_swing_height: -0.0016
               Episode_Reward/foot_slip: -0.0002
         Episode_Reward/self_collisions: -0.0007
      Episode_Reward/head_pose_tracking: 0.0377
      Episode_Reward/body_pose_tracking: 0.0000
          Episode_Reward/head_pose_bias: 0.0000
        Episode_Metrics/mean_action_acc: 0.7971
          Curriculum/action_rate_weight: -0.1000
               Curriculum/standing_envs: 0.0200
             Curriculum/head_pose_range: 0.0700
             Curriculum/body_pose_range: 0.0500
                   Curriculum/com_range: 0.0030
              Curriculum/head_com_range: 0.0030
       Curriculum/head_pose_bias_weight: 0.0000
             Metrics/twist/error_vel_xy: 0.0248
            Metrics/twist/error_vel_yaw: 0.1942
           Episode_Termination/time_out: 0.0000
          Episode_Termination/fell_over: 145.2083
Episode_Termination/out_of_terrain_bounds: 0.0000
          Episode_Termination/nan_state: 0.0000
          Metrics/angular_momentum_mean: 0.0121
                  Metrics/air_time_mean: 0.0410
               Metrics/peak_height_mean: 0.0092
             Metrics/slip_velocity_mean: 0.2884
--------------------------------------------------------------------------------
                         Iteration time: 1.74s
                           Time elapsed: 00:08:28
                                    ETA: 00:04:55

################################################################################
[1m                           Learning iteration 253/400                           [0m 

                               Run name: hls2909-fix7
                            Total steps: 24969216 
                       Steps per second: 56839 
                        Collection time: 1.604s 
                          Learning time: 0.126s 
                        Mean value loss: 0.0232
                    Mean surrogate loss: -0.0209
                      Mean entropy loss: 11.3903
                            Mean reward: 0.49
                    Mean episode length: 26.76
                        Mean action std: 0.55
   Episode_Reward/track_linear_velocity: 0.0173
  Episode_Reward/track_angular_velocity: 0.0002
                 Episode_Reward/upright: 0.0194
                    Episode_Reward/pose: 0.0037
            Episode_Reward/body_ang_vel: -0.0367
        Episode_Reward/angular_momentum: -0.0000
          Episode_Reward/dof_pos_limits: -0.0024
          Episode_Reward/action_rate_l2: -0.0165
                Episode_Reward/air_time: 0.0042
          Episode_Reward/foot_clearance: -0.0005
       Episode_Reward/foot_swing_height: -0.0016
               Episode_Reward/foot_slip: -0.0002
         Episode_Reward/self_collisions: -0.0007
      Episode_Reward/head_pose_tracking: 0.0375
      Episode_Reward/body_pose_tracking: 0.0000
          Episode_Reward/head_pose_bias: 0.0000
        Episode_Metrics/mean_action_acc: 0.7973
          Curriculum/action_rate_weight: -0.1000
               Curriculum/standing_envs: 0.0200
             Curriculum/head_pose_range: 0.0700
             Curriculum/body_pose_range: 0.0500
                   Curriculum/com_range: 0.0030
              Curriculum/head_com_range: 0.0030
       Curriculum/head_pose_bias_weight: 0.0000
             Metrics/twist/error_vel_xy: 0.0243
            Metrics/twist/error_vel_yaw: 0.1890
           Episode_Termination/time_out: 0.0000
          Episode_Termination/fell_over: 148.2500
Episode_Termination/out_of_terrain_bounds: 0.0000
          Episode_Termination/nan_state: 0.0000
          Metrics/angular_momentum_mean: 0.0122
                  Metrics/air_time_mean: 0.0407
               Metrics/peak_height_mean: 0.0093
             Metrics/slip_velocity_mean: 0.2910
--------------------------------------------------------------------------------
                         Iteration time: 1.73s
                           Time elapsed: 00:08:30
                                    ETA: 00:04:53

################################################################################
[1m                           Learning iteration 254/400                           [0m 

                               Run name: hls2909-fix7
                            Total steps: 25067520 
                       Steps per second: 57248 
                        Collection time: 1.591s 
                          Learning time: 0.126s 
                        Mean value loss: 0.0242
                    Mean surrogate loss: -0.0186
                      Mean entropy loss: 11.3915
                            Mean reward: 0.45
                    Mean episode length: 28.18
                        Mean action std: 0.55
   Episode_Reward/track_linear_velocity: 0.0171
  Episode_Reward/track_angular_velocity: 0.0002
                 Episode_Reward/upright: 0.0193
                    Episode_Reward/pose: 0.0037
            Episode_Reward/body_ang_vel: -0.0373
        Episode_Reward/angular_momentum: -0.0000
          Episode_Reward/dof_pos_limits: -0.0025
          Episode_Reward/action_rate_l2: -0.0165
                Episode_Reward/air_time: 0.0043
          Episode_Reward/foot_clearance: -0.0005
       Episode_Reward/foot_swing_height: -0.0016
               Episode_Reward/foot_slip: -0.0002
         Episode_Reward/self_collisions: -0.0007
      Episode_Reward/head_pose_tracking: 0.0376
      Episode_Reward/body_pose_tracking: 0.0000
          Episode_Reward/head_pose_bias: 0.0000
        Episode_Metrics/mean_action_acc: 0.7960
          Curriculum/action_rate_weight: -0.1000
               Curriculum/standing_envs: 0.0200
             Curriculum/head_pose_range: 0.0700
             Curriculum/body_pose_range: 0.0500
                   Curriculum/com_range: 0.0030
              Curriculum/head_com_range: 0.0030
       Curriculum/head_pose_bias_weight: 0.0000
             Metrics/twist/error_vel_xy: 0.0247
            Metrics/twist/error_vel_yaw: 0.1891
           Episode_Termination/time_out: 0.0000
          Episode_Termination/fell_over: 147.8333
Episode_Termination/out_of_terrain_bounds: 0.0000
          Episode_Termination/nan_state: 0.0000
          Metrics/angular_momentum_mean: 0.0121
                  Metrics/air_time_mean: 0.0406
               Metrics/peak_height_mean: 0.0092
             Metrics/slip_velocity_mean: 0.2880
--------------------------------------------------------------------------------
                         Iteration time: 1.72s
                           Time elapsed: 00:08:32
                                    ETA: 00:04:51

################################################################################
[1m                           Learning iteration 255/400                           [0m 

                               Run name: hls2909-fix7
                            Total steps: 25165824 
                       Steps per second: 57104 
                        Collection time: 1.597s 
                          Learning time: 0.124s 
                        Mean value loss: 0.0228
                    Mean surrogate loss: -0.0204
                      Mean entropy loss: 11.3962
                            Mean reward: 0.50
                    Mean episode length: 28.06
                        Mean action std: 0.55
   Episode_Reward/track_linear_velocity: 0.0175
  Episode_Reward/track_angular_velocity: 0.0002
                 Episode_Reward/upright: 0.0193
                    Episode_Reward/pose: 0.0037
            Episode_Reward/body_ang_vel: -0.0373
        Episode_Reward/angular_momentum: -0.0000
          Episode_Reward/dof_pos_limits: -0.0025
          Episode_Reward/action_rate_l2: -0.0165
                Episode_Reward/air_time: 0.0041
          Episode_Reward/foot_clearance: -0.0005
       Episode_Reward/foot_swing_height: -0.0016
               Episode_Reward/foot_slip: -0.0002
         Episode_Reward/self_collisions: -0.0007
      Episode_Reward/head_pose_tracking: 0.0374
      Episode_Reward/body_pose_tracking: 0.0000
          Episode_Reward/head_pose_bias: 0.0000
        Episode_Metrics/mean_action_acc: 0.7975
          Curriculum/action_rate_weight: -0.1000
               Curriculum/standing_envs: 0.0200
             Curriculum/head_pose_range: 0.0700
             Curriculum/body_pose_range: 0.0500
                   Curriculum/com_range: 0.0030
              Curriculum/head_com_range: 0.0030
       Curriculum/head_pose_bias_weight: 0.0000
             Metrics/twist/error_vel_xy: 0.0243
            Metrics/twist/error_vel_yaw: 0.1916
           Episode_Termination/time_out: 0.0000
          Episode_Termination/fell_over: 147.7917
Episode_Termination/out_of_terrain_bounds: 0.0000
          Episode_Termination/nan_state: 0.0000
          Metrics/angular_momentum_mean: 0.0122
                  Metrics/air_time_mean: 0.0406
               Metrics/peak_height_mean: 0.0091
             Metrics/slip_velocity_mean: 0.2874
--------------------------------------------------------------------------------
                         Iteration time: 1.72s
                           Time elapsed: 00:08:34
                                    ETA: 00:04:49

################################################################################
[1m                           Learning iteration 256/400                           [0m 

                               Run name: hls2909-fix7
                            Total steps: 25264128 
                       Steps per second: 57454 
                        Collection time: 1.585s 
                          Learning time: 0.126s 
                        Mean value loss: 0.0230
                    Mean surrogate loss: -0.0206
                      Mean entropy loss: 11.4034
                            Mean reward: 0.55
                    Mean episode length: 28.32
                        Mean action std: 0.55
   Episode_Reward/track_linear_velocity: 0.0173
  Episode_Reward/track_angular_velocity: 0.0002
                 Episode_Reward/upright: 0.0195
                    Episode_Reward/pose: 0.0037
            Episode_Reward/body_ang_vel: -0.0367
        Episode_Reward/angular_momentum: -0.0000
          Episode_Reward/dof_pos_limits: -0.0025
          Episode_Reward/action_rate_l2: -0.0166
                Episode_Reward/air_time: 0.0042
          Episode_Reward/foot_clearance: -0.0005
       Episode_Reward/foot_swing_height: -0.0016
               Episode_Reward/foot_slip: -0.0002
         Episode_Reward/self_collisions: -0.0007
      Episode_Reward/head_pose_tracking: 0.0377
      Episode_Reward/body_pose_tracking: 0.0000
          Episode_Reward/head_pose_bias: 0.0000
        Episode_Metrics/mean_action_acc: 0.7978
          Curriculum/action_rate_weight: -0.1000
               Curriculum/standing_envs: 0.0200
             Curriculum/head_pose_range: 0.0700
             Curriculum/body_pose_range: 0.0500
                   Curriculum/com_range: 0.0030
              Curriculum/head_com_range: 0.0030
       Curriculum/head_pose_bias_weight: 0.0000
             Metrics/twist/error_vel_xy: 0.0243
            Metrics/twist/error_vel_yaw: 0.1919
           Episode_Termination/time_out: 0.0000
          Episode_Termination/fell_over: 145.7917
Episode_Termination/out_of_terrain_bounds: 0.0000
          Episode_Termination/nan_state: 0.0000
          Metrics/angular_momentum_mean: 0.0121
                  Metrics/air_time_mean: 0.0409
               Metrics/peak_height_mean: 0.0092
             Metrics/slip_velocity_mean: 0.2887
--------------------------------------------------------------------------------
                         Iteration time: 1.71s
                           Time elapsed: 00:08:35
                                    ETA: 00:04:46

################################################################################
[1m                           Learning iteration 257/400                           [0m 

                               Run name: hls2909-fix7
                            Total steps: 25362432 
                       Steps per second: 57086 
                        Collection time: 1.597s 
                          Learning time: 0.125s 
                        Mean value loss: 0.0230
                    Mean surrogate loss: -0.0200
                      Mean entropy loss: 11.4100
                            Mean reward: 0.46
                    Mean episode length: 27.07
                        Mean action std: 0.55
   Episode_Reward/track_linear_velocity: 0.0172
  Episode_Reward/track_angular_velocity: 0.0002
                 Episode_Reward/upright: 0.0193
                    Episode_Reward/pose: 0.0037
            Episode_Reward/body_ang_vel: -0.0373
        Episode_Reward/angular_momentum: -0.0000
          Episode_Reward/dof_pos_limits: -0.0025
          Episode_Reward/action_rate_l2: -0.0165
                Episode_Reward/air_time: 0.0041
          Episode_Reward/foot_clearance: -0.0005
       Episode_Reward/foot_swing_height: -0.0016
               Episode_Reward/foot_slip: -0.0002
         Episode_Reward/self_collisions: -0.0007
      Episode_Reward/head_pose_tracking: 0.0376
      Episode_Reward/body_pose_tracking: 0.0000
          Episode_Reward/head_pose_bias: 0.0000
        Episode_Metrics/mean_action_acc: 0.7967
          Curriculum/action_rate_weight: -0.1000
               Curriculum/standing_envs: 0.0200
             Curriculum/head_pose_range: 0.0700
             Curriculum/body_pose_range: 0.0500
                   Curriculum/com_range: 0.0030
              Curriculum/head_com_range: 0.0030
       Curriculum/head_pose_bias_weight: 0.0000
             Metrics/twist/error_vel_xy: 0.0245
            Metrics/twist/error_vel_yaw: 0.1915
           Episode_Termination/time_out: 0.0000
          Episode_Termination/fell_over: 148.6250
Episode_Termination/out_of_terrain_bounds: 0.0000
          Episode_Termination/nan_state: 0.0000
          Metrics/angular_momentum_mean: 0.0122
                  Metrics/air_time_mean: 0.0404
               Metrics/peak_height_mean: 0.0092
             Metrics/slip_velocity_mean: 0.2898
--------------------------------------------------------------------------------
                         Iteration time: 1.72s
                           Time elapsed: 00:08:37
                                    ETA: 00:04:44

################################################################################
[1m                           Learning iteration 258/400                           [0m 

                               Run name: hls2909-fix7
                            Total steps: 25460736 
                       Steps per second: 57061 
                        Collection time: 1.593s 
                          Learning time: 0.130s 
                        Mean value loss: 0.0227
                    Mean surrogate loss: -0.0198
                      Mean entropy loss: 11.4138
                            Mean reward: 0.42
                    Mean episode length: 27.24
                        Mean action std: 0.55
   Episode_Reward/track_linear_velocity: 0.0173
  Episode_Reward/track_angular_velocity: 0.0002
                 Episode_Reward/upright: 0.0191
                    Episode_Reward/pose: 0.0037
            Episode_Reward/body_ang_vel: -0.0364
        Episode_Reward/angular_momentum: -0.0000
          Episode_Reward/dof_pos_limits: -0.0025
          Episode_Reward/action_rate_l2: -0.0165
                Episode_Reward/air_time: 0.0043
          Episode_Reward/foot_clearance: -0.0005
       Episode_Reward/foot_swing_height: -0.0016
               Episode_Reward/foot_slip: -0.0002
         Episode_Reward/self_collisions: -0.0008
      Episode_Reward/head_pose_tracking: 0.0374
      Episode_Reward/body_pose_tracking: 0.0000
          Episode_Reward/head_pose_bias: 0.0000
        Episode_Metrics/mean_action_acc: 0.7975
          Curriculum/action_rate_weight: -0.1000
               Curriculum/standing_envs: 0.0200
             Curriculum/head_pose_range: 0.0700
             Curriculum/body_pose_range: 0.0500
                   Curriculum/com_range: 0.0030
              Curriculum/head_com_range: 0.0030
       Curriculum/head_pose_bias_weight: 0.0000
             Metrics/twist/error_vel_xy: 0.0245
            Metrics/twist/error_vel_yaw: 0.1902
           Episode_Termination/time_out: 0.0000
          Episode_Termination/fell_over: 147.1667
Episode_Termination/out_of_terrain_bounds: 0.0000
          Episode_Termination/nan_state: 0.0000
          Metrics/angular_momentum_mean: 0.0121
                  Metrics/air_time_mean: 0.0411
               Metrics/peak_height_mean: 0.0092
             Metrics/slip_velocity_mean: 0.2903
--------------------------------------------------------------------------------
                         Iteration time: 1.72s
                           Time elapsed: 00:08:39
                                    ETA: 00:04:42

################################################################################
[1m                           Learning iteration 259/400                           [0m 

                               Run name: hls2909-fix7
                            Total steps: 25559040 
                       Steps per second: 56933 
                        Collection time: 1.601s 
                          Learning time: 0.125s 
                        Mean value loss: 0.0236
                    Mean surrogate loss: -0.0187
                      Mean entropy loss: 11.4163
                            Mean reward: 0.43
                    Mean episode length: 27.19
                        Mean action std: 0.55
   Episode_Reward/track_linear_velocity: 0.0172
  Episode_Reward/track_angular_velocity: 0.0002
                 Episode_Reward/upright: 0.0195
                    Episode_Reward/pose: 0.0037
            Episode_Reward/body_ang_vel: -0.0367
        Episode_Reward/angular_momentum: -0.0000
          Episode_Reward/dof_pos_limits: -0.0025
          Episode_Reward/action_rate_l2: -0.0166
                Episode_Reward/air_time: 0.0042
          Episode_Reward/foot_clearance: -0.0005
       Episode_Reward/foot_swing_height: -0.0016
               Episode_Reward/foot_slip: -0.0002
         Episode_Reward/self_collisions: -0.0008
      Episode_Reward/head_pose_tracking: 0.0375
      Episode_Reward/body_pose_tracking: 0.0000
          Episode_Reward/head_pose_bias: 0.0000
        Episode_Metrics/mean_action_acc: 0.7975
          Curriculum/action_rate_weight: -0.1000
               Curriculum/standing_envs: 0.0200
             Curriculum/head_pose_range: 0.0700
             Curriculum/body_pose_range: 0.0500
                   Curriculum/com_range: 0.0030
              Curriculum/head_com_range: 0.0030
       Curriculum/head_pose_bias_weight: 0.0000
             Metrics/twist/error_vel_xy: 0.0245
            Metrics/twist/error_vel_yaw: 0.1886
           Episode_Termination/time_out: 0.0000
          Episode_Termination/fell_over: 147.0000
Episode_Termination/out_of_terrain_bounds: 0.0000
          Episode_Termination/nan_state: 0.0000
          Metrics/angular_momentum_mean: 0.0121
                  Metrics/air_time_mean: 0.0406
               Metrics/peak_height_mean: 0.0092
             Metrics/slip_velocity_mean: 0.2890
--------------------------------------------------------------------------------
                         Iteration time: 1.73s
                           Time elapsed: 00:08:40
                                    ETA: 00:04:40

################################################################################
[1m                           Learning iteration 260/400                           [0m 

                               Run name: hls2909-fix7
                            Total steps: 25657344 
                       Steps per second: 57070 
                        Collection time: 1.595s 
                          Learning time: 0.127s 
                        Mean value loss: 0.0231
                    Mean surrogate loss: -0.0204
                      Mean entropy loss: 11.4286
                            Mean reward: 0.59
                    Mean episode length: 27.73
                        Mean action std: 0.55
   Episode_Reward/track_linear_velocity: 0.0172
  Episode_Reward/track_angular_velocity: 0.0002
                 Episode_Reward/upright: 0.0195
                    Episode_Reward/pose: 0.0037
            Episode_Reward/body_ang_vel: -0.0373
        Episode_Reward/angular_momentum: -0.0000
          Episode_Reward/dof_pos_limits: -0.0025
          Episode_Reward/action_rate_l2: -0.0166
                Episode_Reward/air_time: 0.0042
          Episode_Reward/foot_clearance: -0.0005
       Episode_Reward/foot_swing_height: -0.0016
               Episode_Reward/foot_slip: -0.0002
         Episode_Reward/self_collisions: -0.0007
      Episode_Reward/head_pose_tracking: 0.0377
      Episode_Reward/body_pose_tracking: 0.0000
          Episode_Reward/head_pose_bias: 0.0000
        Episode_Metrics/mean_action_acc: 0.7969
          Curriculum/action_rate_weight: -0.1000
               Curriculum/standing_envs: 0.0200
             Curriculum/head_pose_range: 0.0700
             Curriculum/body_pose_range: 0.0500
                   Curriculum/com_range: 0.0030
              Curriculum/head_com_range: 0.0030
       Curriculum/head_pose_bias_weight: 0.0000
             Metrics/twist/error_vel_xy: 0.0246
            Metrics/twist/error_vel_yaw: 0.1919
           Episode_Termination/time_out: 0.0000
          Episode_Termination/fell_over: 146.9167
Episode_Termination/out_of_terrain_bounds: 0.0000
          Episode_Termination/nan_state: 0.0000
          Metrics/angular_momentum_mean: 0.0123
                  Metrics/air_time_mean: 0.0408
               Metrics/peak_height_mean: 0.0092
             Metrics/slip_velocity_mean: 0.2894
--------------------------------------------------------------------------------
                         Iteration time: 1.72s
                           Time elapsed: 00:08:42
                                    ETA: 00:04:38

################################################################################
[1m                           Learning iteration 261/400                           [0m 

                               Run name: hls2909-fix7
                            Total steps: 25755648 
                       Steps per second: 56850 
                        Collection time: 1.603s 
                          Learning time: 0.127s 
                        Mean value loss: 0.0233
                    Mean surrogate loss: -0.0200
                      Mean entropy loss: 11.4329
                            Mean reward: 0.46
                    Mean episode length: 27.56
                        Mean action std: 0.55
   Episode_Reward/track_linear_velocity: 0.0172
  Episode_Reward/track_angular_velocity: 0.0002
                 Episode_Reward/upright: 0.0193
                    Episode_Reward/pose: 0.0037
            Episode_Reward/body_ang_vel: -0.0370
        Episode_Reward/angular_momentum: -0.0000
          Episode_Reward/dof_pos_limits: -0.0025
          Episode_Reward/action_rate_l2: -0.0166
                Episode_Reward/air_time: 0.0043
          Episode_Reward/foot_clearance: -0.0005
       Episode_Reward/foot_swing_height: -0.0016
               Episode_Reward/foot_slip: -0.0002
         Episode_Reward/self_collisions: -0.0007
      Episode_Reward/head_pose_tracking: 0.0374
      Episode_Reward/body_pose_tracking: 0.0000
          Episode_Reward/head_pose_bias: 0.0000
        Episode_Metrics/mean_action_acc: 0.7971
          Curriculum/action_rate_weight: -0.1000
               Curriculum/standing_envs: 0.0200
             Curriculum/head_pose_range: 0.0700
             Curriculum/body_pose_range: 0.0500
                   Curriculum/com_range: 0.0030
              Curriculum/head_com_range: 0.0030
       Curriculum/head_pose_bias_weight: 0.0000
             Metrics/twist/error_vel_xy: 0.0245
            Metrics/twist/error_vel_yaw: 0.1918
           Episode_Termination/time_out: 0.0000
          Episode_Termination/fell_over: 145.7500
Episode_Termination/out_of_terrain_bounds: 0.0000
          Episode_Termination/nan_state: 0.0000
          Metrics/angular_momentum_mean: 0.0121
                  Metrics/air_time_mean: 0.0408
               Metrics/peak_height_mean: 0.0091
             Metrics/slip_velocity_mean: 0.2858
--------------------------------------------------------------------------------
                         Iteration time: 1.73s
                           Time elapsed: 00:08:44
                                    ETA: 00:04:36

################################################################################
[1m                           Learning iteration 262/400                           [0m 

                               Run name: hls2909-fix7
                            Total steps: 25853952 
                       Steps per second: 56774 
                        Collection time: 1.606s 
                          Learning time: 0.125s 
                        Mean value loss: 0.0235
                    Mean surrogate loss: -0.0206
                      Mean entropy loss: 11.4309
                            Mean reward: 0.45
                    Mean episode length: 27.43
                        Mean action std: 0.55
   Episode_Reward/track_linear_velocity: 0.0175
  Episode_Reward/track_angular_velocity: 0.0002
                 Episode_Reward/upright: 0.0197
                    Episode_Reward/pose: 0.0037
            Episode_Reward/body_ang_vel: -0.0372
        Episode_Reward/angular_momentum: -0.0000
          Episode_Reward/dof_pos_limits: -0.0025
          Episode_Reward/action_rate_l2: -0.0167
                Episode_Reward/air_time: 0.0044
          Episode_Reward/foot_clearance: -0.0005
       Episode_Reward/foot_swing_height: -0.0016
               Episode_Reward/foot_slip: -0.0002
         Episode_Reward/self_collisions: -0.0008
      Episode_Reward/head_pose_tracking: 0.0377
      Episode_Reward/body_pose_tracking: 0.0000
          Episode_Reward/head_pose_bias: 0.0000
        Episode_Metrics/mean_action_acc: 0.7969
          Curriculum/action_rate_weight: -0.1000
               Curriculum/standing_envs: 0.0200
             Curriculum/head_pose_range: 0.0700
             Curriculum/body_pose_range: 0.0500
                   Curriculum/com_range: 0.0030
              Curriculum/head_com_range: 0.0030
       Curriculum/head_pose_bias_weight: 0.0000
             Metrics/twist/error_vel_xy: 0.0246
            Metrics/twist/error_vel_yaw: 0.1932
           Episode_Termination/time_out: 0.0000
          Episode_Termination/fell_over: 146.2083
Episode_Termination/out_of_terrain_bounds: 0.0000
          Episode_Termination/nan_state: 0.0000
          Metrics/angular_momentum_mean: 0.0121
                  Metrics/air_time_mean: 0.0411
               Metrics/peak_height_mean: 0.0093
             Metrics/slip_velocity_mean: 0.2901
--------------------------------------------------------------------------------
                         Iteration time: 1.73s
                           Time elapsed: 00:08:46
                                    ETA: 00:04:34

################################################################################
[1m                           Learning iteration 263/400                           [0m 

                               Run name: hls2909-fix7
                            Total steps: 25952256 
                       Steps per second: 57245 
                        Collection time: 1.591s 
                          Learning time: 0.126s 
                        Mean value loss: 0.0228
                    Mean surrogate loss: -0.0210
                      Mean entropy loss: 11.4280
                            Mean reward: 0.54
                    Mean episode length: 27.65
                        Mean action std: 0.55
   Episode_Reward/track_linear_velocity: 0.0173
  Episode_Reward/track_angular_velocity: 0.0002
                 Episode_Reward/upright: 0.0195
                    Episode_Reward/pose: 0.0037
            Episode_Reward/body_ang_vel: -0.0379
        Episode_Reward/angular_momentum: -0.0000
          Episode_Reward/dof_pos_limits: -0.0025
          Episode_Reward/action_rate_l2: -0.0167
                Episode_Reward/air_time: 0.0042
          Episode_Reward/foot_clearance: -0.0005
       Episode_Reward/foot_swing_height: -0.0016
               Episode_Reward/foot_slip: -0.0002
         Episode_Reward/self_collisions: -0.0007
      Episode_Reward/head_pose_tracking: 0.0377
      Episode_Reward/body_pose_tracking: 0.0000
          Episode_Reward/head_pose_bias: 0.0000
        Episode_Metrics/mean_action_acc: 0.7957
          Curriculum/action_rate_weight: -0.1000
               Curriculum/standing_envs: 0.0200
             Curriculum/head_pose_range: 0.0700
             Curriculum/body_pose_range: 0.0500
                   Curriculum/com_range: 0.0030
              Curriculum/head_com_range: 0.0030
       Curriculum/head_pose_bias_weight: 0.0000
             Metrics/twist/error_vel_xy: 0.0246
            Metrics/twist/error_vel_yaw: 0.1889
           Episode_Termination/time_out: 0.0000
          Episode_Termination/fell_over: 147.0833
Episode_Termination/out_of_terrain_bounds: 0.0000
          Episode_Termination/nan_state: 0.0000
          Metrics/angular_momentum_mean: 0.0122
                  Metrics/air_time_mean: 0.0402
               Metrics/peak_height_mean: 0.0093
             Metrics/slip_velocity_mean: 0.2901
--------------------------------------------------------------------------------
                         Iteration time: 1.72s
                           Time elapsed: 00:08:47
                                    ETA: 00:04:31

################################################################################
[1m                           Learning iteration 264/400                           [0m 

                               Run name: hls2909-fix7
                            Total steps: 26050560 
                       Steps per second: 57204 
                        Collection time: 1.590s 
                          Learning time: 0.128s 
                        Mean value loss: 0.0232
                    Mean surrogate loss: -0.0187
                      Mean entropy loss: 11.4290
                            Mean reward: 0.46
                    Mean episode length: 28.39
                        Mean action std: 0.55
   Episode_Reward/track_linear_velocity: 0.0173
  Episode_Reward/track_angular_velocity: 0.0002
                 Episode_Reward/upright: 0.0196
                    Episode_Reward/pose: 0.0036
            Episode_Reward/body_ang_vel: -0.0377
        Episode_Reward/angular_momentum: -0.0000
          Episode_Reward/dof_pos_limits: -0.0025
          Episode_Reward/action_rate_l2: -0.0167
                Episode_Reward/air_time: 0.0040
          Episode_Reward/foot_clearance: -0.0005
       Episode_Reward/foot_swing_height: -0.0016
               Episode_Reward/foot_slip: -0.0002
         Episode_Reward/self_collisions: -0.0007
      Episode_Reward/head_pose_tracking: 0.0376
      Episode_Reward/body_pose_tracking: 0.0000
          Episode_Reward/head_pose_bias: 0.0000
        Episode_Metrics/mean_action_acc: 0.7977
          Curriculum/action_rate_weight: -0.1000
               Curriculum/standing_envs: 0.0200
             Curriculum/head_pose_range: 0.0700
             Curriculum/body_pose_range: 0.0500
                   Curriculum/com_range: 0.0030
              Curriculum/head_com_range: 0.0030
       Curriculum/head_pose_bias_weight: 0.0000
             Metrics/twist/error_vel_xy: 0.0246
            Metrics/twist/error_vel_yaw: 0.1886
           Episode_Termination/time_out: 0.0000
          Episode_Termination/fell_over: 146.7083
Episode_Termination/out_of_terrain_bounds: 0.0000
          Episode_Termination/nan_state: 0.0000
          Metrics/angular_momentum_mean: 0.0122
                  Metrics/air_time_mean: 0.0407
               Metrics/peak_height_mean: 0.0093
             Metrics/slip_velocity_mean: 0.2896
--------------------------------------------------------------------------------
                         Iteration time: 1.72s
                           Time elapsed: 00:08:49
                                    ETA: 00:04:29

################################################################################
[1m                           Learning iteration 265/400                           [0m 

                               Run name: hls2909-fix7
                            Total steps: 26148864 
                       Steps per second: 55961 
                        Collection time: 1.626s 
                          Learning time: 0.130s 
                        Mean value loss: 0.0229
                    Mean surrogate loss: -0.0193
                      Mean entropy loss: 11.4440
                            Mean reward: 0.39
                    Mean episode length: 27.21
                        Mean action std: 0.55
   Episode_Reward/track_linear_velocity: 0.0173
  Episode_Reward/track_angular_velocity: 0.0002
                 Episode_Reward/upright: 0.0195
                    Episode_Reward/pose: 0.0037
            Episode_Reward/body_ang_vel: -0.0367
        Episode_Reward/angular_momentum: -0.0000
          Episode_Reward/dof_pos_limits: -0.0025
          Episode_Reward/action_rate_l2: -0.0166
                Episode_Reward/air_time: 0.0043
          Episode_Reward/foot_clearance: -0.0005
       Episode_Reward/foot_swing_height: -0.0016
               Episode_Reward/foot_slip: -0.0002
         Episode_Reward/self_collisions: -0.0006
      Episode_Reward/head_pose_tracking: 0.0376
      Episode_Reward/body_pose_tracking: 0.0000
          Episode_Reward/head_pose_bias: 0.0000
        Episode_Metrics/mean_action_acc: 0.7982
          Curriculum/action_rate_weight: -0.1000
               Curriculum/standing_envs: 0.0200
             Curriculum/head_pose_range: 0.0700
             Curriculum/body_pose_range: 0.0500
                   Curriculum/com_range: 0.0030
              Curriculum/head_com_range: 0.0030
       Curriculum/head_pose_bias_weight: 0.0000
             Metrics/twist/error_vel_xy: 0.0246
            Metrics/twist/error_vel_yaw: 0.1912
           Episode_Termination/time_out: 0.0000
          Episode_Termination/fell_over: 146.3333
Episode_Termination/out_of_terrain_bounds: 0.0000
          Episode_Termination/nan_state: 0.0000
          Metrics/angular_momentum_mean: 0.0122
                  Metrics/air_time_mean: 0.0408
               Metrics/peak_height_mean: 0.0092
             Metrics/slip_velocity_mean: 0.2890
--------------------------------------------------------------------------------
                         Iteration time: 1.76s
                           Time elapsed: 00:08:51
                                    ETA: 00:04:27

################################################################################
[1m                           Learning iteration 266/400                           [0m 

                               Run name: hls2909-fix7
                            Total steps: 26247168 
                       Steps per second: 56096 
                        Collection time: 1.624s 
                          Learning time: 0.128s 
                        Mean value loss: 0.0227
                    Mean surrogate loss: -0.0204
                      Mean entropy loss: 11.4569
                            Mean reward: 0.53
                    Mean episode length: 28.78
                        Mean action std: 0.55
   Episode_Reward/track_linear_velocity: 0.0171
  Episode_Reward/track_angular_velocity: 0.0002
                 Episode_Reward/upright: 0.0193
                    Episode_Reward/pose: 0.0037
            Episode_Reward/body_ang_vel: -0.0370
        Episode_Reward/angular_momentum: -0.0000
          Episode_Reward/dof_pos_limits: -0.0024
          Episode_Reward/action_rate_l2: -0.0165
                Episode_Reward/air_time: 0.0040
          Episode_Reward/foot_clearance: -0.0005
       Episode_Reward/foot_swing_height: -0.0016
               Episode_Reward/foot_slip: -0.0002
         Episode_Reward/self_collisions: -0.0007
      Episode_Reward/head_pose_tracking: 0.0374
      Episode_Reward/body_pose_tracking: 0.0000
          Episode_Reward/head_pose_bias: 0.0000
        Episode_Metrics/mean_action_acc: 0.7972
          Curriculum/action_rate_weight: -0.1000
               Curriculum/standing_envs: 0.0200
             Curriculum/head_pose_range: 0.0700
             Curriculum/body_pose_range: 0.0500
                   Curriculum/com_range: 0.0030
              Curriculum/head_com_range: 0.0030
       Curriculum/head_pose_bias_weight: 0.0000
             Metrics/twist/error_vel_xy: 0.0244
            Metrics/twist/error_vel_yaw: 0.1899
           Episode_Termination/time_out: 0.0000
          Episode_Termination/fell_over: 146.5000
Episode_Termination/out_of_terrain_bounds: 0.0000
          Episode_Termination/nan_state: 0.0000
          Metrics/angular_momentum_mean: 0.0122
                  Metrics/air_time_mean: 0.0406
               Metrics/peak_height_mean: 0.0091
             Metrics/slip_velocity_mean: 0.2899
--------------------------------------------------------------------------------
                         Iteration time: 1.75s
                           Time elapsed: 00:08:53
                                    ETA: 00:04:25

################################################################################
[1m                           Learning iteration 267/400                           [0m 

                               Run name: hls2909-fix7
                            Total steps: 26345472 
                       Steps per second: 57232 
                        Collection time: 1.590s 
                          Learning time: 0.127s 
                        Mean value loss: 0.0233
                    Mean surrogate loss: -0.0208
                      Mean entropy loss: 11.4655
                            Mean reward: 0.34
                    Mean episode length: 26.62
                        Mean action std: 0.55
   Episode_Reward/track_linear_velocity: 0.0176
  Episode_Reward/track_angular_velocity: 0.0002
                 Episode_Reward/upright: 0.0195
                    Episode_Reward/pose: 0.0037
            Episode_Reward/body_ang_vel: -0.0371
        Episode_Reward/angular_momentum: -0.0000
          Episode_Reward/dof_pos_limits: -0.0026
          Episode_Reward/action_rate_l2: -0.0167
                Episode_Reward/air_time: 0.0041
          Episode_Reward/foot_clearance: -0.0005
       Episode_Reward/foot_swing_height: -0.0016
               Episode_Reward/foot_slip: -0.0002
         Episode_Reward/self_collisions: -0.0007
      Episode_Reward/head_pose_tracking: 0.0377
      Episode_Reward/body_pose_tracking: 0.0000
          Episode_Reward/head_pose_bias: 0.0000
        Episode_Metrics/mean_action_acc: 0.7989
          Curriculum/action_rate_weight: -0.1000
               Curriculum/standing_envs: 0.0200
             Curriculum/head_pose_range: 0.0700
             Curriculum/body_pose_range: 0.0500
                   Curriculum/com_range: 0.0030
              Curriculum/head_com_range: 0.0030
       Curriculum/head_pose_bias_weight: 0.0000
             Metrics/twist/error_vel_xy: 0.0243
            Metrics/twist/error_vel_yaw: 0.1929
           Episode_Termination/time_out: 0.0000
          Episode_Termination/fell_over: 146.3333
Episode_Termination/out_of_terrain_bounds: 0.0000
          Episode_Termination/nan_state: 0.0000
          Metrics/angular_momentum_mean: 0.0121
                  Metrics/air_time_mean: 0.0407
               Metrics/peak_height_mean: 0.0091
             Metrics/slip_velocity_mean: 0.2906
--------------------------------------------------------------------------------
                         Iteration time: 1.72s
                           Time elapsed: 00:08:54
                                    ETA: 00:04:23

################################################################################
[1m                           Learning iteration 268/400                           [0m 

                               Run name: hls2909-fix7
                            Total steps: 26443776 
                       Steps per second: 57205 
                        Collection time: 1.591s 
                          Learning time: 0.127s 
                        Mean value loss: 0.0230
                    Mean surrogate loss: -0.0200
                      Mean entropy loss: 11.4718
                            Mean reward: 0.49
                    Mean episode length: 27.92
                        Mean action std: 0.55
   Episode_Reward/track_linear_velocity: 0.0174
  Episode_Reward/track_angular_velocity: 0.0002
                 Episode_Reward/upright: 0.0194
                    Episode_Reward/pose: 0.0037
            Episode_Reward/body_ang_vel: -0.0376
        Episode_Reward/angular_momentum: -0.0000
          Episode_Reward/dof_pos_limits: -0.0025
          Episode_Reward/action_rate_l2: -0.0168
                Episode_Reward/air_time: 0.0042
          Episode_Reward/foot_clearance: -0.0005
       Episode_Reward/foot_swing_height: -0.0016
               Episode_Reward/foot_slip: -0.0002
         Episode_Reward/self_collisions: -0.0007
      Episode_Reward/head_pose_tracking: 0.0376
      Episode_Reward/body_pose_tracking: 0.0000
          Episode_Reward/head_pose_bias: 0.0000
        Episode_Metrics/mean_action_acc: 0.7988
          Curriculum/action_rate_weight: -0.1000
               Curriculum/standing_envs: 0.0200
             Curriculum/head_pose_range: 0.0700
             Curriculum/body_pose_range: 0.0500
                   Curriculum/com_range: 0.0030
              Curriculum/head_com_range: 0.0030
       Curriculum/head_pose_bias_weight: 0.0000
             Metrics/twist/error_vel_xy: 0.0245
            Metrics/twist/error_vel_yaw: 0.1911
           Episode_Termination/time_out: 0.0000
          Episode_Termination/fell_over: 146.0833
Episode_Termination/out_of_terrain_bounds: 0.0000
          Episode_Termination/nan_state: 0.0000
          Metrics/angular_momentum_mean: 0.0121
                  Metrics/air_time_mean: 0.0407
               Metrics/peak_height_mean: 0.0092
             Metrics/slip_velocity_mean: 0.2896
--------------------------------------------------------------------------------
                         Iteration time: 1.72s
                           Time elapsed: 00:08:56
                                    ETA: 00:04:21

################################################################################
[1m                           Learning iteration 269/400                           [0m 

                               Run name: hls2909-fix7
                            Total steps: 26542080 
                       Steps per second: 55644 
                        Collection time: 1.640s 
                          Learning time: 0.126s 
                        Mean value loss: 0.0235
                    Mean surrogate loss: -0.0185
                      Mean entropy loss: 11.4799
                            Mean reward: 0.38
                    Mean episode length: 28.47
                        Mean action std: 0.55
   Episode_Reward/track_linear_velocity: 0.0175
  Episode_Reward/track_angular_velocity: 0.0002
                 Episode_Reward/upright: 0.0195
                    Episode_Reward/pose: 0.0037
            Episode_Reward/body_ang_vel: -0.0372
        Episode_Reward/angular_momentum: -0.0000
          Episode_Reward/dof_pos_limits: -0.0026
          Episode_Reward/action_rate_l2: -0.0168
                Episode_Reward/air_time: 0.0043
          Episode_Reward/foot_clearance: -0.0005
       Episode_Reward/foot_swing_height: -0.0016
               Episode_Reward/foot_slip: -0.0002
         Episode_Reward/self_collisions: -0.0008
      Episode_Reward/head_pose_tracking: 0.0376
      Episode_Reward/body_pose_tracking: 0.0000
          Episode_Reward/head_pose_bias: 0.0000
        Episode_Metrics/mean_action_acc: 0.7990
          Curriculum/action_rate_weight: -0.1000
               Curriculum/standing_envs: 0.0200
             Curriculum/head_pose_range: 0.0700
             Curriculum/body_pose_range: 0.0500
                   Curriculum/com_range: 0.0030
              Curriculum/head_com_range: 0.0030
       Curriculum/head_pose_bias_weight: 0.0000
             Metrics/twist/error_vel_xy: 0.0247
            Metrics/twist/error_vel_yaw: 0.1907
           Episode_Termination/time_out: 0.0000
          Episode_Termination/fell_over: 149.8333
Episode_Termination/out_of_terrain_bounds: 0.0000
          Episode_Termination/nan_state: 0.0000
          Metrics/angular_momentum_mean: 0.0121
                  Metrics/air_time_mean: 0.0410
               Metrics/peak_height_mean: 0.0093
             Metrics/slip_velocity_mean: 0.2888
--------------------------------------------------------------------------------
                         Iteration time: 1.77s
                           Time elapsed: 00:08:58
                                    ETA: 00:04:19

################################################################################
[1m                           Learning iteration 270/400                           [0m 

                               Run name: hls2909-fix7
                            Total steps: 26640384 
                       Steps per second: 56343 
                        Collection time: 1.616s 
                          Learning time: 0.129s 
                        Mean value loss: 0.0234
                    Mean surrogate loss: -0.0198
                      Mean entropy loss: 11.4786
                            Mean reward: 0.50
                    Mean episode length: 28.23
                        Mean action std: 0.55
   Episode_Reward/track_linear_velocity: 0.0170
  Episode_Reward/track_angular_velocity: 0.0002
                 Episode_Reward/upright: 0.0192
                    Episode_Reward/pose: 0.0036
            Episode_Reward/body_ang_vel: -0.0373
        Episode_Reward/angular_momentum: -0.0000
          Episode_Reward/dof_pos_limits: -0.0024
          Episode_Reward/action_rate_l2: -0.0165
                Episode_Reward/air_time: 0.0042
          Episode_Reward/foot_clearance: -0.0005
       Episode_Reward/foot_swing_height: -0.0015
               Episode_Reward/foot_slip: -0.0002
         Episode_Reward/self_collisions: -0.0007
      Episode_Reward/head_pose_tracking: 0.0373
      Episode_Reward/body_pose_tracking: 0.0000
          Episode_Reward/head_pose_bias: 0.0000
        Episode_Metrics/mean_action_acc: 0.7977
          Curriculum/action_rate_weight: -0.1000
               Curriculum/standing_envs: 0.0200
             Curriculum/head_pose_range: 0.0700
             Curriculum/body_pose_range: 0.0500
                   Curriculum/com_range: 0.0030
              Curriculum/head_com_range: 0.0030
       Curriculum/head_pose_bias_weight: 0.0000
             Metrics/twist/error_vel_xy: 0.0244
            Metrics/twist/error_vel_yaw: 0.1907
           Episode_Termination/time_out: 0.0000
          Episode_Termination/fell_over: 148.0000
Episode_Termination/out_of_terrain_bounds: 0.0000
          Episode_Termination/nan_state: 0.0000
          Metrics/angular_momentum_mean: 0.0123
                  Metrics/air_time_mean: 0.0407
               Metrics/peak_height_mean: 0.0093
             Metrics/slip_velocity_mean: 0.2884
--------------------------------------------------------------------------------
                         Iteration time: 1.74s
                           Time elapsed: 00:09:00
                                    ETA: 00:04:17

################################################################################
[1m                           Learning iteration 271/400                           [0m 

                               Run name: hls2909-fix7
                            Total steps: 26738688 
                       Steps per second: 56102 
                        Collection time: 1.622s 
                          Learning time: 0.130s 
                        Mean value loss: 0.0232
                    Mean surrogate loss: -0.0203
                      Mean entropy loss: 11.4784
                            Mean reward: 0.47
                    Mean episode length: 27.43
                        Mean action std: 0.55
   Episode_Reward/track_linear_velocity: 0.0172
  Episode_Reward/track_angular_velocity: 0.0002
                 Episode_Reward/upright: 0.0193
                    Episode_Reward/pose: 0.0037
            Episode_Reward/body_ang_vel: -0.0369
        Episode_Reward/angular_momentum: -0.0000
          Episode_Reward/dof_pos_limits: -0.0024
          Episode_Reward/action_rate_l2: -0.0166
                Episode_Reward/air_time: 0.0043
          Episode_Reward/foot_clearance: -0.0005
       Episode_Reward/foot_swing_height: -0.0016
               Episode_Reward/foot_slip: -0.0002
         Episode_Reward/self_collisions: -0.0007
      Episode_Reward/head_pose_tracking: 0.0374
      Episode_Reward/body_pose_tracking: 0.0000
          Episode_Reward/head_pose_bias: 0.0000
        Episode_Metrics/mean_action_acc: 0.7990
          Curriculum/action_rate_weight: -0.1000
               Curriculum/standing_envs: 0.0200
             Curriculum/head_pose_range: 0.0700
             Curriculum/body_pose_range: 0.0500
                   Curriculum/com_range: 0.0030
              Curriculum/head_com_range: 0.0030
       Curriculum/head_pose_bias_weight: 0.0000
             Metrics/twist/error_vel_xy: 0.0243
            Metrics/twist/error_vel_yaw: 0.1897
           Episode_Termination/time_out: 0.0000
          Episode_Termination/fell_over: 145.0417
Episode_Termination/out_of_terrain_bounds: 0.0000
          Episode_Termination/nan_state: 0.0000
          Metrics/angular_momentum_mean: 0.0121
                  Metrics/air_time_mean: 0.0408
               Metrics/peak_height_mean: 0.0092
             Metrics/slip_velocity_mean: 0.2862
--------------------------------------------------------------------------------
                         Iteration time: 1.75s
                           Time elapsed: 00:09:01
                                    ETA: 00:04:14

################################################################################
[1m                           Learning iteration 272/400                           [0m 

                               Run name: hls2909-fix7
                            Total steps: 26836992 
                       Steps per second: 56080 
                        Collection time: 1.624s 
                          Learning time: 0.129s 
                        Mean value loss: 0.0230
                    Mean surrogate loss: -0.0180
                      Mean entropy loss: 11.4857
                            Mean reward: 0.47
                    Mean episode length: 27.92
                        Mean action std: 0.55
   Episode_Reward/track_linear_velocity: 0.0175
  Episode_Reward/track_angular_velocity: 0.0002
                 Episode_Reward/upright: 0.0191
                    Episode_Reward/pose: 0.0036
            Episode_Reward/body_ang_vel: -0.0367
        Episode_Reward/angular_momentum: -0.0000
          Episode_Reward/dof_pos_limits: -0.0025
          Episode_Reward/action_rate_l2: -0.0168
                Episode_Reward/air_time: 0.0042
          Episode_Reward/foot_clearance: -0.0005
       Episode_Reward/foot_swing_height: -0.0016
               Episode_Reward/foot_slip: -0.0002
         Episode_Reward/self_collisions: -0.0007
      Episode_Reward/head_pose_tracking: 0.0376
      Episode_Reward/body_pose_tracking: 0.0000
          Episode_Reward/head_pose_bias: 0.0000
        Episode_Metrics/mean_action_acc: 0.7999
          Curriculum/action_rate_weight: -0.1000
               Curriculum/standing_envs: 0.0200
             Curriculum/head_pose_range: 0.0700
             Curriculum/body_pose_range: 0.0500
                   Curriculum/com_range: 0.0030
              Curriculum/head_com_range: 0.0030
       Curriculum/head_pose_bias_weight: 0.0000
             Metrics/twist/error_vel_xy: 0.0242
            Metrics/twist/error_vel_yaw: 0.1924
           Episode_Termination/time_out: 0.0000
          Episode_Termination/fell_over: 149.2500
Episode_Termination/out_of_terrain_bounds: 0.0000
          Episode_Termination/nan_state: 0.0000
          Metrics/angular_momentum_mean: 0.0122
                  Metrics/air_time_mean: 0.0408
               Metrics/peak_height_mean: 0.0092
             Metrics/slip_velocity_mean: 0.2894
--------------------------------------------------------------------------------
                         Iteration time: 1.75s
                           Time elapsed: 00:09:03
                                    ETA: 00:04:12

################################################################################
[1m                           Learning iteration 273/400                           [0m 

                               Run name: hls2909-fix7
                            Total steps: 26935296 
                       Steps per second: 56430 
                        Collection time: 1.614s 
                          Learning time: 0.128s 
                        Mean value loss: 0.0228
                    Mean surrogate loss: -0.0196
                      Mean entropy loss: 11.5020
                            Mean reward: 0.49
                    Mean episode length: 27.41
                        Mean action std: 0.55
   Episode_Reward/track_linear_velocity: 0.0174
  Episode_Reward/track_angular_velocity: 0.0002
                 Episode_Reward/upright: 0.0193
                    Episode_Reward/pose: 0.0037
            Episode_Reward/body_ang_vel: -0.0366
        Episode_Reward/angular_momentum: -0.0000
          Episode_Reward/dof_pos_limits: -0.0025
          Episode_Reward/action_rate_l2: -0.0166
                Episode_Reward/air_time: 0.0044
          Episode_Reward/foot_clearance: -0.0005
       Episode_Reward/foot_swing_height: -0.0016
               Episode_Reward/foot_slip: -0.0002
         Episode_Reward/self_collisions: -0.0007
      Episode_Reward/head_pose_tracking: 0.0372
      Episode_Reward/body_pose_tracking: 0.0000
          Episode_Reward/head_pose_bias: 0.0000
        Episode_Metrics/mean_action_acc: 0.7994
          Curriculum/action_rate_weight: -0.1000
               Curriculum/standing_envs: 0.0200
             Curriculum/head_pose_range: 0.0700
             Curriculum/body_pose_range: 0.0500
                   Curriculum/com_range: 0.0030
              Curriculum/head_com_range: 0.0030
       Curriculum/head_pose_bias_weight: 0.0000
             Metrics/twist/error_vel_xy: 0.0243
            Metrics/twist/error_vel_yaw: 0.1901
           Episode_Termination/time_out: 0.0000
          Episode_Termination/fell_over: 146.5417
Episode_Termination/out_of_terrain_bounds: 0.0000
          Episode_Termination/nan_state: 0.0000
          Metrics/angular_momentum_mean: 0.0122
                  Metrics/air_time_mean: 0.0410
               Metrics/peak_height_mean: 0.0092
             Metrics/slip_velocity_mean: 0.2882
--------------------------------------------------------------------------------
                         Iteration time: 1.74s
                           Time elapsed: 00:09:05
                                    ETA: 00:04:10

################################################################################
[1m                           Learning iteration 274/400                           [0m 

                               Run name: hls2909-fix7
                            Total steps: 27033600 
                       Steps per second: 56610 
                        Collection time: 1.609s 
                          Learning time: 0.127s 
                        Mean value loss: 0.0228
                    Mean surrogate loss: -0.0208
                      Mean entropy loss: 11.5112
                            Mean reward: 0.47
                    Mean episode length: 28.79
                        Mean action std: 0.55
   Episode_Reward/track_linear_velocity: 0.0176
  Episode_Reward/track_angular_velocity: 0.0002
                 Episode_Reward/upright: 0.0195
                    Episode_Reward/pose: 0.0036
            Episode_Reward/body_ang_vel: -0.0373
        Episode_Reward/angular_momentum: -0.0000
          Episode_Reward/dof_pos_limits: -0.0025
          Episode_Reward/action_rate_l2: -0.0168
                Episode_Reward/air_time: 0.0043
          Episode_Reward/foot_clearance: -0.0005
       Episode_Reward/foot_swing_height: -0.0016
               Episode_Reward/foot_slip: -0.0002
         Episode_Reward/self_collisions: -0.0007
      Episode_Reward/head_pose_tracking: 0.0374
      Episode_Reward/body_pose_tracking: 0.0000
          Episode_Reward/head_pose_bias: 0.0000
        Episode_Metrics/mean_action_acc: 0.7997
          Curriculum/action_rate_weight: -0.1000
               Curriculum/standing_envs: 0.0200
             Curriculum/head_pose_range: 0.0700
             Curriculum/body_pose_range: 0.0500
                   Curriculum/com_range: 0.0030
              Curriculum/head_com_range: 0.0030
       Curriculum/head_pose_bias_weight: 0.0000
             Metrics/twist/error_vel_xy: 0.0243
            Metrics/twist/error_vel_yaw: 0.1891
           Episode_Termination/time_out: 0.0000
          Episode_Termination/fell_over: 146.1250
Episode_Termination/out_of_terrain_bounds: 0.0000
          Episode_Termination/nan_state: 0.0000
          Metrics/angular_momentum_mean: 0.0122
                  Metrics/air_time_mean: 0.0407
               Metrics/peak_height_mean: 0.0093
             Metrics/slip_velocity_mean: 0.2895
--------------------------------------------------------------------------------
                         Iteration time: 1.74s
                           Time elapsed: 00:09:07
                                    ETA: 00:04:08

################################################################################
[1m                           Learning iteration 275/400                           [0m 

                               Run name: hls2909-fix7
                            Total steps: 27131904 
                       Steps per second: 56111 
                        Collection time: 1.626s 
                          Learning time: 0.126s 
                        Mean value loss: 0.0235
                    Mean surrogate loss: -0.0181
                      Mean entropy loss: 11.5181
                            Mean reward: 0.46
                    Mean episode length: 28.46
                        Mean action std: 0.55
   Episode_Reward/track_linear_velocity: 0.0173
  Episode_Reward/track_angular_velocity: 0.0002
                 Episode_Reward/upright: 0.0192
                    Episode_Reward/pose: 0.0037
            Episode_Reward/body_ang_vel: -0.0367
        Episode_Reward/angular_momentum: -0.0000
          Episode_Reward/dof_pos_limits: -0.0025
          Episode_Reward/action_rate_l2: -0.0168
                Episode_Reward/air_time: 0.0043
          Episode_Reward/foot_clearance: -0.0005
       Episode_Reward/foot_swing_height: -0.0016
               Episode_Reward/foot_slip: -0.0002
         Episode_Reward/self_collisions: -0.0007
      Episode_Reward/head_pose_tracking: 0.0375
      Episode_Reward/body_pose_tracking: 0.0000
          Episode_Reward/head_pose_bias: 0.0000
        Episode_Metrics/mean_action_acc: 0.8007
          Curriculum/action_rate_weight: -0.1000
               Curriculum/standing_envs: 0.0200
             Curriculum/head_pose_range: 0.0700
             Curriculum/body_pose_range: 0.0500
                   Curriculum/com_range: 0.0030
              Curriculum/head_com_range: 0.0030
       Curriculum/head_pose_bias_weight: 0.0000
             Metrics/twist/error_vel_xy: 0.0245
            Metrics/twist/error_vel_yaw: 0.1907
           Episode_Termination/time_out: 0.0000
          Episode_Termination/fell_over: 148.0833
Episode_Termination/out_of_terrain_bounds: 0.0000
          Episode_Termination/nan_state: 0.0000
          Metrics/angular_momentum_mean: 0.0122
                  Metrics/air_time_mean: 0.0411
               Metrics/peak_height_mean: 0.0093
             Metrics/slip_velocity_mean: 0.2900
--------------------------------------------------------------------------------
                         Iteration time: 1.75s
                           Time elapsed: 00:09:08
                                    ETA: 00:04:06

################################################################################
[1m                           Learning iteration 276/400                           [0m 

                               Run name: hls2909-fix7
                            Total steps: 27230208 
                       Steps per second: 56249 
                        Collection time: 1.622s 
                          Learning time: 0.126s 
                        Mean value loss: 0.0233
                    Mean surrogate loss: -0.0192
                      Mean entropy loss: 11.5256
                            Mean reward: 0.43
                    Mean episode length: 28.33
                        Mean action std: 0.55
   Episode_Reward/track_linear_velocity: 0.0172
  Episode_Reward/track_angular_velocity: 0.0002
                 Episode_Reward/upright: 0.0192
                    Episode_Reward/pose: 0.0036
            Episode_Reward/body_ang_vel: -0.0367
        Episode_Reward/angular_momentum: -0.0000
          Episode_Reward/dof_pos_limits: -0.0024
          Episode_Reward/action_rate_l2: -0.0167
                Episode_Reward/air_time: 0.0044
          Episode_Reward/foot_clearance: -0.0005
       Episode_Reward/foot_swing_height: -0.0016
               Episode_Reward/foot_slip: -0.0002
         Episode_Reward/self_collisions: -0.0006
      Episode_Reward/head_pose_tracking: 0.0373
      Episode_Reward/body_pose_tracking: 0.0000
          Episode_Reward/head_pose_bias: 0.0000
        Episode_Metrics/mean_action_acc: 0.8012
          Curriculum/action_rate_weight: -0.1000
               Curriculum/standing_envs: 0.0200
             Curriculum/head_pose_range: 0.0700
             Curriculum/body_pose_range: 0.0500
                   Curriculum/com_range: 0.0030
              Curriculum/head_com_range: 0.0030
       Curriculum/head_pose_bias_weight: 0.0000
             Metrics/twist/error_vel_xy: 0.0244
            Metrics/twist/error_vel_yaw: 0.1893
           Episode_Termination/time_out: 0.0000
          Episode_Termination/fell_over: 147.3750
Episode_Termination/out_of_terrain_bounds: 0.0000
          Episode_Termination/nan_state: 0.0000
          Metrics/angular_momentum_mean: 0.0122
                  Metrics/air_time_mean: 0.0409
               Metrics/peak_height_mean: 0.0093
             Metrics/slip_velocity_mean: 0.2900
--------------------------------------------------------------------------------
                         Iteration time: 1.75s
                           Time elapsed: 00:09:10
                                    ETA: 00:04:04

################################################################################
[1m                           Learning iteration 277/400                           [0m 

                               Run name: hls2909-fix7
                            Total steps: 27328512 
                       Steps per second: 56059 
                        Collection time: 1.627s 
                          Learning time: 0.126s 
                        Mean value loss: 0.0228
                    Mean surrogate loss: -0.0204
                      Mean entropy loss: 11.5376
                            Mean reward: 0.45
                    Mean episode length: 26.86
                        Mean action std: 0.55
   Episode_Reward/track_linear_velocity: 0.0174
  Episode_Reward/track_angular_velocity: 0.0002
                 Episode_Reward/upright: 0.0191
                    Episode_Reward/pose: 0.0036
            Episode_Reward/body_ang_vel: -0.0373
        Episode_Reward/angular_momentum: -0.0000
          Episode_Reward/dof_pos_limits: -0.0025
          Episode_Reward/action_rate_l2: -0.0168
                Episode_Reward/air_time: 0.0043
          Episode_Reward/foot_clearance: -0.0005
       Episode_Reward/foot_swing_height: -0.0016
               Episode_Reward/foot_slip: -0.0002
         Episode_Reward/self_collisions: -0.0007
      Episode_Reward/head_pose_tracking: 0.0373
      Episode_Reward/body_pose_tracking: 0.0000
          Episode_Reward/head_pose_bias: 0.0000
        Episode_Metrics/mean_action_acc: 0.8002
          Curriculum/action_rate_weight: -0.1000
               Curriculum/standing_envs: 0.0200
             Curriculum/head_pose_range: 0.0700
             Curriculum/body_pose_range: 0.0500
                   Curriculum/com_range: 0.0030
              Curriculum/head_com_range: 0.0030
       Curriculum/head_pose_bias_weight: 0.0000
             Metrics/twist/error_vel_xy: 0.0246
            Metrics/twist/error_vel_yaw: 0.1904
           Episode_Termination/time_out: 0.0000
          Episode_Termination/fell_over: 148.5000
Episode_Termination/out_of_terrain_bounds: 0.0000
          Episode_Termination/nan_state: 0.0000
          Metrics/angular_momentum_mean: 0.0123
                  Metrics/air_time_mean: 0.0406
               Metrics/peak_height_mean: 0.0093
             Metrics/slip_velocity_mean: 0.2911
--------------------------------------------------------------------------------
                         Iteration time: 1.75s
                           Time elapsed: 00:09:12
                                    ETA: 00:04:02

################################################################################
[1m                           Learning iteration 278/400                           [0m 

                               Run name: hls2909-fix7
                            Total steps: 27426816 
                       Steps per second: 56366 
                        Collection time: 1.617s 
                          Learning time: 0.127s 
                        Mean value loss: 0.0234
                    Mean surrogate loss: -0.0182
                      Mean entropy loss: 11.5420
                            Mean reward: 0.43
                    Mean episode length: 27.65
                        Mean action std: 0.55
   Episode_Reward/track_linear_velocity: 0.0172
  Episode_Reward/track_angular_velocity: 0.0002
                 Episode_Reward/upright: 0.0191
                    Episode_Reward/pose: 0.0036
            Episode_Reward/body_ang_vel: -0.0370
        Episode_Reward/angular_momentum: -0.0000
          Episode_Reward/dof_pos_limits: -0.0024
          Episode_Reward/action_rate_l2: -0.0167
                Episode_Reward/air_time: 0.0040
          Episode_Reward/foot_clearance: -0.0005
       Episode_Reward/foot_swing_height: -0.0016
               Episode_Reward/foot_slip: -0.0002
         Episode_Reward/self_collisions: -0.0006
      Episode_Reward/head_pose_tracking: 0.0372
      Episode_Reward/body_pose_tracking: 0.0000
          Episode_Reward/head_pose_bias: 0.0000
        Episode_Metrics/mean_action_acc: 0.8016
          Curriculum/action_rate_weight: -0.1000
               Curriculum/standing_envs: 0.0200
             Curriculum/head_pose_range: 0.0700
             Curriculum/body_pose_range: 0.0500
                   Curriculum/com_range: 0.0030
              Curriculum/head_com_range: 0.0030
       Curriculum/head_pose_bias_weight: 0.0000
             Metrics/twist/error_vel_xy: 0.0243
            Metrics/twist/error_vel_yaw: 0.1896
           Episode_Termination/time_out: 0.0000
          Episode_Termination/fell_over: 145.1667
Episode_Termination/out_of_terrain_bounds: 0.0000
          Episode_Termination/nan_state: 0.0000
          Metrics/angular_momentum_mean: 0.0121
                  Metrics/air_time_mean: 0.0406
               Metrics/peak_height_mean: 0.0093
             Metrics/slip_velocity_mean: 0.2925
--------------------------------------------------------------------------------
                         Iteration time: 1.74s
                           Time elapsed: 00:09:14
                                    ETA: 00:04:00

################################################################################
[1m                           Learning iteration 279/400                           [0m 

                               Run name: hls2909-fix7
                            Total steps: 27525120 
                       Steps per second: 56128 
                        Collection time: 1.626s 
                          Learning time: 0.126s 
                        Mean value loss: 0.0234
                    Mean surrogate loss: -0.0189
                      Mean entropy loss: 11.5443
                            Mean reward: 0.41
                    Mean episode length: 28.77
                        Mean action std: 0.55
   Episode_Reward/track_linear_velocity: 0.0173
  Episode_Reward/track_angular_velocity: 0.0002
                 Episode_Reward/upright: 0.0195
                    Episode_Reward/pose: 0.0036
            Episode_Reward/body_ang_vel: -0.0371
        Episode_Reward/angular_momentum: -0.0000
          Episode_Reward/dof_pos_limits: -0.0025
          Episode_Reward/action_rate_l2: -0.0168
                Episode_Reward/air_time: 0.0042
          Episode_Reward/foot_clearance: -0.0005
       Episode_Reward/foot_swing_height: -0.0016
               Episode_Reward/foot_slip: -0.0002
         Episode_Reward/self_collisions: -0.0007
      Episode_Reward/head_pose_tracking: 0.0374
      Episode_Reward/body_pose_tracking: 0.0000
          Episode_Reward/head_pose_bias: 0.0000
        Episode_Metrics/mean_action_acc: 0.8013
          Curriculum/action_rate_weight: -0.1000
               Curriculum/standing_envs: 0.0200
             Curriculum/head_pose_range: 0.0700
             Curriculum/body_pose_range: 0.0500
                   Curriculum/com_range: 0.0030
              Curriculum/head_com_range: 0.0030
       Curriculum/head_pose_bias_weight: 0.0000
             Metrics/twist/error_vel_xy: 0.0243
            Metrics/twist/error_vel_yaw: 0.1897
           Episode_Termination/time_out: 0.0000
          Episode_Termination/fell_over: 145.8333
Episode_Termination/out_of_terrain_bounds: 0.0000
          Episode_Termination/nan_state: 0.0000
          Metrics/angular_momentum_mean: 0.0121
                  Metrics/air_time_mean: 0.0406
               Metrics/peak_height_mean: 0.0093
             Metrics/slip_velocity_mean: 0.2899
--------------------------------------------------------------------------------
                         Iteration time: 1.75s
                           Time elapsed: 00:09:15
                                    ETA: 00:03:58

################################################################################
[1m                           Learning iteration 280/400                           [0m 

                               Run name: hls2909-fix7
                            Total steps: 27623424 
                       Steps per second: 56073 
                        Collection time: 1.622s 
                          Learning time: 0.131s 
                        Mean value loss: 0.0232
                    Mean surrogate loss: -0.0202
                      Mean entropy loss: 11.5554
                            Mean reward: 0.49
                    Mean episode length: 29.11
                        Mean action std: 0.55
   Episode_Reward/track_linear_velocity: 0.0171
  Episode_Reward/track_angular_velocity: 0.0002
                 Episode_Reward/upright: 0.0194
                    Episode_Reward/pose: 0.0036
            Episode_Reward/body_ang_vel: -0.0375
        Episode_Reward/angular_momentum: -0.0000
          Episode_Reward/dof_pos_limits: -0.0025
          Episode_Reward/action_rate_l2: -0.0169
                Episode_Reward/air_time: 0.0043
          Episode_Reward/foot_clearance: -0.0005
       Episode_Reward/foot_swing_height: -0.0016
               Episode_Reward/foot_slip: -0.0002
         Episode_Reward/self_collisions: -0.0008
      Episode_Reward/head_pose_tracking: 0.0375
      Episode_Reward/body_pose_tracking: 0.0000
          Episode_Reward/head_pose_bias: 0.0000
        Episode_Metrics/mean_action_acc: 0.8016
          Curriculum/action_rate_weight: -0.1000
               Curriculum/standing_envs: 0.0200
             Curriculum/head_pose_range: 0.0700
             Curriculum/body_pose_range: 0.0500
                   Curriculum/com_range: 0.0030
              Curriculum/head_com_range: 0.0030
       Curriculum/head_pose_bias_weight: 0.0000
             Metrics/twist/error_vel_xy: 0.0247
            Metrics/twist/error_vel_yaw: 0.1902
           Episode_Termination/time_out: 0.0000
          Episode_Termination/fell_over: 147.2500
Episode_Termination/out_of_terrain_bounds: 0.0000
          Episode_Termination/nan_state: 0.0000
          Metrics/angular_momentum_mean: 0.0121
                  Metrics/air_time_mean: 0.0411
               Metrics/peak_height_mean: 0.0094
             Metrics/slip_velocity_mean: 0.2909
--------------------------------------------------------------------------------
                         Iteration time: 1.75s
                           Time elapsed: 00:09:17
                                    ETA: 00:03:56

################################################################################
[1m                           Learning iteration 281/400                           [0m 

                               Run name: hls2909-fix7
                            Total steps: 27721728 
                       Steps per second: 57263 
                        Collection time: 1.589s 
                          Learning time: 0.128s 
                        Mean value loss: 0.0231
                    Mean surrogate loss: -0.0207
                      Mean entropy loss: 11.5508
                            Mean reward: 0.51
                    Mean episode length: 28.53
                        Mean action std: 0.55
   Episode_Reward/track_linear_velocity: 0.0176
  Episode_Reward/track_angular_velocity: 0.0002
                 Episode_Reward/upright: 0.0194
                    Episode_Reward/pose: 0.0036
            Episode_Reward/body_ang_vel: -0.0370
        Episode_Reward/angular_momentum: -0.0000
          Episode_Reward/dof_pos_limits: -0.0025
          Episode_Reward/action_rate_l2: -0.0169
                Episode_Reward/air_time: 0.0042
          Episode_Reward/foot_clearance: -0.0005
       Episode_Reward/foot_swing_height: -0.0016
               Episode_Reward/foot_slip: -0.0002
         Episode_Reward/self_collisions: -0.0007
      Episode_Reward/head_pose_tracking: 0.0376
      Episode_Reward/body_pose_tracking: 0.0000
          Episode_Reward/head_pose_bias: 0.0000
        Episode_Metrics/mean_action_acc: 0.8010
          Curriculum/action_rate_weight: -0.1000
               Curriculum/standing_envs: 0.0200
             Curriculum/head_pose_range: 0.0700
             Curriculum/body_pose_range: 0.0500
                   Curriculum/com_range: 0.0030
              Curriculum/head_com_range: 0.0030
       Curriculum/head_pose_bias_weight: 0.0000
             Metrics/twist/error_vel_xy: 0.0243
            Metrics/twist/error_vel_yaw: 0.1917
           Episode_Termination/time_out: 0.0000
          Episode_Termination/fell_over: 145.7083
Episode_Termination/out_of_terrain_bounds: 0.0000
          Episode_Termination/nan_state: 0.0000
          Metrics/angular_momentum_mean: 0.0121
                  Metrics/air_time_mean: 0.0405
               Metrics/peak_height_mean: 0.0092
             Metrics/slip_velocity_mean: 0.2904
--------------------------------------------------------------------------------
                         Iteration time: 1.72s
                           Time elapsed: 00:09:19
                                    ETA: 00:03:54

################################################################################
[1m                           Learning iteration 282/400                           [0m 

                               Run name: hls2909-fix7
                            Total steps: 27820032 
                       Steps per second: 56749 
                        Collection time: 1.605s 
                          Learning time: 0.127s 
                        Mean value loss: 0.0241
                    Mean surrogate loss: -0.0185
                      Mean entropy loss: 11.5616
                            Mean reward: 0.41
                    Mean episode length: 27.01
                        Mean action std: 0.55
   Episode_Reward/track_linear_velocity: 0.0175
  Episode_Reward/track_angular_velocity: 0.0002
                 Episode_Reward/upright: 0.0196
                    Episode_Reward/pose: 0.0036
            Episode_Reward/body_ang_vel: -0.0373
        Episode_Reward/angular_momentum: -0.0000
          Episode_Reward/dof_pos_limits: -0.0025
          Episode_Reward/action_rate_l2: -0.0170
                Episode_Reward/air_time: 0.0046
          Episode_Reward/foot_clearance: -0.0005
       Episode_Reward/foot_swing_height: -0.0016
               Episode_Reward/foot_slip: -0.0002
         Episode_Reward/self_collisions: -0.0007
      Episode_Reward/head_pose_tracking: 0.0377
      Episode_Reward/body_pose_tracking: 0.0000
          Episode_Reward/head_pose_bias: 0.0000
        Episode_Metrics/mean_action_acc: 0.8024
          Curriculum/action_rate_weight: -0.1000
               Curriculum/standing_envs: 0.0200
             Curriculum/head_pose_range: 0.0700
             Curriculum/body_pose_range: 0.0500
                   Curriculum/com_range: 0.0030
              Curriculum/head_com_range: 0.0030
       Curriculum/head_pose_bias_weight: 0.0000
             Metrics/twist/error_vel_xy: 0.0246
            Metrics/twist/error_vel_yaw: 0.1919
           Episode_Termination/time_out: 0.0000
          Episode_Termination/fell_over: 148.2083
Episode_Termination/out_of_terrain_bounds: 0.0000
          Episode_Termination/nan_state: 0.0000
          Metrics/angular_momentum_mean: 0.0122
                  Metrics/air_time_mean: 0.0410
               Metrics/peak_height_mean: 0.0092
             Metrics/slip_velocity_mean: 0.2879
--------------------------------------------------------------------------------
                         Iteration time: 1.73s
                           Time elapsed: 00:09:20
                                    ETA: 00:03:51

################################################################################
[1m                           Learning iteration 283/400                           [0m 

                               Run name: hls2909-fix7
                            Total steps: 27918336 
                       Steps per second: 57055 
                        Collection time: 1.596s 
                          Learning time: 0.127s 
                        Mean value loss: 0.0233
                    Mean surrogate loss: -0.0195
                      Mean entropy loss: 11.5725
                            Mean reward: 0.47
                    Mean episode length: 28.00
                        Mean action std: 0.55
   Episode_Reward/track_linear_velocity: 0.0171
  Episode_Reward/track_angular_velocity: 0.0002
                 Episode_Reward/upright: 0.0193
                    Episode_Reward/pose: 0.0037
            Episode_Reward/body_ang_vel: -0.0372
        Episode_Reward/angular_momentum: -0.0000
          Episode_Reward/dof_pos_limits: -0.0025
          Episode_Reward/action_rate_l2: -0.0168
                Episode_Reward/air_time: 0.0042
          Episode_Reward/foot_clearance: -0.0005
       Episode_Reward/foot_swing_height: -0.0016
               Episode_Reward/foot_slip: -0.0002
         Episode_Reward/self_collisions: -0.0007
      Episode_Reward/head_pose_tracking: 0.0375
      Episode_Reward/body_pose_tracking: 0.0000
          Episode_Reward/head_pose_bias: 0.0000
        Episode_Metrics/mean_action_acc: 0.8016
          Curriculum/action_rate_weight: -0.1000
               Curriculum/standing_envs: 0.0200
             Curriculum/head_pose_range: 0.0700
             Curriculum/body_pose_range: 0.0500
                   Curriculum/com_range: 0.0030
              Curriculum/head_com_range: 0.0030
       Curriculum/head_pose_bias_weight: 0.0000
             Metrics/twist/error_vel_xy: 0.0246
            Metrics/twist/error_vel_yaw: 0.1856
           Episode_Termination/time_out: 0.0000
          Episode_Termination/fell_over: 146.6250
Episode_Termination/out_of_terrain_bounds: 0.0000
          Episode_Termination/nan_state: 0.0000
          Metrics/angular_momentum_mean: 0.0121
                  Metrics/air_time_mean: 0.0407
               Metrics/peak_height_mean: 0.0092
             Metrics/slip_velocity_mean: 0.2902
--------------------------------------------------------------------------------
                         Iteration time: 1.72s
                           Time elapsed: 00:09:22
                                    ETA: 00:03:49

################################################################################
[1m                           Learning iteration 284/400                           [0m 

                               Run name: hls2909-fix7
                            Total steps: 28016640 
                       Steps per second: 56508 
                        Collection time: 1.613s 
                          Learning time: 0.127s 
                        Mean value loss: 0.0228
                    Mean surrogate loss: -0.0206
                      Mean entropy loss: 11.5923
                            Mean reward: 0.43
                    Mean episode length: 27.59
                        Mean action std: 0.55
   Episode_Reward/track_linear_velocity: 0.0169
  Episode_Reward/track_angular_velocity: 0.0002
                 Episode_Reward/upright: 0.0194
                    Episode_Reward/pose: 0.0036
            Episode_Reward/body_ang_vel: -0.0372
        Episode_Reward/angular_momentum: -0.0000
          Episode_Reward/dof_pos_limits: -0.0025
          Episode_Reward/action_rate_l2: -0.0169
                Episode_Reward/air_time: 0.0041
          Episode_Reward/foot_clearance: -0.0005
       Episode_Reward/foot_swing_height: -0.0016
               Episode_Reward/foot_slip: -0.0002
         Episode_Reward/self_collisions: -0.0007
      Episode_Reward/head_pose_tracking: 0.0376
      Episode_Reward/body_pose_tracking: 0.0000
          Episode_Reward/head_pose_bias: 0.0000
        Episode_Metrics/mean_action_acc: 0.8033
          Curriculum/action_rate_weight: -0.1000
               Curriculum/standing_envs: 0.0200
             Curriculum/head_pose_range: 0.0700
             Curriculum/body_pose_range: 0.0500
                   Curriculum/com_range: 0.0030
              Curriculum/head_com_range: 0.0030
       Curriculum/head_pose_bias_weight: 0.0000
             Metrics/twist/error_vel_xy: 0.0250
            Metrics/twist/error_vel_yaw: 0.1917
           Episode_Termination/time_out: 0.0000
          Episode_Termination/fell_over: 147.5000
Episode_Termination/out_of_terrain_bounds: 0.0000
          Episode_Termination/nan_state: 0.0000
          Metrics/angular_momentum_mean: 0.0122
                  Metrics/air_time_mean: 0.0408
               Metrics/peak_height_mean: 0.0093
             Metrics/slip_velocity_mean: 0.2903
--------------------------------------------------------------------------------
                         Iteration time: 1.74s
                           Time elapsed: 00:09:24
                                    ETA: 00:03:47

################################################################################
[1m                           Learning iteration 285/400                           [0m 

                               Run name: hls2909-fix7
                            Total steps: 28114944 
                       Steps per second: 56776 
                        Collection time: 1.606s 
                          Learning time: 0.125s 
                        Mean value loss: 0.0228
                    Mean surrogate loss: -0.0212
                      Mean entropy loss: 11.6096
                            Mean reward: 0.55
                    Mean episode length: 28.10
                        Mean action std: 0.55
   Episode_Reward/track_linear_velocity: 0.0174
  Episode_Reward/track_angular_velocity: 0.0002
                 Episode_Reward/upright: 0.0194
                    Episode_Reward/pose: 0.0036
            Episode_Reward/body_ang_vel: -0.0371
        Episode_Reward/angular_momentum: -0.0000
          Episode_Reward/dof_pos_limits: -0.0025
          Episode_Reward/action_rate_l2: -0.0170
                Episode_Reward/air_time: 0.0042
          Episode_Reward/foot_clearance: -0.0005
       Episode_Reward/foot_swing_height: -0.0016
               Episode_Reward/foot_slip: -0.0002
         Episode_Reward/self_collisions: -0.0007
      Episode_Reward/head_pose_tracking: 0.0376
      Episode_Reward/body_pose_tracking: 0.0000
          Episode_Reward/head_pose_bias: 0.0000
        Episode_Metrics/mean_action_acc: 0.8040
          Curriculum/action_rate_weight: -0.1000
               Curriculum/standing_envs: 0.0200
             Curriculum/head_pose_range: 0.0700
             Curriculum/body_pose_range: 0.0500
                   Curriculum/com_range: 0.0030
              Curriculum/head_com_range: 0.0030
       Curriculum/head_pose_bias_weight: 0.0000
             Metrics/twist/error_vel_xy: 0.0244
            Metrics/twist/error_vel_yaw: 0.1900
           Episode_Termination/time_out: 0.0000
          Episode_Termination/fell_over: 147.5833
Episode_Termination/out_of_terrain_bounds: 0.0000
          Episode_Termination/nan_state: 0.0000
          Metrics/angular_momentum_mean: 0.0122
                  Metrics/air_time_mean: 0.0406
               Metrics/peak_height_mean: 0.0093
             Metrics/slip_velocity_mean: 0.2914
--------------------------------------------------------------------------------
                         Iteration time: 1.73s
                           Time elapsed: 00:09:26
                                    ETA: 00:03:45

################################################################################
[1m                           Learning iteration 286/400                           [0m 

                               Run name: hls2909-fix7
                            Total steps: 28213248 
                       Steps per second: 56698 
                        Collection time: 1.608s 
                          Learning time: 0.126s 
                        Mean value loss: 0.0228
                    Mean surrogate loss: -0.0207
                      Mean entropy loss: 11.6214
                            Mean reward: 0.42
                    Mean episode length: 29.33
                        Mean action std: 0.56
   Episode_Reward/track_linear_velocity: 0.0174
  Episode_Reward/track_angular_velocity: 0.0002
                 Episode_Reward/upright: 0.0192
                    Episode_Reward/pose: 0.0036
            Episode_Reward/body_ang_vel: -0.0366
        Episode_Reward/angular_momentum: -0.0000
          Episode_Reward/dof_pos_limits: -0.0025
          Episode_Reward/action_rate_l2: -0.0170
                Episode_Reward/air_time: 0.0041
          Episode_Reward/foot_clearance: -0.0005
       Episode_Reward/foot_swing_height: -0.0016
               Episode_Reward/foot_slip: -0.0002
         Episode_Reward/self_collisions: -0.0007
      Episode_Reward/head_pose_tracking: 0.0373
      Episode_Reward/body_pose_tracking: 0.0000
          Episode_Reward/head_pose_bias: 0.0000
        Episode_Metrics/mean_action_acc: 0.8047
          Curriculum/action_rate_weight: -0.1000
               Curriculum/standing_envs: 0.0200
             Curriculum/head_pose_range: 0.0700
             Curriculum/body_pose_range: 0.0500
                   Curriculum/com_range: 0.0030
              Curriculum/head_com_range: 0.0030
       Curriculum/head_pose_bias_weight: 0.0000
             Metrics/twist/error_vel_xy: 0.0243
            Metrics/twist/error_vel_yaw: 0.1883
           Episode_Termination/time_out: 0.0000
          Episode_Termination/fell_over: 146.6250
Episode_Termination/out_of_terrain_bounds: 0.0000
          Episode_Termination/nan_state: 0.0000
          Metrics/angular_momentum_mean: 0.0122
                  Metrics/air_time_mean: 0.0404
               Metrics/peak_height_mean: 0.0092
             Metrics/slip_velocity_mean: 0.2943
--------------------------------------------------------------------------------
                         Iteration time: 1.73s
                           Time elapsed: 00:09:27
                                    ETA: 00:03:43

################################################################################
[1m                           Learning iteration 287/400                           [0m 

                               Run name: hls2909-fix7
                            Total steps: 28311552 
                       Steps per second: 56390 
                        Collection time: 1.617s 
                          Learning time: 0.127s 
                        Mean value loss: 0.0232
                    Mean surrogate loss: -0.0209
                      Mean entropy loss: 11.6255
                            Mean reward: 0.51
                    Mean episode length: 28.65
                        Mean action std: 0.56
   Episode_Reward/track_linear_velocity: 0.0175
  Episode_Reward/track_angular_velocity: 0.0002
                 Episode_Reward/upright: 0.0192
                    Episode_Reward/pose: 0.0037
            Episode_Reward/body_ang_vel: -0.0370
        Episode_Reward/angular_momentum: -0.0000
          Episode_Reward/dof_pos_limits: -0.0024
          Episode_Reward/action_rate_l2: -0.0170
                Episode_Reward/air_time: 0.0044
          Episode_Reward/foot_clearance: -0.0005
       Episode_Reward/foot_swing_height: -0.0016
               Episode_Reward/foot_slip: -0.0002
         Episode_Reward/self_collisions: -0.0006
      Episode_Reward/head_pose_tracking: 0.0373
      Episode_Reward/body_pose_tracking: 0.0000
          Episode_Reward/head_pose_bias: 0.0000
        Episode_Metrics/mean_action_acc: 0.8048
          Curriculum/action_rate_weight: -0.1000
               Curriculum/standing_envs: 0.0200
             Curriculum/head_pose_range: 0.0700
             Curriculum/body_pose_range: 0.0500
                   Curriculum/com_range: 0.0030
              Curriculum/head_com_range: 0.0030
       Curriculum/head_pose_bias_weight: 0.0000
             Metrics/twist/error_vel_xy: 0.0242
            Metrics/twist/error_vel_yaw: 0.1903
           Episode_Termination/time_out: 0.0000
          Episode_Termination/fell_over: 147.3333
Episode_Termination/out_of_terrain_bounds: 0.0000
          Episode_Termination/nan_state: 0.0000
          Metrics/angular_momentum_mean: 0.0122
                  Metrics/air_time_mean: 0.0409
               Metrics/peak_height_mean: 0.0093
             Metrics/slip_velocity_mean: 0.2908
--------------------------------------------------------------------------------
                         Iteration time: 1.74s
                           Time elapsed: 00:09:29
                                    ETA: 00:03:41

################################################################################
[1m                           Learning iteration 288/400                           [0m 

                               Run name: hls2909-fix7
                            Total steps: 28409856 
                       Steps per second: 56773 
                        Collection time: 1.605s 
                          Learning time: 0.126s 
                        Mean value loss: 0.0233
                    Mean surrogate loss: -0.0200
                      Mean entropy loss: 11.6250
                            Mean reward: 0.41
                    Mean episode length: 27.09
                        Mean action std: 0.56
   Episode_Reward/track_linear_velocity: 0.0173
  Episode_Reward/track_angular_velocity: 0.0002
                 Episode_Reward/upright: 0.0192
                    Episode_Reward/pose: 0.0037
            Episode_Reward/body_ang_vel: -0.0368
        Episode_Reward/angular_momentum: -0.0000
          Episode_Reward/dof_pos_limits: -0.0025
          Episode_Reward/action_rate_l2: -0.0171
                Episode_Reward/air_time: 0.0043
          Episode_Reward/foot_clearance: -0.0005
       Episode_Reward/foot_swing_height: -0.0016
               Episode_Reward/foot_slip: -0.0002
         Episode_Reward/self_collisions: -0.0007
      Episode_Reward/head_pose_tracking: 0.0374
      Episode_Reward/body_pose_tracking: 0.0000
          Episode_Reward/head_pose_bias: 0.0000
        Episode_Metrics/mean_action_acc: 0.8057
          Curriculum/action_rate_weight: -0.1000
               Curriculum/standing_envs: 0.0200
             Curriculum/head_pose_range: 0.0700
             Curriculum/body_pose_range: 0.0500
                   Curriculum/com_range: 0.0030
              Curriculum/head_com_range: 0.0030
       Curriculum/head_pose_bias_weight: 0.0000
             Metrics/twist/error_vel_xy: 0.0244
            Metrics/twist/error_vel_yaw: 0.1907
           Episode_Termination/time_out: 0.0000
          Episode_Termination/fell_over: 145.8750
Episode_Termination/out_of_terrain_bounds: 0.0000
          Episode_Termination/nan_state: 0.0000
          Metrics/angular_momentum_mean: 0.0122
                  Metrics/air_time_mean: 0.0411
               Metrics/peak_height_mean: 0.0094
             Metrics/slip_velocity_mean: 0.2917
--------------------------------------------------------------------------------
                         Iteration time: 1.73s
                           Time elapsed: 00:09:31
                                    ETA: 00:03:39

################################################################################
[1m                           Learning iteration 289/400                           [0m 

                               Run name: hls2909-fix7
                            Total steps: 28508160 
                       Steps per second: 56640 
                        Collection time: 1.609s 
                          Learning time: 0.127s 
                        Mean value loss: 0.0231
                    Mean surrogate loss: -0.0202
                      Mean entropy loss: 11.6263
                            Mean reward: 0.36
                    Mean episode length: 28.09
                        Mean action std: 0.56
   Episode_Reward/track_linear_velocity: 0.0174
  Episode_Reward/track_angular_velocity: 0.0002
                 Episode_Reward/upright: 0.0194
                    Episode_Reward/pose: 0.0036
            Episode_Reward/body_ang_vel: -0.0372
        Episode_Reward/angular_momentum: -0.0000
          Episode_Reward/dof_pos_limits: -0.0025
          Episode_Reward/action_rate_l2: -0.0171
                Episode_Reward/air_time: 0.0044
          Episode_Reward/foot_clearance: -0.0005
       Episode_Reward/foot_swing_height: -0.0016
               Episode_Reward/foot_slip: -0.0002
         Episode_Reward/self_collisions: -0.0007
      Episode_Reward/head_pose_tracking: 0.0376
      Episode_Reward/body_pose_tracking: 0.0000
          Episode_Reward/head_pose_bias: 0.0000
        Episode_Metrics/mean_action_acc: 0.8061
          Curriculum/action_rate_weight: -0.1000
               Curriculum/standing_envs: 0.0200
             Curriculum/head_pose_range: 0.0700
             Curriculum/body_pose_range: 0.0500
                   Curriculum/com_range: 0.0030
              Curriculum/head_com_range: 0.0030
       Curriculum/head_pose_bias_weight: 0.0000
             Metrics/twist/error_vel_xy: 0.0244
            Metrics/twist/error_vel_yaw: 0.1893
           Episode_Termination/time_out: 0.0000
          Episode_Termination/fell_over: 147.5833
Episode_Termination/out_of_terrain_bounds: 0.0000
          Episode_Termination/nan_state: 0.0000
          Metrics/angular_momentum_mean: 0.0121
                  Metrics/air_time_mean: 0.0412
               Metrics/peak_height_mean: 0.0093
             Metrics/slip_velocity_mean: 0.2906
--------------------------------------------------------------------------------
                         Iteration time: 1.74s
                           Time elapsed: 00:09:33
                                    ETA: 00:03:37

################################################################################
[1m                           Learning iteration 290/400                           [0m 

                               Run name: hls2909-fix7
                            Total steps: 28606464 
                       Steps per second: 57297 
                        Collection time: 1.589s 
                          Learning time: 0.127s 
                        Mean value loss: 0.0236
                    Mean surrogate loss: -0.0183
                      Mean entropy loss: 11.6323
                            Mean reward: 0.51
                    Mean episode length: 27.78
                        Mean action std: 0.56
   Episode_Reward/track_linear_velocity: 0.0170
  Episode_Reward/track_angular_velocity: 0.0002
                 Episode_Reward/upright: 0.0193
                    Episode_Reward/pose: 0.0036
            Episode_Reward/body_ang_vel: -0.0369
        Episode_Reward/angular_momentum: -0.0000
          Episode_Reward/dof_pos_limits: -0.0025
          Episode_Reward/action_rate_l2: -0.0170
                Episode_Reward/air_time: 0.0044
          Episode_Reward/foot_clearance: -0.0005
       Episode_Reward/foot_swing_height: -0.0016
               Episode_Reward/foot_slip: -0.0002
         Episode_Reward/self_collisions: -0.0008
      Episode_Reward/head_pose_tracking: 0.0374
      Episode_Reward/body_pose_tracking: 0.0000
          Episode_Reward/head_pose_bias: 0.0000
        Episode_Metrics/mean_action_acc: 0.8051
          Curriculum/action_rate_weight: -0.1000
               Curriculum/standing_envs: 0.0200
             Curriculum/head_pose_range: 0.0700
             Curriculum/body_pose_range: 0.0500
                   Curriculum/com_range: 0.0030
              Curriculum/head_com_range: 0.0030
       Curriculum/head_pose_bias_weight: 0.0000
             Metrics/twist/error_vel_xy: 0.0247
            Metrics/twist/error_vel_yaw: 0.1891
           Episode_Termination/time_out: 0.0000
          Episode_Termination/fell_over: 147.0000
Episode_Termination/out_of_terrain_bounds: 0.0000
          Episode_Termination/nan_state: 0.0000
          Metrics/angular_momentum_mean: 0.0122
                  Metrics/air_time_mean: 0.0408
               Metrics/peak_height_mean: 0.0093
             Metrics/slip_velocity_mean: 0.2892
--------------------------------------------------------------------------------
                         Iteration time: 1.72s
                           Time elapsed: 00:09:34
                                    ETA: 00:03:35

################################################################################
[1m                           Learning iteration 291/400                           [0m 

                               Run name: hls2909-fix7
                            Total steps: 28704768 
                       Steps per second: 56392 
                        Collection time: 1.616s 
                          Learning time: 0.128s 
                        Mean value loss: 0.0233
                    Mean surrogate loss: -0.0195
                      Mean entropy loss: 11.6345
                            Mean reward: 0.43
                    Mean episode length: 27.87
                        Mean action std: 0.56
   Episode_Reward/track_linear_velocity: 0.0172
  Episode_Reward/track_angular_velocity: 0.0002
                 Episode_Reward/upright: 0.0193
                    Episode_Reward/pose: 0.0037
            Episode_Reward/body_ang_vel: -0.0372
        Episode_Reward/angular_momentum: -0.0000
          Episode_Reward/dof_pos_limits: -0.0024
          Episode_Reward/action_rate_l2: -0.0169
                Episode_Reward/air_time: 0.0044
          Episode_Reward/foot_clearance: -0.0005
       Episode_Reward/foot_swing_height: -0.0016
               Episode_Reward/foot_slip: -0.0002
         Episode_Reward/self_collisions: -0.0006
      Episode_Reward/head_pose_tracking: 0.0374
      Episode_Reward/body_pose_tracking: 0.0000
          Episode_Reward/head_pose_bias: 0.0000
        Episode_Metrics/mean_action_acc: 0.8038
          Curriculum/action_rate_weight: -0.1000
               Curriculum/standing_envs: 0.0200
             Curriculum/head_pose_range: 0.0700
             Curriculum/body_pose_range: 0.0500
                   Curriculum/com_range: 0.0030
              Curriculum/head_com_range: 0.0030
       Curriculum/head_pose_bias_weight: 0.0000
             Metrics/twist/error_vel_xy: 0.0244
            Metrics/twist/error_vel_yaw: 0.1878
           Episode_Termination/time_out: 0.0000
          Episode_Termination/fell_over: 147.3333
Episode_Termination/out_of_terrain_bounds: 0.0000
          Episode_Termination/nan_state: 0.0000
          Metrics/angular_momentum_mean: 0.0122
                  Metrics/air_time_mean: 0.0412
               Metrics/peak_height_mean: 0.0094
             Metrics/slip_velocity_mean: 0.2914
--------------------------------------------------------------------------------
                         Iteration time: 1.74s
                           Time elapsed: 00:09:36
                                    ETA: 00:03:33

################################################################################
[1m                           Learning iteration 292/400                           [0m 

                               Run name: hls2909-fix7
                            Total steps: 28803072 
                       Steps per second: 57011 
                        Collection time: 1.597s 
                          Learning time: 0.127s 
                        Mean value loss: 0.0231
                    Mean surrogate loss: -0.0204
                      Mean entropy loss: 11.6561
                            Mean reward: 0.50
                    Mean episode length: 27.54
                        Mean action std: 0.56
   Episode_Reward/track_linear_velocity: 0.0175
  Episode_Reward/track_angular_velocity: 0.0002
                 Episode_Reward/upright: 0.0192
                    Episode_Reward/pose: 0.0036
            Episode_Reward/body_ang_vel: -0.0372
        Episode_Reward/angular_momentum: -0.0000
          Episode_Reward/dof_pos_limits: -0.0025
          Episode_Reward/action_rate_l2: -0.0170
                Episode_Reward/air_time: 0.0044
          Episode_Reward/foot_clearance: -0.0005
       Episode_Reward/foot_swing_height: -0.0016
               Episode_Reward/foot_slip: -0.0002
         Episode_Reward/self_collisions: -0.0008
      Episode_Reward/head_pose_tracking: 0.0375
      Episode_Reward/body_pose_tracking: 0.0000
          Episode_Reward/head_pose_bias: 0.0000
        Episode_Metrics/mean_action_acc: 0.8045
          Curriculum/action_rate_weight: -0.1000
               Curriculum/standing_envs: 0.0200
             Curriculum/head_pose_range: 0.0700
             Curriculum/body_pose_range: 0.0500
                   Curriculum/com_range: 0.0030
              Curriculum/head_com_range: 0.0030
       Curriculum/head_pose_bias_weight: 0.0000
             Metrics/twist/error_vel_xy: 0.0244
            Metrics/twist/error_vel_yaw: 0.1895
           Episode_Termination/time_out: 0.0000
          Episode_Termination/fell_over: 146.2500
Episode_Termination/out_of_terrain_bounds: 0.0000
          Episode_Termination/nan_state: 0.0000
          Metrics/angular_momentum_mean: 0.0121
                  Metrics/air_time_mean: 0.0409
               Metrics/peak_height_mean: 0.0092
             Metrics/slip_velocity_mean: 0.2917
--------------------------------------------------------------------------------
                         Iteration time: 1.72s
                           Time elapsed: 00:09:38
                                    ETA: 00:03:31

################################################################################
[1m                           Learning iteration 293/400                           [0m 

                               Run name: hls2909-fix7
                            Total steps: 28901376 
                       Steps per second: 57570 
                        Collection time: 1.577s 
                          Learning time: 0.130s 
                        Mean value loss: 0.0236
                    Mean surrogate loss: -0.0174
                      Mean entropy loss: 11.6633
                            Mean reward: 0.47
                    Mean episode length: 27.38
                        Mean action std: 0.56
   Episode_Reward/track_linear_velocity: 0.0174
  Episode_Reward/track_angular_velocity: 0.0002
                 Episode_Reward/upright: 0.0194
                    Episode_Reward/pose: 0.0036
            Episode_Reward/body_ang_vel: -0.0371
        Episode_Reward/angular_momentum: -0.0000
          Episode_Reward/dof_pos_limits: -0.0025
          Episode_Reward/action_rate_l2: -0.0171
                Episode_Reward/air_time: 0.0044
          Episode_Reward/foot_clearance: -0.0005
       Episode_Reward/foot_swing_height: -0.0016
               Episode_Reward/foot_slip: -0.0002
         Episode_Reward/self_collisions: -0.0007
      Episode_Reward/head_pose_tracking: 0.0375
      Episode_Reward/body_pose_tracking: 0.0000
          Episode_Reward/head_pose_bias: 0.0000
        Episode_Metrics/mean_action_acc: 0.8058
          Curriculum/action_rate_weight: -0.1000
               Curriculum/standing_envs: 0.0200
             Curriculum/head_pose_range: 0.0700
             Curriculum/body_pose_range: 0.0500
                   Curriculum/com_range: 0.0030
              Curriculum/head_com_range: 0.0030
       Curriculum/head_pose_bias_weight: 0.0000
             Metrics/twist/error_vel_xy: 0.0248
            Metrics/twist/error_vel_yaw: 0.1906
           Episode_Termination/time_out: 0.0000
          Episode_Termination/fell_over: 147.2917
Episode_Termination/out_of_terrain_bounds: 0.0000
          Episode_Termination/nan_state: 0.0000
          Metrics/angular_momentum_mean: 0.0122
                  Metrics/air_time_mean: 0.0409
               Metrics/peak_height_mean: 0.0093
             Metrics/slip_velocity_mean: 0.2896
--------------------------------------------------------------------------------
                         Iteration time: 1.71s
                           Time elapsed: 00:09:40
                                    ETA: 00:03:29

################################################################################
[1m                           Learning iteration 294/400                           [0m 

                               Run name: hls2909-fix7
                            Total steps: 28999680 
                       Steps per second: 56514 
                        Collection time: 1.613s 
                          Learning time: 0.127s 
                        Mean value loss: 0.0231
                    Mean surrogate loss: -0.0192
                      Mean entropy loss: 11.6727
                            Mean reward: 0.45
                    Mean episode length: 26.94
                        Mean action std: 0.56
   Episode_Reward/track_linear_velocity: 0.0172
  Episode_Reward/track_angular_velocity: 0.0002
                 Episode_Reward/upright: 0.0191
                    Episode_Reward/pose: 0.0036
            Episode_Reward/body_ang_vel: -0.0368
        Episode_Reward/angular_momentum: -0.0000
          Episode_Reward/dof_pos_limits: -0.0024
          Episode_Reward/action_rate_l2: -0.0169
                Episode_Reward/air_time: 0.0044
          Episode_Reward/foot_clearance: -0.0005
       Episode_Reward/foot_swing_height: -0.0016
               Episode_Reward/foot_slip: -0.0002
         Episode_Reward/self_collisions: -0.0007
      Episode_Reward/head_pose_tracking: 0.0373
      Episode_Reward/body_pose_tracking: 0.0000
          Episode_Reward/head_pose_bias: 0.0000
        Episode_Metrics/mean_action_acc: 0.8053
          Curriculum/action_rate_weight: -0.1000
               Curriculum/standing_envs: 0.0200
             Curriculum/head_pose_range: 0.0700
             Curriculum/body_pose_range: 0.0500
                   Curriculum/com_range: 0.0030
              Curriculum/head_com_range: 0.0030
       Curriculum/head_pose_bias_weight: 0.0000
             Metrics/twist/error_vel_xy: 0.0243
            Metrics/twist/error_vel_yaw: 0.1893
           Episode_Termination/time_out: 0.0000
          Episode_Termination/fell_over: 147.4167
Episode_Termination/out_of_terrain_bounds: 0.0000
          Episode_Termination/nan_state: 0.0000
          Metrics/angular_momentum_mean: 0.0122
                  Metrics/air_time_mean: 0.0410
               Metrics/peak_height_mean: 0.0092
             Metrics/slip_velocity_mean: 0.2888
--------------------------------------------------------------------------------
                         Iteration time: 1.74s
                           Time elapsed: 00:09:41
                                    ETA: 00:03:27

################################################################################
[1m                           Learning iteration 295/400                           [0m 

                               Run name: hls2909-fix7
                            Total steps: 29097984 
                       Steps per second: 57094 
                        Collection time: 1.591s 
                          Learning time: 0.130s 
                        Mean value loss: 0.0236
                    Mean surrogate loss: -0.0198
                      Mean entropy loss: 11.6766
                            Mean reward: 0.47
                    Mean episode length: 26.88
                        Mean action std: 0.56
   Episode_Reward/track_linear_velocity: 0.0172
  Episode_Reward/track_angular_velocity: 0.0002
                 Episode_Reward/upright: 0.0192
                    Episode_Reward/pose: 0.0036
            Episode_Reward/body_ang_vel: -0.0370
        Episode_Reward/angular_momentum: -0.0000
          Episode_Reward/dof_pos_limits: -0.0025
          Episode_Reward/action_rate_l2: -0.0170
                Episode_Reward/air_time: 0.0043
          Episode_Reward/foot_clearance: -0.0005
       Episode_Reward/foot_swing_height: -0.0016
               Episode_Reward/foot_slip: -0.0002
         Episode_Reward/self_collisions: -0.0007
      Episode_Reward/head_pose_tracking: 0.0374
      Episode_Reward/body_pose_tracking: 0.0000
          Episode_Reward/head_pose_bias: 0.0000
        Episode_Metrics/mean_action_acc: 0.8046
          Curriculum/action_rate_weight: -0.1000
               Curriculum/standing_envs: 0.0200
             Curriculum/head_pose_range: 0.0700
             Curriculum/body_pose_range: 0.0500
                   Curriculum/com_range: 0.0030
              Curriculum/head_com_range: 0.0030
       Curriculum/head_pose_bias_weight: 0.0000
             Metrics/twist/error_vel_xy: 0.0245
            Metrics/twist/error_vel_yaw: 0.1885
           Episode_Termination/time_out: 0.0000
          Episode_Termination/fell_over: 146.9583
Episode_Termination/out_of_terrain_bounds: 0.0000
          Episode_Termination/nan_state: 0.0000
          Metrics/angular_momentum_mean: 0.0121
                  Metrics/air_time_mean: 0.0411
               Metrics/peak_height_mean: 0.0093
             Metrics/slip_velocity_mean: 0.2902
--------------------------------------------------------------------------------
                         Iteration time: 1.72s
                           Time elapsed: 00:09:43
                                    ETA: 00:03:25

################################################################################
[1m                           Learning iteration 296/400                           [0m 

                               Run name: hls2909-fix7
                            Total steps: 29196288 
                       Steps per second: 57319 
                        Collection time: 1.590s 
                          Learning time: 0.125s 
                        Mean value loss: 0.0237
                    Mean surrogate loss: -0.0204
                      Mean entropy loss: 11.6905
                            Mean reward: 0.39
                    Mean episode length: 27.23
                        Mean action std: 0.56
   Episode_Reward/track_linear_velocity: 0.0171
  Episode_Reward/track_angular_velocity: 0.0002
                 Episode_Reward/upright: 0.0193
                    Episode_Reward/pose: 0.0036
            Episode_Reward/body_ang_vel: -0.0375
        Episode_Reward/angular_momentum: -0.0000
          Episode_Reward/dof_pos_limits: -0.0025
          Episode_Reward/action_rate_l2: -0.0172
                Episode_Reward/air_time: 0.0047
          Episode_Reward/foot_clearance: -0.0005
       Episode_Reward/foot_swing_height: -0.0016
               Episode_Reward/foot_slip: -0.0002
         Episode_Reward/self_collisions: -0.0007
      Episode_Reward/head_pose_tracking: 0.0376
      Episode_Reward/body_pose_tracking: 0.0000
          Episode_Reward/head_pose_bias: 0.0000
        Episode_Metrics/mean_action_acc: 0.8064
          Curriculum/action_rate_weight: -0.1000
               Curriculum/standing_envs: 0.0200
             Curriculum/head_pose_range: 0.0700
             Curriculum/body_pose_range: 0.0500
                   Curriculum/com_range: 0.0030
              Curriculum/head_com_range: 0.0030
       Curriculum/head_pose_bias_weight: 0.0000
             Metrics/twist/error_vel_xy: 0.0249
            Metrics/twist/error_vel_yaw: 0.1897
           Episode_Termination/time_out: 0.0000
          Episode_Termination/fell_over: 146.2917
Episode_Termination/out_of_terrain_bounds: 0.0000
          Episode_Termination/nan_state: 0.0000
          Metrics/angular_momentum_mean: 0.0121
                  Metrics/air_time_mean: 0.0412
               Metrics/peak_height_mean: 0.0093
             Metrics/slip_velocity_mean: 0.2909
--------------------------------------------------------------------------------
                         Iteration time: 1.72s
                           Time elapsed: 00:09:45
                                    ETA: 00:03:22

################################################################################
[1m                           Learning iteration 297/400                           [0m 

                               Run name: hls2909-fix7
                            Total steps: 29294592 
                       Steps per second: 57058 
                        Collection time: 1.597s 
                          Learning time: 0.126s 
                        Mean value loss: 0.0242
                    Mean surrogate loss: -0.0207
                      Mean entropy loss: 11.6934
                            Mean reward: 0.38
                    Mean episode length: 26.64
                        Mean action std: 0.56
   Episode_Reward/track_linear_velocity: 0.0173
  Episode_Reward/track_angular_velocity: 0.0002
                 Episode_Reward/upright: 0.0193
                    Episode_Reward/pose: 0.0036
            Episode_Reward/body_ang_vel: -0.0375
        Episode_Reward/angular_momentum: -0.0000
          Episode_Reward/dof_pos_limits: -0.0025
          Episode_Reward/action_rate_l2: -0.0172
                Episode_Reward/air_time: 0.0045
          Episode_Reward/foot_clearance: -0.0005
       Episode_Reward/foot_swing_height: -0.0016
               Episode_Reward/foot_slip: -0.0002
         Episode_Reward/self_collisions: -0.0007
      Episode_Reward/head_pose_tracking: 0.0376
      Episode_Reward/body_pose_tracking: 0.0000
          Episode_Reward/head_pose_bias: 0.0000
        Episode_Metrics/mean_action_acc: 0.8065
          Curriculum/action_rate_weight: -0.1000
               Curriculum/standing_envs: 0.0200
             Curriculum/head_pose_range: 0.0700
             Curriculum/body_pose_range: 0.0500
                   Curriculum/com_range: 0.0030
              Curriculum/head_com_range: 0.0030
       Curriculum/head_pose_bias_weight: 0.0000
             Metrics/twist/error_vel_xy: 0.0247
            Metrics/twist/error_vel_yaw: 0.1908
           Episode_Termination/time_out: 0.0000
          Episode_Termination/fell_over: 148.1250
Episode_Termination/out_of_terrain_bounds: 0.0000
          Episode_Termination/nan_state: 0.0000
          Metrics/angular_momentum_mean: 0.0122
                  Metrics/air_time_mean: 0.0411
               Metrics/peak_height_mean: 0.0093
             Metrics/slip_velocity_mean: 0.2903
--------------------------------------------------------------------------------
                         Iteration time: 1.72s
                           Time elapsed: 00:09:46
                                    ETA: 00:03:20

################################################################################
[1m                           Learning iteration 298/400                           [0m 

                               Run name: hls2909-fix7
                            Total steps: 29392896 
                       Steps per second: 57340 
                        Collection time: 1.587s 
                          Learning time: 0.127s 
                        Mean value loss: 0.0236
                    Mean surrogate loss: -0.0205
                      Mean entropy loss: 11.6982
                            Mean reward: 0.45
                    Mean episode length: 27.87
                        Mean action std: 0.56
   Episode_Reward/track_linear_velocity: 0.0172
  Episode_Reward/track_angular_velocity: 0.0002
                 Episode_Reward/upright: 0.0193
                    Episode_Reward/pose: 0.0036
            Episode_Reward/body_ang_vel: -0.0376
        Episode_Reward/angular_momentum: -0.0000
          Episode_Reward/dof_pos_limits: -0.0025
          Episode_Reward/action_rate_l2: -0.0171
                Episode_Reward/air_time: 0.0044
          Episode_Reward/foot_clearance: -0.0005
       Episode_Reward/foot_swing_height: -0.0016
               Episode_Reward/foot_slip: -0.0002
         Episode_Reward/self_collisions: -0.0007
      Episode_Reward/head_pose_tracking: 0.0375
      Episode_Reward/body_pose_tracking: 0.0000
          Episode_Reward/head_pose_bias: 0.0000
        Episode_Metrics/mean_action_acc: 0.8050
          Curriculum/action_rate_weight: -0.1000
               Curriculum/standing_envs: 0.0200
             Curriculum/head_pose_range: 0.0700
             Curriculum/body_pose_range: 0.0500
                   Curriculum/com_range: 0.0030
              Curriculum/head_com_range: 0.0030
       Curriculum/head_pose_bias_weight: 0.0000
             Metrics/twist/error_vel_xy: 0.0245
            Metrics/twist/error_vel_yaw: 0.1890
           Episode_Termination/time_out: 0.0000
          Episode_Termination/fell_over: 147.1667
Episode_Termination/out_of_terrain_bounds: 0.0000
          Episode_Termination/nan_state: 0.0000
          Metrics/angular_momentum_mean: 0.0121
                  Metrics/air_time_mean: 0.0412
               Metrics/peak_height_mean: 0.0092
             Metrics/slip_velocity_mean: 0.2922
--------------------------------------------------------------------------------
                         Iteration time: 1.71s
                           Time elapsed: 00:09:48
                                    ETA: 00:03:18

################################################################################
[1m                           Learning iteration 299/400                           [0m 

                               Run name: hls2909-fix7
                            Total steps: 29491200 
                       Steps per second: 57062 
                        Collection time: 1.595s 
                          Learning time: 0.127s 
                        Mean value loss: 0.0232
                    Mean surrogate loss: -0.0203
                      Mean entropy loss: 11.6955
                            Mean reward: 0.49
                    Mean episode length: 28.14
                        Mean action std: 0.56
   Episode_Reward/track_linear_velocity: 0.0173
  Episode_Reward/track_angular_velocity: 0.0002
                 Episode_Reward/upright: 0.0191
                    Episode_Reward/pose: 0.0037
            Episode_Reward/body_ang_vel: -0.0374
        Episode_Reward/angular_momentum: -0.0000
          Episode_Reward/dof_pos_limits: -0.0025
          Episode_Reward/action_rate_l2: -0.0172
                Episode_Reward/air_time: 0.0044
          Episode_Reward/foot_clearance: -0.0005
       Episode_Reward/foot_swing_height: -0.0016
               Episode_Reward/foot_slip: -0.0002
         Episode_Reward/self_collisions: -0.0008
      Episode_Reward/head_pose_tracking: 0.0375
      Episode_Reward/body_pose_tracking: 0.0000
          Episode_Reward/head_pose_bias: 0.0000
        Episode_Metrics/mean_action_acc: 0.8070
          Curriculum/action_rate_weight: -0.1000
               Curriculum/standing_envs: 0.0200
             Curriculum/head_pose_range: 0.0700
             Curriculum/body_pose_range: 0.0500
                   Curriculum/com_range: 0.0030
              Curriculum/head_com_range: 0.0030
       Curriculum/head_pose_bias_weight: 0.0000
             Metrics/twist/error_vel_xy: 0.0244
            Metrics/twist/error_vel_yaw: 0.1889
           Episode_Termination/time_out: 0.0000
          Episode_Termination/fell_over: 145.7917
Episode_Termination/out_of_terrain_bounds: 0.0000
          Episode_Termination/nan_state: 0.0000
          Metrics/angular_momentum_mean: 0.0121
                  Metrics/air_time_mean: 0.0412
               Metrics/peak_height_mean: 0.0093
             Metrics/slip_velocity_mean: 0.2903
--------------------------------------------------------------------------------
                         Iteration time: 1.72s
                           Time elapsed: 00:09:50
                                    ETA: 00:03:16

################################################################################
[1m                           Learning iteration 300/400                           [0m 

                               Run name: hls2909-fix7
                            Total steps: 29589504 
                       Steps per second: 56948 
                        Collection time: 1.599s 
                          Learning time: 0.127s 
                        Mean value loss: 0.0242
                    Mean surrogate loss: -0.0181
                      Mean entropy loss: 11.6974
                            Mean reward: 0.47
                    Mean episode length: 27.96
                        Mean action std: 0.56
   Episode_Reward/track_linear_velocity: 0.0174
  Episode_Reward/track_angular_velocity: 0.0002
                 Episode_Reward/upright: 0.0194
                    Episode_Reward/pose: 0.0036
            Episode_Reward/body_ang_vel: -0.0377
        Episode_Reward/angular_momentum: -0.0000
          Episode_Reward/dof_pos_limits: -0.0026
          Episode_Reward/action_rate_l2: -0.0172
                Episode_Reward/air_time: 0.0045
          Episode_Reward/foot_clearance: -0.0005
       Episode_Reward/foot_swing_height: -0.0016
               Episode_Reward/foot_slip: -0.0002
         Episode_Reward/self_collisions: -0.0008
      Episode_Reward/head_pose_tracking: 0.0374
      Episode_Reward/body_pose_tracking: 0.0000
          Episode_Reward/head_pose_bias: 0.0000
        Episode_Metrics/mean_action_acc: 0.8064
          Curriculum/action_rate_weight: -0.1000
               Curriculum/standing_envs: 0.0200
             Curriculum/head_pose_range: 0.0700
             Curriculum/body_pose_range: 0.0500
                   Curriculum/com_range: 0.0030
              Curriculum/head_com_range: 0.0030
       Curriculum/head_pose_bias_weight: 0.0000
             Metrics/twist/error_vel_xy: 0.0247
            Metrics/twist/error_vel_yaw: 0.1907
           Episode_Termination/time_out: 0.0000
          Episode_Termination/fell_over: 147.0417
Episode_Termination/out_of_terrain_bounds: 0.0000
          Episode_Termination/nan_state: 0.0000
          Metrics/angular_momentum_mean: 0.0121
                  Metrics/air_time_mean: 0.0413
               Metrics/peak_height_mean: 0.0092
             Metrics/slip_velocity_mean: 0.2902
--------------------------------------------------------------------------------
                         Iteration time: 1.73s
                           Time elapsed: 00:09:52
                                    ETA: 00:03:14

################################################################################
[1m                           Learning iteration 301/400                           [0m 

                               Run name: hls2909-fix7
                            Total steps: 29687808 
                       Steps per second: 57170 
                        Collection time: 1.593s 
                          Learning time: 0.126s 
                        Mean value loss: 0.0245
                    Mean surrogate loss: -0.0200
                      Mean entropy loss: 11.6874
                            Mean reward: 0.43
                    Mean episode length: 28.18
                        Mean action std: 0.56
   Episode_Reward/track_linear_velocity: 0.0172
  Episode_Reward/track_angular_velocity: 0.0002
                 Episode_Reward/upright: 0.0194
                    Episode_Reward/pose: 0.0037
            Episode_Reward/body_ang_vel: -0.0375
        Episode_Reward/angular_momentum: -0.0000
          Episode_Reward/dof_pos_limits: -0.0025
          Episode_Reward/action_rate_l2: -0.0172
                Episode_Reward/air_time: 0.0045
          Episode_Reward/foot_clearance: -0.0005
       Episode_Reward/foot_swing_height: -0.0016
               Episode_Reward/foot_slip: -0.0002
         Episode_Reward/self_collisions: -0.0007
      Episode_Reward/head_pose_tracking: 0.0377
      Episode_Reward/body_pose_tracking: 0.0000
          Episode_Reward/head_pose_bias: 0.0000
        Episode_Metrics/mean_action_acc: 0.8054
          Curriculum/action_rate_weight: -0.1000
               Curriculum/standing_envs: 0.0200
             Curriculum/head_pose_range: 0.0700
             Curriculum/body_pose_range: 0.0500
                   Curriculum/com_range: 0.0030
              Curriculum/head_com_range: 0.0030
       Curriculum/head_pose_bias_weight: 0.0000
             Metrics/twist/error_vel_xy: 0.0247
            Metrics/twist/error_vel_yaw: 0.1884
           Episode_Termination/time_out: 0.0000
          Episode_Termination/fell_over: 146.5000
Episode_Termination/out_of_terrain_bounds: 0.0000
          Episode_Termination/nan_state: 0.0000
          Metrics/angular_momentum_mean: 0.0123
                  Metrics/air_time_mean: 0.0411
               Metrics/peak_height_mean: 0.0093
             Metrics/slip_velocity_mean: 0.2938
--------------------------------------------------------------------------------
                         Iteration time: 1.72s
                           Time elapsed: 00:09:53
                                    ETA: 00:03:12

################################################################################
[1m                           Learning iteration 302/400                           [0m 

                               Run name: hls2909-fix7
                            Total steps: 29786112 
                       Steps per second: 57368 
                        Collection time: 1.587s 
                          Learning time: 0.126s 
                        Mean value loss: 0.0240
                    Mean surrogate loss: -0.0202
                      Mean entropy loss: 11.6891
                            Mean reward: 0.49
                    Mean episode length: 28.67
                        Mean action std: 0.56
   Episode_Reward/track_linear_velocity: 0.0172
  Episode_Reward/track_angular_velocity: 0.0002
                 Episode_Reward/upright: 0.0194
                    Episode_Reward/pose: 0.0037
            Episode_Reward/body_ang_vel: -0.0373
        Episode_Reward/angular_momentum: -0.0000
          Episode_Reward/dof_pos_limits: -0.0024
          Episode_Reward/action_rate_l2: -0.0171
                Episode_Reward/air_time: 0.0045
          Episode_Reward/foot_clearance: -0.0005
       Episode_Reward/foot_swing_height: -0.0016
               Episode_Reward/foot_slip: -0.0002
         Episode_Reward/self_collisions: -0.0007
      Episode_Reward/head_pose_tracking: 0.0373
      Episode_Reward/body_pose_tracking: 0.0000
          Episode_Reward/head_pose_bias: 0.0000
        Episode_Metrics/mean_action_acc: 0.8060
          Curriculum/action_rate_weight: -0.1000
               Curriculum/standing_envs: 0.0200
             Curriculum/head_pose_range: 0.0700
             Curriculum/body_pose_range: 0.0500
                   Curriculum/com_range: 0.0030
              Curriculum/head_com_range: 0.0030
       Curriculum/head_pose_bias_weight: 0.0000
             Metrics/twist/error_vel_xy: 0.0247
            Metrics/twist/error_vel_yaw: 0.1891
           Episode_Termination/time_out: 0.0000
          Episode_Termination/fell_over: 148.3333
Episode_Termination/out_of_terrain_bounds: 0.0000
          Episode_Termination/nan_state: 0.0000
          Metrics/angular_momentum_mean: 0.0121
                  Metrics/air_time_mean: 0.0413
               Metrics/peak_height_mean: 0.0092
             Metrics/slip_velocity_mean: 0.2886
--------------------------------------------------------------------------------
                         Iteration time: 1.71s
                           Time elapsed: 00:09:55
                                    ETA: 00:03:10

################################################################################
[1m                           Learning iteration 303/400                           [0m 

                               Run name: hls2909-fix7
                            Total steps: 29884416 
                       Steps per second: 57311 
                        Collection time: 1.589s 
                          Learning time: 0.126s 
                        Mean value loss: 0.0238
                    Mean surrogate loss: -0.0184
                      Mean entropy loss: 11.6970
                            Mean reward: 0.45
                    Mean episode length: 27.09
                        Mean action std: 0.56
   Episode_Reward/track_linear_velocity: 0.0175
  Episode_Reward/track_angular_velocity: 0.0002
                 Episode_Reward/upright: 0.0190
                    Episode_Reward/pose: 0.0036
            Episode_Reward/body_ang_vel: -0.0375
        Episode_Reward/angular_momentum: -0.0000
          Episode_Reward/dof_pos_limits: -0.0025
          Episode_Reward/action_rate_l2: -0.0171
                Episode_Reward/air_time: 0.0042
          Episode_Reward/foot_clearance: -0.0005
       Episode_Reward/foot_swing_height: -0.0016
               Episode_Reward/foot_slip: -0.0002
         Episode_Reward/self_collisions: -0.0007
      Episode_Reward/head_pose_tracking: 0.0373
      Episode_Reward/body_pose_tracking: 0.0000
          Episode_Reward/head_pose_bias: 0.0000
        Episode_Metrics/mean_action_acc: 0.8050
          Curriculum/action_rate_weight: -0.1000
               Curriculum/standing_envs: 0.0200
             Curriculum/head_pose_range: 0.0700
             Curriculum/body_pose_range: 0.0500
                   Curriculum/com_range: 0.0030
              Curriculum/head_com_range: 0.0030
       Curriculum/head_pose_bias_weight: 0.0000
             Metrics/twist/error_vel_xy: 0.0243
            Metrics/twist/error_vel_yaw: 0.1890
           Episode_Termination/time_out: 0.0000
          Episode_Termination/fell_over: 145.3333
Episode_Termination/out_of_terrain_bounds: 0.0000
          Episode_Termination/nan_state: 0.0000
          Metrics/angular_momentum_mean: 0.0121
                  Metrics/air_time_mean: 0.0408
               Metrics/peak_height_mean: 0.0092
             Metrics/slip_velocity_mean: 0.2911
--------------------------------------------------------------------------------
                         Iteration time: 1.72s
                           Time elapsed: 00:09:57
                                    ETA: 00:03:08

################################################################################
[1m                           Learning iteration 304/400                           [0m 

                               Run name: hls2909-fix7
                            Total steps: 29982720 
                       Steps per second: 56742 
                        Collection time: 1.608s 
                          Learning time: 0.124s 
                        Mean value loss: 0.0239
                    Mean surrogate loss: -0.0198
                      Mean entropy loss: 11.7102
                            Mean reward: 0.44
                    Mean episode length: 27.53
                        Mean action std: 0.56
   Episode_Reward/track_linear_velocity: 0.0172
  Episode_Reward/track_angular_velocity: 0.0002
                 Episode_Reward/upright: 0.0194
                    Episode_Reward/pose: 0.0036
            Episode_Reward/body_ang_vel: -0.0373
        Episode_Reward/angular_momentum: -0.0000
          Episode_Reward/dof_pos_limits: -0.0025
          Episode_Reward/action_rate_l2: -0.0172
                Episode_Reward/air_time: 0.0043
          Episode_Reward/foot_clearance: -0.0005
       Episode_Reward/foot_swing_height: -0.0016
               Episode_Reward/foot_slip: -0.0002
         Episode_Reward/self_collisions: -0.0007
      Episode_Reward/head_pose_tracking: 0.0376
      Episode_Reward/body_pose_tracking: 0.0000
          Episode_Reward/head_pose_bias: 0.0000
        Episode_Metrics/mean_action_acc: 0.8038
          Curriculum/action_rate_weight: -0.1000
               Curriculum/standing_envs: 0.0200
             Curriculum/head_pose_range: 0.0700
             Curriculum/body_pose_range: 0.0500
                   Curriculum/com_range: 0.0030
              Curriculum/head_com_range: 0.0030
       Curriculum/head_pose_bias_weight: 0.0000
             Metrics/twist/error_vel_xy: 0.0248
            Metrics/twist/error_vel_yaw: 0.1902
           Episode_Termination/time_out: 0.0000
          Episode_Termination/fell_over: 146.9167
Episode_Termination/out_of_terrain_bounds: 0.0000
          Episode_Termination/nan_state: 0.0000
          Metrics/angular_momentum_mean: 0.0122
                  Metrics/air_time_mean: 0.0408
               Metrics/peak_height_mean: 0.0094
             Metrics/slip_velocity_mean: 0.2926
--------------------------------------------------------------------------------
                         Iteration time: 1.73s
                           Time elapsed: 00:09:58
                                    ETA: 00:03:06

################################################################################
[1m                           Learning iteration 305/400                           [0m 

                               Run name: hls2909-fix7
                            Total steps: 30081024 
                       Steps per second: 56787 
                        Collection time: 1.604s 
                          Learning time: 0.127s 
                        Mean value loss: 0.0240
                    Mean surrogate loss: -0.0211
                      Mean entropy loss: 11.7084
                            Mean reward: 0.50
                    Mean episode length: 28.01
                        Mean action std: 0.56
   Episode_Reward/track_linear_velocity: 0.0179
  Episode_Reward/track_angular_velocity: 0.0002
                 Episode_Reward/upright: 0.0193
                    Episode_Reward/pose: 0.0036
            Episode_Reward/body_ang_vel: -0.0379
        Episode_Reward/angular_momentum: -0.0000
          Episode_Reward/dof_pos_limits: -0.0025
          Episode_Reward/action_rate_l2: -0.0172
                Episode_Reward/air_time: 0.0043
          Episode_Reward/foot_clearance: -0.0005
       Episode_Reward/foot_swing_height: -0.0016
               Episode_Reward/foot_slip: -0.0002
         Episode_Reward/self_collisions: -0.0007
      Episode_Reward/head_pose_tracking: 0.0376
      Episode_Reward/body_pose_tracking: 0.0000
          Episode_Reward/head_pose_bias: 0.0000
        Episode_Metrics/mean_action_acc: 0.8048
          Curriculum/action_rate_weight: -0.1000
               Curriculum/standing_envs: 0.0200
             Curriculum/head_pose_range: 0.0700
             Curriculum/body_pose_range: 0.0500
                   Curriculum/com_range: 0.0030
              Curriculum/head_com_range: 0.0030
       Curriculum/head_pose_bias_weight: 0.0000
             Metrics/twist/error_vel_xy: 0.0244
            Metrics/twist/error_vel_yaw: 0.1902
           Episode_Termination/time_out: 0.0000
          Episode_Termination/fell_over: 147.2083
Episode_Termination/out_of_terrain_bounds: 0.0000
          Episode_Termination/nan_state: 0.0000
          Metrics/angular_momentum_mean: 0.0122
                  Metrics/air_time_mean: 0.0412
               Metrics/peak_height_mean: 0.0092
             Metrics/slip_velocity_mean: 0.2909
--------------------------------------------------------------------------------
                         Iteration time: 1.73s
                           Time elapsed: 00:10:00
                                    ETA: 00:03:04

################################################################################
[1m                           Learning iteration 306/400                           [0m 

                               Run name: hls2909-fix7
                            Total steps: 30179328 
                       Steps per second: 57023 
                        Collection time: 1.598s 
                          Learning time: 0.126s 
                        Mean value loss: 0.0227
                    Mean surrogate loss: -0.0211
                      Mean entropy loss: 11.7145
                            Mean reward: 0.51
                    Mean episode length: 27.60
                        Mean action std: 0.56
   Episode_Reward/track_linear_velocity: 0.0174
  Episode_Reward/track_angular_velocity: 0.0002
                 Episode_Reward/upright: 0.0192
                    Episode_Reward/pose: 0.0036
            Episode_Reward/body_ang_vel: -0.0367
        Episode_Reward/angular_momentum: -0.0000
          Episode_Reward/dof_pos_limits: -0.0025
          Episode_Reward/action_rate_l2: -0.0171
                Episode_Reward/air_time: 0.0045
          Episode_Reward/foot_clearance: -0.0005
       Episode_Reward/foot_swing_height: -0.0016
               Episode_Reward/foot_slip: -0.0002
         Episode_Reward/self_collisions: -0.0007
      Episode_Reward/head_pose_tracking: 0.0375
      Episode_Reward/body_pose_tracking: 0.0000
          Episode_Reward/head_pose_bias: 0.0000
        Episode_Metrics/mean_action_acc: 0.8053
          Curriculum/action_rate_weight: -0.1000
               Curriculum/standing_envs: 0.0200
             Curriculum/head_pose_range: 0.0700
             Curriculum/body_pose_range: 0.0500
                   Curriculum/com_range: 0.0030
              Curriculum/head_com_range: 0.0030
       Curriculum/head_pose_bias_weight: 0.0000
             Metrics/twist/error_vel_xy: 0.0244
            Metrics/twist/error_vel_yaw: 0.1891
           Episode_Termination/time_out: 0.0000
          Episode_Termination/fell_over: 146.0417
Episode_Termination/out_of_terrain_bounds: 0.0000
          Episode_Termination/nan_state: 0.0000
          Metrics/angular_momentum_mean: 0.0122
                  Metrics/air_time_mean: 0.0411
               Metrics/peak_height_mean: 0.0092
             Metrics/slip_velocity_mean: 0.2883
--------------------------------------------------------------------------------
                         Iteration time: 1.72s
                           Time elapsed: 00:10:02
                                    ETA: 00:03:02

################################################################################
[1m                           Learning iteration 307/400                           [0m 

                               Run name: hls2909-fix7
                            Total steps: 30277632 
                       Steps per second: 56939 
                        Collection time: 1.600s 
                          Learning time: 0.126s 
                        Mean value loss: 0.0234
                    Mean surrogate loss: -0.0208
                      Mean entropy loss: 11.7186
                            Mean reward: 0.49
                    Mean episode length: 28.84
                        Mean action std: 0.56
   Episode_Reward/track_linear_velocity: 0.0176
  Episode_Reward/track_angular_velocity: 0.0002
                 Episode_Reward/upright: 0.0192
                    Episode_Reward/pose: 0.0035
            Episode_Reward/body_ang_vel: -0.0374
        Episode_Reward/angular_momentum: -0.0000
          Episode_Reward/dof_pos_limits: -0.0026
          Episode_Reward/action_rate_l2: -0.0173
                Episode_Reward/air_time: 0.0046
          Episode_Reward/foot_clearance: -0.0005
       Episode_Reward/foot_swing_height: -0.0016
               Episode_Reward/foot_slip: -0.0002
         Episode_Reward/self_collisions: -0.0008
      Episode_Reward/head_pose_tracking: 0.0377
      Episode_Reward/body_pose_tracking: 0.0000
          Episode_Reward/head_pose_bias: 0.0000
        Episode_Metrics/mean_action_acc: 0.8056
          Curriculum/action_rate_weight: -0.1000
               Curriculum/standing_envs: 0.0200
             Curriculum/head_pose_range: 0.0700
             Curriculum/body_pose_range: 0.0500
                   Curriculum/com_range: 0.0030
              Curriculum/head_com_range: 0.0030
       Curriculum/head_pose_bias_weight: 0.0000
             Metrics/twist/error_vel_xy: 0.0246
            Metrics/twist/error_vel_yaw: 0.1880
           Episode_Termination/time_out: 0.0000
          Episode_Termination/fell_over: 146.2083
Episode_Termination/out_of_terrain_bounds: 0.0000
          Episode_Termination/nan_state: 0.0000
          Metrics/angular_momentum_mean: 0.0122
                  Metrics/air_time_mean: 0.0410
               Metrics/peak_height_mean: 0.0092
             Metrics/slip_velocity_mean: 0.2903
--------------------------------------------------------------------------------
                         Iteration time: 1.73s
                           Time elapsed: 00:10:04
                                    ETA: 00:03:00

################################################################################
[1m                           Learning iteration 308/400                           [0m 

                               Run name: hls2909-fix7
                            Total steps: 30375936 
                       Steps per second: 57296 
                        Collection time: 1.591s 
                          Learning time: 0.125s 
                        Mean value loss: 0.0238
                    Mean surrogate loss: -0.0188
                      Mean entropy loss: 11.7240
                            Mean reward: 0.44
                    Mean episode length: 27.51
                        Mean action std: 0.56
   Episode_Reward/track_linear_velocity: 0.0172
  Episode_Reward/track_angular_velocity: 0.0002
                 Episode_Reward/upright: 0.0187
                    Episode_Reward/pose: 0.0036
            Episode_Reward/body_ang_vel: -0.0372
        Episode_Reward/angular_momentum: -0.0000
          Episode_Reward/dof_pos_limits: -0.0025
          Episode_Reward/action_rate_l2: -0.0171
                Episode_Reward/air_time: 0.0045
          Episode_Reward/foot_clearance: -0.0005
       Episode_Reward/foot_swing_height: -0.0016
               Episode_Reward/foot_slip: -0.0002
         Episode_Reward/self_collisions: -0.0007
      Episode_Reward/head_pose_tracking: 0.0374
      Episode_Reward/body_pose_tracking: 0.0000
          Episode_Reward/head_pose_bias: 0.0000
        Episode_Metrics/mean_action_acc: 0.8051
          Curriculum/action_rate_weight: -0.1000
               Curriculum/standing_envs: 0.0200
             Curriculum/head_pose_range: 0.0700
             Curriculum/body_pose_range: 0.0500
                   Curriculum/com_range: 0.0030
              Curriculum/head_com_range: 0.0030
       Curriculum/head_pose_bias_weight: 0.0000
             Metrics/twist/error_vel_xy: 0.0244
            Metrics/twist/error_vel_yaw: 0.1886
           Episode_Termination/time_out: 0.0000
          Episode_Termination/fell_over: 149.2500
Episode_Termination/out_of_terrain_bounds: 0.0000
          Episode_Termination/nan_state: 0.0000
          Metrics/angular_momentum_mean: 0.0122
                  Metrics/air_time_mean: 0.0412
               Metrics/peak_height_mean: 0.0093
             Metrics/slip_velocity_mean: 0.2899
--------------------------------------------------------------------------------
                         Iteration time: 1.72s
                           Time elapsed: 00:10:05
                                    ETA: 00:02:58

################################################################################
[1m                           Learning iteration 309/400                           [0m 

                               Run name: hls2909-fix7
                            Total steps: 30474240 
                       Steps per second: 56592 
                        Collection time: 1.612s 
                          Learning time: 0.125s 
                        Mean value loss: 0.0232
                    Mean surrogate loss: -0.0203
                      Mean entropy loss: 11.7224
                            Mean reward: 0.47
                    Mean episode length: 27.98
                        Mean action std: 0.56
   Episode_Reward/track_linear_velocity: 0.0175
  Episode_Reward/track_angular_velocity: 0.0002
                 Episode_Reward/upright: 0.0192
                    Episode_Reward/pose: 0.0036
            Episode_Reward/body_ang_vel: -0.0376
        Episode_Reward/angular_momentum: -0.0000
          Episode_Reward/dof_pos_limits: -0.0025
          Episode_Reward/action_rate_l2: -0.0172
                Episode_Reward/air_time: 0.0043
          Episode_Reward/foot_clearance: -0.0005
       Episode_Reward/foot_swing_height: -0.0016
               Episode_Reward/foot_slip: -0.0002
         Episode_Reward/self_collisions: -0.0007
      Episode_Reward/head_pose_tracking: 0.0376
      Episode_Reward/body_pose_tracking: 0.0000
          Episode_Reward/head_pose_bias: 0.0000
        Episode_Metrics/mean_action_acc: 0.8059
          Curriculum/action_rate_weight: -0.1000
               Curriculum/standing_envs: 0.0200
             Curriculum/head_pose_range: 0.0700
             Curriculum/body_pose_range: 0.0500
                   Curriculum/com_range: 0.0030
              Curriculum/head_com_range: 0.0030
       Curriculum/head_pose_bias_weight: 0.0000
             Metrics/twist/error_vel_xy: 0.0244
            Metrics/twist/error_vel_yaw: 0.1908
           Episode_Termination/time_out: 0.0000
          Episode_Termination/fell_over: 146.0000
Episode_Termination/out_of_terrain_bounds: 0.0000
          Episode_Termination/nan_state: 0.0000
          Metrics/angular_momentum_mean: 0.0122
                  Metrics/air_time_mean: 0.0411
               Metrics/peak_height_mean: 0.0092
             Metrics/slip_velocity_mean: 0.2887
--------------------------------------------------------------------------------
                         Iteration time: 1.74s
                           Time elapsed: 00:10:07
                                    ETA: 00:02:56

################################################################################
[1m                           Learning iteration 310/400                           [0m 

                               Run name: hls2909-fix7
                            Total steps: 30572544 
                       Steps per second: 57000 
                        Collection time: 1.599s 
                          Learning time: 0.126s 
                        Mean value loss: 0.0233
                    Mean surrogate loss: -0.0208
                      Mean entropy loss: 11.7204
                            Mean reward: 0.48
                    Mean episode length: 28.14
                        Mean action std: 0.56
   Episode_Reward/track_linear_velocity: 0.0175
  Episode_Reward/track_angular_velocity: 0.0002
                 Episode_Reward/upright: 0.0192
                    Episode_Reward/pose: 0.0036
            Episode_Reward/body_ang_vel: -0.0375
        Episode_Reward/angular_momentum: -0.0000
          Episode_Reward/dof_pos_limits: -0.0025
          Episode_Reward/action_rate_l2: -0.0172
                Episode_Reward/air_time: 0.0046
          Episode_Reward/foot_clearance: -0.0005
       Episode_Reward/foot_swing_height: -0.0016
               Episode_Reward/foot_slip: -0.0002
         Episode_Reward/self_collisions: -0.0008
      Episode_Reward/head_pose_tracking: 0.0374
      Episode_Reward/body_pose_tracking: 0.0000
          Episode_Reward/head_pose_bias: 0.0000
        Episode_Metrics/mean_action_acc: 0.8050
          Curriculum/action_rate_weight: -0.1000
               Curriculum/standing_envs: 0.0200
             Curriculum/head_pose_range: 0.0700
             Curriculum/body_pose_range: 0.0500
                   Curriculum/com_range: 0.0030
              Curriculum/head_com_range: 0.0030
       Curriculum/head_pose_bias_weight: 0.0000
             Metrics/twist/error_vel_xy: 0.0244
            Metrics/twist/error_vel_yaw: 0.1898
           Episode_Termination/time_out: 0.0000
          Episode_Termination/fell_over: 148.3333
Episode_Termination/out_of_terrain_bounds: 0.0000
          Episode_Termination/nan_state: 0.0000
          Metrics/angular_momentum_mean: 0.0122
                  Metrics/air_time_mean: 0.0414
               Metrics/peak_height_mean: 0.0092
             Metrics/slip_velocity_mean: 0.2926
--------------------------------------------------------------------------------
                         Iteration time: 1.72s
                           Time elapsed: 00:10:09
                                    ETA: 00:02:54

################################################################################
[1m                           Learning iteration 311/400                           [0m 

                               Run name: hls2909-fix7
                            Total steps: 30670848 
                       Steps per second: 57083 
                        Collection time: 1.597s 
                          Learning time: 0.125s 
                        Mean value loss: 0.0228
                    Mean surrogate loss: -0.0200
                      Mean entropy loss: 11.7270
                            Mean reward: 0.38
                    Mean episode length: 26.91
                        Mean action std: 0.56
   Episode_Reward/track_linear_velocity: 0.0176
  Episode_Reward/track_angular_velocity: 0.0002
                 Episode_Reward/upright: 0.0192
                    Episode_Reward/pose: 0.0036
            Episode_Reward/body_ang_vel: -0.0372
        Episode_Reward/angular_momentum: -0.0000
          Episode_Reward/dof_pos_limits: -0.0025
          Episode_Reward/action_rate_l2: -0.0171
                Episode_Reward/air_time: 0.0045
          Episode_Reward/foot_clearance: -0.0005
       Episode_Reward/foot_swing_height: -0.0016
               Episode_Reward/foot_slip: -0.0002
         Episode_Reward/self_collisions: -0.0008
      Episode_Reward/head_pose_tracking: 0.0374
      Episode_Reward/body_pose_tracking: 0.0000
          Episode_Reward/head_pose_bias: 0.0000
        Episode_Metrics/mean_action_acc: 0.8052
          Curriculum/action_rate_weight: -0.1000
               Curriculum/standing_envs: 0.0200
             Curriculum/head_pose_range: 0.0700
             Curriculum/body_pose_range: 0.0500
                   Curriculum/com_range: 0.0030
              Curriculum/head_com_range: 0.0030
       Curriculum/head_pose_bias_weight: 0.0000
             Metrics/twist/error_vel_xy: 0.0245
            Metrics/twist/error_vel_yaw: 0.1894
           Episode_Termination/time_out: 0.0000
          Episode_Termination/fell_over: 147.5833
Episode_Termination/out_of_terrain_bounds: 0.0000
          Episode_Termination/nan_state: 0.0000
          Metrics/angular_momentum_mean: 0.0123
                  Metrics/air_time_mean: 0.0413
               Metrics/peak_height_mean: 0.0092
             Metrics/slip_velocity_mean: 0.2907
--------------------------------------------------------------------------------
                         Iteration time: 1.72s
                           Time elapsed: 00:10:11
                                    ETA: 00:02:52

################################################################################
[1m                           Learning iteration 312/400                           [0m 

                               Run name: hls2909-fix7
                            Total steps: 30769152 
                       Steps per second: 56955 
                        Collection time: 1.599s 
                          Learning time: 0.127s 
                        Mean value loss: 0.0231
                    Mean surrogate loss: -0.0189
                      Mean entropy loss: 11.7252
                            Mean reward: 0.46
                    Mean episode length: 27.27
                        Mean action std: 0.56
   Episode_Reward/track_linear_velocity: 0.0172
  Episode_Reward/track_angular_velocity: 0.0002
                 Episode_Reward/upright: 0.0192
                    Episode_Reward/pose: 0.0036
            Episode_Reward/body_ang_vel: -0.0372
        Episode_Reward/angular_momentum: -0.0000
          Episode_Reward/dof_pos_limits: -0.0025
          Episode_Reward/action_rate_l2: -0.0171
                Episode_Reward/air_time: 0.0043
          Episode_Reward/foot_clearance: -0.0005
       Episode_Reward/foot_swing_height: -0.0016
               Episode_Reward/foot_slip: -0.0002
         Episode_Reward/self_collisions: -0.0007
      Episode_Reward/head_pose_tracking: 0.0375
      Episode_Reward/body_pose_tracking: 0.0000
          Episode_Reward/head_pose_bias: 0.0000
        Episode_Metrics/mean_action_acc: 0.8048
          Curriculum/action_rate_weight: -0.1000
               Curriculum/standing_envs: 0.0200
             Curriculum/head_pose_range: 0.0700
             Curriculum/body_pose_range: 0.0500
                   Curriculum/com_range: 0.0030
              Curriculum/head_com_range: 0.0030
       Curriculum/head_pose_bias_weight: 0.0000
             Metrics/twist/error_vel_xy: 0.0246
            Metrics/twist/error_vel_yaw: 0.1889
           Episode_Termination/time_out: 0.0000
          Episode_Termination/fell_over: 146.5833
Episode_Termination/out_of_terrain_bounds: 0.0000
          Episode_Termination/nan_state: 0.0000
          Metrics/angular_momentum_mean: 0.0122
                  Metrics/air_time_mean: 0.0409
               Metrics/peak_height_mean: 0.0092
             Metrics/slip_velocity_mean: 0.2894
--------------------------------------------------------------------------------
                         Iteration time: 1.73s
                           Time elapsed: 00:10:12
                                    ETA: 00:02:50

################################################################################
[1m                           Learning iteration 313/400                           [0m 

                               Run name: hls2909-fix7
                            Total steps: 30867456 
                       Steps per second: 56027 
                        Collection time: 1.627s 
                          Learning time: 0.128s 
                        Mean value loss: 0.0235
                    Mean surrogate loss: -0.0201
                      Mean entropy loss: 11.7204
                            Mean reward: 0.43
                    Mean episode length: 27.49
                        Mean action std: 0.56
   Episode_Reward/track_linear_velocity: 0.0173
  Episode_Reward/track_angular_velocity: 0.0002
                 Episode_Reward/upright: 0.0193
                    Episode_Reward/pose: 0.0036
            Episode_Reward/body_ang_vel: -0.0369
        Episode_Reward/angular_momentum: -0.0000
          Episode_Reward/dof_pos_limits: -0.0025
          Episode_Reward/action_rate_l2: -0.0171
                Episode_Reward/air_time: 0.0044
          Episode_Reward/foot_clearance: -0.0005
       Episode_Reward/foot_swing_height: -0.0016
               Episode_Reward/foot_slip: -0.0002
         Episode_Reward/self_collisions: -0.0007
      Episode_Reward/head_pose_tracking: 0.0373
      Episode_Reward/body_pose_tracking: 0.0000
          Episode_Reward/head_pose_bias: 0.0000
        Episode_Metrics/mean_action_acc: 0.8055
          Curriculum/action_rate_weight: -0.1000
               Curriculum/standing_envs: 0.0200
             Curriculum/head_pose_range: 0.0700
             Curriculum/body_pose_range: 0.0500
                   Curriculum/com_range: 0.0030
              Curriculum/head_com_range: 0.0030
       Curriculum/head_pose_bias_weight: 0.0000
             Metrics/twist/error_vel_xy: 0.0244
            Metrics/twist/error_vel_yaw: 0.1894
           Episode_Termination/time_out: 0.0000
          Episode_Termination/fell_over: 145.6250
Episode_Termination/out_of_terrain_bounds: 0.0000
          Episode_Termination/nan_state: 0.0000
          Metrics/angular_momentum_mean: 0.0122
                  Metrics/air_time_mean: 0.0408
               Metrics/peak_height_mean: 0.0092
             Metrics/slip_velocity_mean: 0.2899
--------------------------------------------------------------------------------
                         Iteration time: 1.75s
                           Time elapsed: 00:10:14
                                    ETA: 00:02:48

################################################################################
[1m                           Learning iteration 314/400                           [0m 

                               Run name: hls2909-fix7
                            Total steps: 30965760 
                       Steps per second: 56955 
                        Collection time: 1.599s 
                          Learning time: 0.127s 
                        Mean value loss: 0.0233
                    Mean surrogate loss: -0.0209
                      Mean entropy loss: 11.7219
                            Mean reward: 0.44
                    Mean episode length: 26.66
                        Mean action std: 0.56
   Episode_Reward/track_linear_velocity: 0.0171
  Episode_Reward/track_angular_velocity: 0.0002
                 Episode_Reward/upright: 0.0191
                    Episode_Reward/pose: 0.0036
            Episode_Reward/body_ang_vel: -0.0369
        Episode_Reward/angular_momentum: -0.0000
          Episode_Reward/dof_pos_limits: -0.0025
          Episode_Reward/action_rate_l2: -0.0172
                Episode_Reward/air_time: 0.0044
          Episode_Reward/foot_clearance: -0.0005
       Episode_Reward/foot_swing_height: -0.0016
               Episode_Reward/foot_slip: -0.0002
         Episode_Reward/self_collisions: -0.0008
      Episode_Reward/head_pose_tracking: 0.0374
      Episode_Reward/body_pose_tracking: 0.0000
          Episode_Reward/head_pose_bias: 0.0000
        Episode_Metrics/mean_action_acc: 0.8052
          Curriculum/action_rate_weight: -0.1000
               Curriculum/standing_envs: 0.0200
             Curriculum/head_pose_range: 0.0700
             Curriculum/body_pose_range: 0.0500
                   Curriculum/com_range: 0.0030
              Curriculum/head_com_range: 0.0030
       Curriculum/head_pose_bias_weight: 0.0000
             Metrics/twist/error_vel_xy: 0.0247
            Metrics/twist/error_vel_yaw: 0.1899
           Episode_Termination/time_out: 0.0000
          Episode_Termination/fell_over: 148.0000
Episode_Termination/out_of_terrain_bounds: 0.0000
          Episode_Termination/nan_state: 0.0000
          Metrics/angular_momentum_mean: 0.0122
                  Metrics/air_time_mean: 0.0411
               Metrics/peak_height_mean: 0.0092
             Metrics/slip_velocity_mean: 0.2905
--------------------------------------------------------------------------------
                         Iteration time: 1.73s
                           Time elapsed: 00:10:16
                                    ETA: 00:02:46

################################################################################
[1m                           Learning iteration 315/400                           [0m 

                               Run name: hls2909-fix7
                            Total steps: 31064064 
                       Steps per second: 56453 
                        Collection time: 1.615s 
                          Learning time: 0.127s 
                        Mean value loss: 0.0243
                    Mean surrogate loss: -0.0177
                      Mean entropy loss: 11.7190
                            Mean reward: 0.40
                    Mean episode length: 27.66
                        Mean action std: 0.56
   Episode_Reward/track_linear_velocity: 0.0172
  Episode_Reward/track_angular_velocity: 0.0002
                 Episode_Reward/upright: 0.0191
                    Episode_Reward/pose: 0.0036
            Episode_Reward/body_ang_vel: -0.0377
        Episode_Reward/angular_momentum: -0.0000
          Episode_Reward/dof_pos_limits: -0.0025
          Episode_Reward/action_rate_l2: -0.0171
                Episode_Reward/air_time: 0.0044
          Episode_Reward/foot_clearance: -0.0005
       Episode_Reward/foot_swing_height: -0.0016
               Episode_Reward/foot_slip: -0.0002
         Episode_Reward/self_collisions: -0.0007
      Episode_Reward/head_pose_tracking: 0.0370
      Episode_Reward/body_pose_tracking: 0.0000
          Episode_Reward/head_pose_bias: 0.0000
        Episode_Metrics/mean_action_acc: 0.8036
          Curriculum/action_rate_weight: -0.1000
               Curriculum/standing_envs: 0.0200
             Curriculum/head_pose_range: 0.0700
             Curriculum/body_pose_range: 0.0500
                   Curriculum/com_range: 0.0030
              Curriculum/head_com_range: 0.0030
       Curriculum/head_pose_bias_weight: 0.0000
             Metrics/twist/error_vel_xy: 0.0245
            Metrics/twist/error_vel_yaw: 0.1863
           Episode_Termination/time_out: 0.0000
          Episode_Termination/fell_over: 147.6250
Episode_Termination/out_of_terrain_bounds: 0.0000
          Episode_Termination/nan_state: 0.0000
          Metrics/angular_momentum_mean: 0.0123
                  Metrics/air_time_mean: 0.0414
               Metrics/peak_height_mean: 0.0093
             Metrics/slip_velocity_mean: 0.2924
--------------------------------------------------------------------------------
                         Iteration time: 1.74s
                           Time elapsed: 00:10:17
                                    ETA: 00:02:44

################################################################################
[1m                           Learning iteration 316/400                           [0m 

                               Run name: hls2909-fix7
                            Total steps: 31162368 
                       Steps per second: 57036 
                        Collection time: 1.597s 
                          Learning time: 0.126s 
                        Mean value loss: 0.0237
                    Mean surrogate loss: -0.0199
                      Mean entropy loss: 11.7066
                            Mean reward: 0.47
                    Mean episode length: 27.92
                        Mean action std: 0.56
   Episode_Reward/track_linear_velocity: 0.0173
  Episode_Reward/track_angular_velocity: 0.0002
                 Episode_Reward/upright: 0.0192
                    Episode_Reward/pose: 0.0036
            Episode_Reward/body_ang_vel: -0.0377
        Episode_Reward/angular_momentum: -0.0000
          Episode_Reward/dof_pos_limits: -0.0025
          Episode_Reward/action_rate_l2: -0.0171
                Episode_Reward/air_time: 0.0047
          Episode_Reward/foot_clearance: -0.0005
       Episode_Reward/foot_swing_height: -0.0016
               Episode_Reward/foot_slip: -0.0002
         Episode_Reward/self_collisions: -0.0008
      Episode_Reward/head_pose_tracking: 0.0373
      Episode_Reward/body_pose_tracking: 0.0000
          Episode_Reward/head_pose_bias: 0.0000
        Episode_Metrics/mean_action_acc: 0.8030
          Curriculum/action_rate_weight: -0.1000
               Curriculum/standing_envs: 0.0200
             Curriculum/head_pose_range: 0.0700
             Curriculum/body_pose_range: 0.0500
                   Curriculum/com_range: 0.0030
              Curriculum/head_com_range: 0.0030
       Curriculum/head_pose_bias_weight: 0.0000
             Metrics/twist/error_vel_xy: 0.0247
            Metrics/twist/error_vel_yaw: 0.1883
           Episode_Termination/time_out: 0.0000
          Episode_Termination/fell_over: 144.9167
Episode_Termination/out_of_terrain_bounds: 0.0000
          Episode_Termination/nan_state: 0.0000
          Metrics/angular_momentum_mean: 0.0121
                  Metrics/air_time_mean: 0.0413
               Metrics/peak_height_mean: 0.0094
             Metrics/slip_velocity_mean: 0.2906
--------------------------------------------------------------------------------
                         Iteration time: 1.72s
                           Time elapsed: 00:10:19
                                    ETA: 00:02:42

################################################################################
[1m                           Learning iteration 317/400                           [0m 

                               Run name: hls2909-fix7
                            Total steps: 31260672 
                       Steps per second: 57285 
                        Collection time: 1.590s 
                          Learning time: 0.126s 
                        Mean value loss: 0.0231
                    Mean surrogate loss: -0.0206
                      Mean entropy loss: 11.6958
                            Mean reward: 0.59
                    Mean episode length: 27.96
                        Mean action std: 0.56
   Episode_Reward/track_linear_velocity: 0.0171
  Episode_Reward/track_angular_velocity: 0.0002
                 Episode_Reward/upright: 0.0194
                    Episode_Reward/pose: 0.0035
            Episode_Reward/body_ang_vel: -0.0369
        Episode_Reward/angular_momentum: -0.0000
          Episode_Reward/dof_pos_limits: -0.0025
          Episode_Reward/action_rate_l2: -0.0172
                Episode_Reward/air_time: 0.0044
          Episode_Reward/foot_clearance: -0.0005
       Episode_Reward/foot_swing_height: -0.0016
               Episode_Reward/foot_slip: -0.0002
         Episode_Reward/self_collisions: -0.0007
      Episode_Reward/head_pose_tracking: 0.0374
      Episode_Reward/body_pose_tracking: 0.0000
          Episode_Reward/head_pose_bias: 0.0000
        Episode_Metrics/mean_action_acc: 0.8029
          Curriculum/action_rate_weight: -0.1000
               Curriculum/standing_envs: 0.0200
             Curriculum/head_pose_range: 0.0700
             Curriculum/body_pose_range: 0.0500
                   Curriculum/com_range: 0.0030
              Curriculum/head_com_range: 0.0030
       Curriculum/head_pose_bias_weight: 0.0000
             Metrics/twist/error_vel_xy: 0.0247
            Metrics/twist/error_vel_yaw: 0.1876
           Episode_Termination/time_out: 0.0000
          Episode_Termination/fell_over: 146.8333
Episode_Termination/out_of_terrain_bounds: 0.0000
          Episode_Termination/nan_state: 0.0000
          Metrics/angular_momentum_mean: 0.0121
                  Metrics/air_time_mean: 0.0409
               Metrics/peak_height_mean: 0.0092
             Metrics/slip_velocity_mean: 0.2930
--------------------------------------------------------------------------------
                         Iteration time: 1.72s
                           Time elapsed: 00:10:21
                                    ETA: 00:02:40

################################################################################
[1m                           Learning iteration 318/400                           [0m 

                               Run name: hls2909-fix7
                            Total steps: 31358976 
                       Steps per second: 57291 
                        Collection time: 1.587s 
                          Learning time: 0.129s 
                        Mean value loss: 0.0235
                    Mean surrogate loss: -0.0202
                      Mean entropy loss: 11.7002
                            Mean reward: 0.44
                    Mean episode length: 28.62
                        Mean action std: 0.56
   Episode_Reward/track_linear_velocity: 0.0177
  Episode_Reward/track_angular_velocity: 0.0002
                 Episode_Reward/upright: 0.0194
                    Episode_Reward/pose: 0.0036
            Episode_Reward/body_ang_vel: -0.0372
        Episode_Reward/angular_momentum: -0.0000
          Episode_Reward/dof_pos_limits: -0.0025
          Episode_Reward/action_rate_l2: -0.0171
                Episode_Reward/air_time: 0.0043
          Episode_Reward/foot_clearance: -0.0005
       Episode_Reward/foot_swing_height: -0.0016
               Episode_Reward/foot_slip: -0.0002
         Episode_Reward/self_collisions: -0.0007
      Episode_Reward/head_pose_tracking: 0.0375
      Episode_Reward/body_pose_tracking: 0.0000
          Episode_Reward/head_pose_bias: 0.0000
        Episode_Metrics/mean_action_acc: 0.8009
          Curriculum/action_rate_weight: -0.1000
               Curriculum/standing_envs: 0.0200
             Curriculum/head_pose_range: 0.0700
             Curriculum/body_pose_range: 0.0500
                   Curriculum/com_range: 0.0030
              Curriculum/head_com_range: 0.0030
       Curriculum/head_pose_bias_weight: 0.0000
             Metrics/twist/error_vel_xy: 0.0244
            Metrics/twist/error_vel_yaw: 0.1868
           Episode_Termination/time_out: 0.0000
          Episode_Termination/fell_over: 145.4583
Episode_Termination/out_of_terrain_bounds: 0.0000
          Episode_Termination/nan_state: 0.0000
          Metrics/angular_momentum_mean: 0.0121
                  Metrics/air_time_mean: 0.0413
               Metrics/peak_height_mean: 0.0092
             Metrics/slip_velocity_mean: 0.2898
--------------------------------------------------------------------------------
                         Iteration time: 1.72s
                           Time elapsed: 00:10:23
                                    ETA: 00:02:38

################################################################################
[1m                           Learning iteration 319/400                           [0m 

                               Run name: hls2909-fix7
                            Total steps: 31457280 
                       Steps per second: 57380 
                        Collection time: 1.585s 
                          Learning time: 0.128s 
                        Mean value loss: 0.0237
                    Mean surrogate loss: -0.0187
                      Mean entropy loss: 11.7054
                            Mean reward: 0.42
                    Mean episode length: 28.44
                        Mean action std: 0.56
   Episode_Reward/track_linear_velocity: 0.0174
  Episode_Reward/track_angular_velocity: 0.0002
                 Episode_Reward/upright: 0.0194
                    Episode_Reward/pose: 0.0036
            Episode_Reward/body_ang_vel: -0.0379
        Episode_Reward/angular_momentum: -0.0000
          Episode_Reward/dof_pos_limits: -0.0025
          Episode_Reward/action_rate_l2: -0.0172
                Episode_Reward/air_time: 0.0045
          Episode_Reward/foot_clearance: -0.0005
       Episode_Reward/foot_swing_height: -0.0016
               Episode_Reward/foot_slip: -0.0002
         Episode_Reward/self_collisions: -0.0008
      Episode_Reward/head_pose_tracking: 0.0376
      Episode_Reward/body_pose_tracking: 0.0000
          Episode_Reward/head_pose_bias: 0.0000
        Episode_Metrics/mean_action_acc: 0.8028
          Curriculum/action_rate_weight: -0.1000
               Curriculum/standing_envs: 0.0200
             Curriculum/head_pose_range: 0.0700
             Curriculum/body_pose_range: 0.0500
                   Curriculum/com_range: 0.0030
              Curriculum/head_com_range: 0.0030
       Curriculum/head_pose_bias_weight: 0.0000
             Metrics/twist/error_vel_xy: 0.0246
            Metrics/twist/error_vel_yaw: 0.1901
           Episode_Termination/time_out: 0.0000
          Episode_Termination/fell_over: 148.6667
Episode_Termination/out_of_terrain_bounds: 0.0000
          Episode_Termination/nan_state: 0.0000
          Metrics/angular_momentum_mean: 0.0123
                  Metrics/air_time_mean: 0.0410
               Metrics/peak_height_mean: 0.0093
             Metrics/slip_velocity_mean: 0.2936
--------------------------------------------------------------------------------
                         Iteration time: 1.71s
                           Time elapsed: 00:10:24
                                    ETA: 00:02:36

################################################################################
[1m                           Learning iteration 320/400                           [0m 

                               Run name: hls2909-fix7
                            Total steps: 31555584 
                       Steps per second: 57240 
                        Collection time: 1.590s 
                          Learning time: 0.128s 
                        Mean value loss: 0.0231
                    Mean surrogate loss: -0.0179
                      Mean entropy loss: 11.7067
                            Mean reward: 0.45
                    Mean episode length: 27.35
                        Mean action std: 0.56
   Episode_Reward/track_linear_velocity: 0.0175
  Episode_Reward/track_angular_velocity: 0.0002
                 Episode_Reward/upright: 0.0193
                    Episode_Reward/pose: 0.0036
            Episode_Reward/body_ang_vel: -0.0371
        Episode_Reward/angular_momentum: -0.0000
          Episode_Reward/dof_pos_limits: -0.0025
          Episode_Reward/action_rate_l2: -0.0171
                Episode_Reward/air_time: 0.0044
          Episode_Reward/foot_clearance: -0.0005
       Episode_Reward/foot_swing_height: -0.0016
               Episode_Reward/foot_slip: -0.0002
         Episode_Reward/self_collisions: -0.0008
      Episode_Reward/head_pose_tracking: 0.0375
      Episode_Reward/body_pose_tracking: 0.0000
          Episode_Reward/head_pose_bias: 0.0000
        Episode_Metrics/mean_action_acc: 0.8019
          Curriculum/action_rate_weight: -0.1000
               Curriculum/standing_envs: 0.0200
             Curriculum/head_pose_range: 0.0700
             Curriculum/body_pose_range: 0.0500
                   Curriculum/com_range: 0.0030
              Curriculum/head_com_range: 0.0030
       Curriculum/head_pose_bias_weight: 0.0000
             Metrics/twist/error_vel_xy: 0.0244
            Metrics/twist/error_vel_yaw: 0.1871
           Episode_Termination/time_out: 0.0000
          Episode_Termination/fell_over: 145.8750
Episode_Termination/out_of_terrain_bounds: 0.0000
          Episode_Termination/nan_state: 0.0000
          Metrics/angular_momentum_mean: 0.0122
                  Metrics/air_time_mean: 0.0409
               Metrics/peak_height_mean: 0.0093
             Metrics/slip_velocity_mean: 0.2925
--------------------------------------------------------------------------------
                         Iteration time: 1.72s
                           Time elapsed: 00:10:26
                                    ETA: 00:02:34

################################################################################
[1m                           Learning iteration 321/400                           [0m 

                               Run name: hls2909-fix7
                            Total steps: 31653888 
                       Steps per second: 56745 
                        Collection time: 1.605s 
                          Learning time: 0.128s 
                        Mean value loss: 0.0228
                    Mean surrogate loss: -0.0207
                      Mean entropy loss: 11.7117
                            Mean reward: 0.42
                    Mean episode length: 28.42
                        Mean action std: 0.56
   Episode_Reward/track_linear_velocity: 0.0178
  Episode_Reward/track_angular_velocity: 0.0002
                 Episode_Reward/upright: 0.0193
                    Episode_Reward/pose: 0.0035
            Episode_Reward/body_ang_vel: -0.0370
        Episode_Reward/angular_momentum: -0.0000
          Episode_Reward/dof_pos_limits: -0.0025
          Episode_Reward/action_rate_l2: -0.0172
                Episode_Reward/air_time: 0.0045
          Episode_Reward/foot_clearance: -0.0005
       Episode_Reward/foot_swing_height: -0.0016
               Episode_Reward/foot_slip: -0.0002
         Episode_Reward/self_collisions: -0.0007
      Episode_Reward/head_pose_tracking: 0.0374
      Episode_Reward/body_pose_tracking: 0.0000
          Episode_Reward/head_pose_bias: 0.0000
        Episode_Metrics/mean_action_acc: 0.8029
          Curriculum/action_rate_weight: -0.1000
               Curriculum/standing_envs: 0.0200
             Curriculum/head_pose_range: 0.0700
             Curriculum/body_pose_range: 0.0500
                   Curriculum/com_range: 0.0030
              Curriculum/head_com_range: 0.0030
       Curriculum/head_pose_bias_weight: 0.0000
             Metrics/twist/error_vel_xy: 0.0242
            Metrics/twist/error_vel_yaw: 0.1880
           Episode_Termination/time_out: 0.0000
          Episode_Termination/fell_over: 145.9583
Episode_Termination/out_of_terrain_bounds: 0.0000
          Episode_Termination/nan_state: 0.0000
          Metrics/angular_momentum_mean: 0.0122
                  Metrics/air_time_mean: 0.0412
               Metrics/peak_height_mean: 0.0092
             Metrics/slip_velocity_mean: 0.2906
--------------------------------------------------------------------------------
                         Iteration time: 1.73s
                           Time elapsed: 00:10:28
                                    ETA: 00:02:32

################################################################################
[1m                           Learning iteration 322/400                           [0m 

                               Run name: hls2909-fix7
                            Total steps: 31752192 
                       Steps per second: 54951 
                        Collection time: 1.660s 
                          Learning time: 0.128s 
                        Mean value loss: 0.0233
                    Mean surrogate loss: -0.0211
                      Mean entropy loss: 11.7134
                            Mean reward: 0.45
                    Mean episode length: 27.25
                        Mean action std: 0.56
   Episode_Reward/track_linear_velocity: 0.0174
  Episode_Reward/track_angular_velocity: 0.0002
                 Episode_Reward/upright: 0.0194
                    Episode_Reward/pose: 0.0036
            Episode_Reward/body_ang_vel: -0.0375
        Episode_Reward/angular_momentum: -0.0000
          Episode_Reward/dof_pos_limits: -0.0025
          Episode_Reward/action_rate_l2: -0.0171
                Episode_Reward/air_time: 0.0044
          Episode_Reward/foot_clearance: -0.0005
       Episode_Reward/foot_swing_height: -0.0016
               Episode_Reward/foot_slip: -0.0002
         Episode_Reward/self_collisions: -0.0007
      Episode_Reward/head_pose_tracking: 0.0374
      Episode_Reward/body_pose_tracking: 0.0000
          Episode_Reward/head_pose_bias: 0.0000
        Episode_Metrics/mean_action_acc: 0.8025
          Curriculum/action_rate_weight: -0.1000
               Curriculum/standing_envs: 0.0200
             Curriculum/head_pose_range: 0.0700
             Curriculum/body_pose_range: 0.0500
                   Curriculum/com_range: 0.0030
              Curriculum/head_com_range: 0.0030
       Curriculum/head_pose_bias_weight: 0.0000
             Metrics/twist/error_vel_xy: 0.0244
            Metrics/twist/error_vel_yaw: 0.1871
           Episode_Termination/time_out: 0.0000
          Episode_Termination/fell_over: 147.0000
Episode_Termination/out_of_terrain_bounds: 0.0000
          Episode_Termination/nan_state: 0.0000
          Metrics/angular_momentum_mean: 0.0123
                  Metrics/air_time_mean: 0.0412
               Metrics/peak_height_mean: 0.0093
             Metrics/slip_velocity_mean: 0.2934
--------------------------------------------------------------------------------
                         Iteration time: 1.79s
                           Time elapsed: 00:10:30
                                    ETA: 00:02:30

################################################################################
[1m                           Learning iteration 323/400                           [0m 

                               Run name: hls2909-fix7
                            Total steps: 31850496 
                       Steps per second: 56555 
                        Collection time: 1.607s 
                          Learning time: 0.131s 
                        Mean value loss: 0.0233
                    Mean surrogate loss: -0.0192
                      Mean entropy loss: 11.7096
                            Mean reward: 0.37
                    Mean episode length: 27.40
                        Mean action std: 0.56
   Episode_Reward/track_linear_velocity: 0.0175
  Episode_Reward/track_angular_velocity: 0.0002
                 Episode_Reward/upright: 0.0190
                    Episode_Reward/pose: 0.0036
            Episode_Reward/body_ang_vel: -0.0376
        Episode_Reward/angular_momentum: -0.0000
          Episode_Reward/dof_pos_limits: -0.0025
          Episode_Reward/action_rate_l2: -0.0170
                Episode_Reward/air_time: 0.0045
          Episode_Reward/foot_clearance: -0.0005
       Episode_Reward/foot_swing_height: -0.0016
               Episode_Reward/foot_slip: -0.0002
         Episode_Reward/self_collisions: -0.0007
      Episode_Reward/head_pose_tracking: 0.0373
      Episode_Reward/body_pose_tracking: 0.0000
          Episode_Reward/head_pose_bias: 0.0000
        Episode_Metrics/mean_action_acc: 0.8007
          Curriculum/action_rate_weight: -0.1000
               Curriculum/standing_envs: 0.0200
             Curriculum/head_pose_range: 0.0700
             Curriculum/body_pose_range: 0.0500
                   Curriculum/com_range: 0.0030
              Curriculum/head_com_range: 0.0030
       Curriculum/head_pose_bias_weight: 0.0000
             Metrics/twist/error_vel_xy: 0.0243
            Metrics/twist/error_vel_yaw: 0.1892
           Episode_Termination/time_out: 0.0000
          Episode_Termination/fell_over: 147.3333
Episode_Termination/out_of_terrain_bounds: 0.0000
          Episode_Termination/nan_state: 0.0000
          Metrics/angular_momentum_mean: 0.0122
                  Metrics/air_time_mean: 0.0412
               Metrics/peak_height_mean: 0.0092
             Metrics/slip_velocity_mean: 0.2925
--------------------------------------------------------------------------------
                         Iteration time: 1.74s
                           Time elapsed: 00:10:31
                                    ETA: 00:02:28

################################################################################
[1m                           Learning iteration 324/400                           [0m 

                               Run name: hls2909-fix7
                            Total steps: 31948800 
                       Steps per second: 56311 
                        Collection time: 1.619s 
                          Learning time: 0.126s 
                        Mean value loss: 0.0231
                    Mean surrogate loss: -0.0201
                      Mean entropy loss: 11.7023
                            Mean reward: 0.50
                    Mean episode length: 28.14
                        Mean action std: 0.56
   Episode_Reward/track_linear_velocity: 0.0172
  Episode_Reward/track_angular_velocity: 0.0002
                 Episode_Reward/upright: 0.0190
                    Episode_Reward/pose: 0.0035
            Episode_Reward/body_ang_vel: -0.0368
        Episode_Reward/angular_momentum: -0.0000
          Episode_Reward/dof_pos_limits: -0.0024
          Episode_Reward/action_rate_l2: -0.0170
                Episode_Reward/air_time: 0.0046
          Episode_Reward/foot_clearance: -0.0005
       Episode_Reward/foot_swing_height: -0.0016
               Episode_Reward/foot_slip: -0.0002
         Episode_Reward/self_collisions: -0.0008
      Episode_Reward/head_pose_tracking: 0.0374
      Episode_Reward/body_pose_tracking: 0.0000
          Episode_Reward/head_pose_bias: 0.0000
        Episode_Metrics/mean_action_acc: 0.8013
          Curriculum/action_rate_weight: -0.1000
               Curriculum/standing_envs: 0.0200
             Curriculum/head_pose_range: 0.0700
             Curriculum/body_pose_range: 0.0500
                   Curriculum/com_range: 0.0030
              Curriculum/head_com_range: 0.0030
       Curriculum/head_pose_bias_weight: 0.0000
             Metrics/twist/error_vel_xy: 0.0245
            Metrics/twist/error_vel_yaw: 0.1867
           Episode_Termination/time_out: 0.0000
          Episode_Termination/fell_over: 146.9167
Episode_Termination/out_of_terrain_bounds: 0.0000
          Episode_Termination/nan_state: 0.0000
          Metrics/angular_momentum_mean: 0.0123
                  Metrics/air_time_mean: 0.0412
               Metrics/peak_height_mean: 0.0093
             Metrics/slip_velocity_mean: 0.2936
--------------------------------------------------------------------------------
                         Iteration time: 1.75s
                           Time elapsed: 00:10:33
                                    ETA: 00:02:26

################################################################################
[1m                           Learning iteration 325/400                           [0m 

                               Run name: hls2909-fix7
                            Total steps: 32047104 
                       Steps per second: 56619 
                        Collection time: 1.609s 
                          Learning time: 0.127s 
                        Mean value loss: 0.0236
                    Mean surrogate loss: -0.0208
                      Mean entropy loss: 11.7094
                            Mean reward: 0.47
                    Mean episode length: 27.34
                        Mean action std: 0.56
   Episode_Reward/track_linear_velocity: 0.0172
  Episode_Reward/track_angular_velocity: 0.0002
                 Episode_Reward/upright: 0.0191
                    Episode_Reward/pose: 0.0036
            Episode_Reward/body_ang_vel: -0.0371
        Episode_Reward/angular_momentum: -0.0000
          Episode_Reward/dof_pos_limits: -0.0025
          Episode_Reward/action_rate_l2: -0.0170
                Episode_Reward/air_time: 0.0044
          Episode_Reward/foot_clearance: -0.0005
       Episode_Reward/foot_swing_height: -0.0016
               Episode_Reward/foot_slip: -0.0002
         Episode_Reward/self_collisions: -0.0007
      Episode_Reward/head_pose_tracking: 0.0371
      Episode_Reward/body_pose_tracking: 0.0000
          Episode_Reward/head_pose_bias: 0.0000
        Episode_Metrics/mean_action_acc: 0.8012
          Curriculum/action_rate_weight: -0.1000
               Curriculum/standing_envs: 0.0200
             Curriculum/head_pose_range: 0.0700
             Curriculum/body_pose_range: 0.0500
                   Curriculum/com_range: 0.0030
              Curriculum/head_com_range: 0.0030
       Curriculum/head_pose_bias_weight: 0.0000
             Metrics/twist/error_vel_xy: 0.0243
            Metrics/twist/error_vel_yaw: 0.1875
           Episode_Termination/time_out: 0.0000
          Episode_Termination/fell_over: 148.3750
Episode_Termination/out_of_terrain_bounds: 0.0000
          Episode_Termination/nan_state: 0.0000
          Metrics/angular_momentum_mean: 0.0123
                  Metrics/air_time_mean: 0.0410
               Metrics/peak_height_mean: 0.0092
             Metrics/slip_velocity_mean: 0.2928
--------------------------------------------------------------------------------
                         Iteration time: 1.74s
                           Time elapsed: 00:10:35
                                    ETA: 00:02:24
