time,target_left_hip_yaw,target_left_hip_roll,target_left_hip_pitch,target_left_knee,target_left_ankle,target_neck_pitch,target_head_pitch,target_head_yaw,target_head_roll,target_right_hip_yaw,target_right_hip_roll,target_right_hip_pitch,target_right_knee,target_right_ankle,measured_left_hip_yaw,measured_left_hip_roll,measured_left_hip_pitch,measured_left_knee,measured_left_ankle,measured_neck_pitch,measured_head_pitch,measured_head_yaw,measured_head_roll,measured_right_hip_yaw,measured_right_hip_roll,measured_right_hip_pitch,measured_right_knee,measured_right_ankle,trunk_z_m
0.0,0.080701,-0.02161,-0.628545,-0.104633,0.540209,0.240116,0.279932,0.109806,0.062318,0.122615,-0.188462,0.257654,0.447618,-0.485529,-0.054227,-0.067132,-0.393162,0.213407,0.469068,0.235986,0.344307,0.01501,-0.015508,0.026636,0.088447,0.390466,0.109987,-0.274339,0.119827
0.02,0.02893,-0.161816,-0.567327,-0.300443,0.434163,0.255076,0.260856,0.071053,0.051059,0.131079,0.026234,0.241357,0.325812,-0.550565,-0.038354,-0.066007,-0.426529,0.213022,0.492762,0.230862,0.344262,0.041665,-0.004884,0.033101,0.050727,0.37514,0.127805,-0.254149,0.118759
0.04,-0.017731,-0.298057,-0.369381,-0.376644,0.334634,0.233352,0.234644,0.057513,0.046765,0.065824,0.189834,0.21838,0.095248,-0.569808,-0.022389,-0.071337,-0.462013,0.174474,0.503559,0.227536,0.344155,0.060654,0.005104,0.043739,0.019724,0.358589,0.128483,-0.244039,0.117516
0.06,0.050872,-0.230502,-0.352321,-0.331183,0.301172,0.218464,0.243004,0.004237,0.019984,0.067479,0.197309,0.26019,-0.200631,-0.50496,-0.011386,-0.08813,-0.48346,0.107966,0.497978,0.225822,0.341719,0.072661,0.01311,0.052414,0.007312,0.337894,0.107404,-0.24618,0.115965
0.08,0.091501,-0.138934,-0.330316,-0.397991,0.278956,0.228273,0.262797,-0.061962,-0.003655,0.085766,0.131096,0.274311,-0.342526,-0.491303,-0.001629,-0.103858,-0.485773,0.046505,0.489349,0.22546,0.339205,0.077453,0.019372,0.058524,0.012965,0.317745,0.066442,-0.26138,0.115661
0.1,0.020195,-0.011332,-0.359936,-0.485808,0.240763,0.285023,0.254136,-0.084045,-0.019131,0.050711,0.059647,0.283892,-0.401776,-0.524073,0.006252,-0.112681,-0.478174,0.007629,0.4722,0.224586,0.338944,0.072109,0.023077,0.065293,0.031547,0.302794,0.014802,-0.290209,0.117423
0.12,-0.022127,0.045739,-0.399718,-0.488933,0.233594,0.300894,0.269848,-0.113834,-0.034202,0.051219,0.013901,0.319014,-0.399582,-0.545522,0.01156,-0.114625,-0.468858,-0.028288,0.437966,0.224448,0.338588,0.058753,0.023306,0.070129,0.052696,0.293273,-0.046467,-0.325975,0.118958
0.14,-0.038836,0.118816,-0.425176,-0.474977,0.252609,0.286868,0.310734,-0.12335,-0.053339,0.058005,-0.024981,0.365322,-0.35395,-0.535643,0.012679,-0.108397,-0.461284,-0.063827,0.392632,0.226679,0.338438,0.039711,0.020659,0.071985,0.06976,0.290681,-0.110027,-0.364717,0.119906
0.16,-0.045228,0.180649,-0.418095,-0.453103,0.288483,0.262213,0.344931,-0.135417,-0.065398,0.052332,-0.035311,0.442847,-0.27227,-0.517526,0.010083,-0.092876,-0.455479,-0.098131,0.347505,0.230971,0.339632,0.017444,0.015005,0.072276,0.079876,0.295419,-0.16688,-0.401791,0.120251
0.18,-0.060829,0.193769,-0.374611,-0.415586,0.331463,0.246325,0.342489,-0.140216,-0.074146,0.039343,0.026581,0.519264,-0.129565,-0.483881,0.003564,-0.067053,-0.449273,-0.130948,0.313488,0.236011,0.343505,-0.005889,0.006815,0.072269,0.083102,0.309275,-0.208726,-0.433342,0.119978
0.2,-0.078921,0.018053,-0.283397,-0.327856,0.427195,0.23397,0.313947,-0.127136,-0.08348,0.018322,0.224171,0.578686,0.118529,-0.394617,-0.005216,-0.032875,-0.441068,-0.154053,0.286188,0.239387,0.349506,-0.02887,-0.002975,0.071396,0.084376,0.334156,-0.227934,-0.456406,0.11926
0.22,-0.057442,-0.226381,-0.231928,-0.111087,0.54037,0.254556,0.288814,-0.105488,-0.086614,0.028579,0.400845,0.521025,0.349176,-0.362256,-0.015511,-0.004167,-0.425861,-0.161813,0.271588,0.240551,0.355286,-0.049681,-0.013283,0.068063,0.093058,0.368756,-0.215249,-0.46632,0.118461
0.24,-0.053864,-0.207436,-0.296129,0.187105,0.547955,0.28495,0.259553,-0.051,-0.035157,0.047246,0.252326,0.436164,0.397968,-0.35703,-0.023703,0.006084,-0.402544,-0.146179,0.270924,0.240711,0.358263,-0.066686,-0.02325,0.06277,0.116982,0.405419,-0.166449,-0.464052,0.117351
0.26,-0.121967,-0.133393,-0.407936,0.284786,0.561399,0.272308,0.259914,-0.045093,0.013693,0.018857,0.276677,0.308822,0.380687,-0.299653,-0.030194,-0.001332,-0.37541,-0.101985,0.283794,0.243657,0.357128,-0.077805,-0.029963,0.057778,0.142498,0.433876,-0.095656,-0.456062,0.115808
0.28,-0.116447,-0.073523,-0.378369,0.396608,0.549081,0.21915,0.257521,0.091183,-0.010508,-0.035507,0.075546,0.321187,0.397868,-0.143902,-0.040114,-0.019304,-0.359104,-0.046659,0.313291,0.250416,0.356563,-0.084242,-0.032531,0.052612,0.152612,0.440323,-0.042418,-0.453737,0.117162
0.3,-0.071696,0.008817,-0.404536,0.42266,0.534017,0.211927,0.27099,0.152008,0.003928,-0.020375,-0.003699,0.310188,0.423438,-0.133158,-0.053473,-0.04146,-0.352617,0.01702,0.351013,0.253735,0.354115,-0.079833,-0.032641,0.045414,0.156561,0.434044,0.001484,-0.432451,0.119015
0.32,-0.006333,0.055782,-0.468595,0.392654,0.537215,0.21438,0.283695,0.160319,0.020553,0.001983,-0.044667,0.281358,0.445505,-0.222336,-0.065081,-0.059376,-0.352749,0.085228,0.388866,0.252121,0.350658,-0.061809,-0.031068,0.037256,0.153642,0.423375,0.037371,-0.385132,0.120378
0.34,0.049938,0.075171,-0.533892,0.299421,0.553748,0.218304,0.288709,0.160594,0.038097,0.01627,-0.095936,0.268268,0.455753,-0.331775,-0.069699,-0.068637,-0.36054,0.149168,0.423215,0.247595,0.347982,-0.035259,-0.027253,0.03072,0.14361,0.409184,0.069434,-0.332305,0.120992
0.36,0.068889,0.069126,-0.584273,0.127618,0.549906,0.234758,0.278631,0.142372,0.053827,0.060485,-0.17779,0.263217,0.464213,-0.43937,-0.065588,-0.06987,-0.378022,0.199009,0.453526,0.241675,0.346957,-0.005374,-0.02099,0.027107,0.125594,0.392766,0.096474,-0.287401,0.120974
0.38,0.056553,-0.013568,-0.625677,-0.12004,0.518154,0.252125,0.268533,0.088725,0.056094,0.135433,-0.170612,0.247278,0.455153,-0.497983,-0.054052,-0.066623,-0.404959,0.22413,0.479004,0.23598,0.346815,0.023357,-0.012368,0.027703,0.0978,0.375808,0.117668,-0.257858,0.120472
0.4,0.018191,-0.152481,-0.578656,-0.30302,0.417624,0.266289,0.247827,0.054856,0.047431,0.144124,0.027806,0.231908,0.345964,-0.549538,-0.038834,-0.064177,-0.439384,0.215151,0.497362,0.231767,0.346729,0.045993,-0.00257,0.035493,0.061355,0.35927,0.132699,-0.24374,0.11944
0.42,-0.011442,-0.289963,-0.40791,-0.362112,0.303239,0.245329,0.222466,0.044488,0.044755,0.076596,0.190275,0.214693,0.120615,-0.562185,-0.024565,-0.068729,-0.47476,0.170797,0.50328,0.229773,0.345723,0.060584,0.00638,0.048018,0.029586,0.342712,0.133526,-0.238048,0.118123
0.44,0.047814,-0.234391,-0.364756,-0.33128,0.286228,0.217336,0.241511,0.007425,0.025387,0.06816,0.201668,0.254937,-0.179173,-0.497265,-0.014259,-0.085086,-0.497558,0.101843,0.492968,0.229516,0.34153,0.068397,0.013405,0.057677,0.014803,0.322331,0.113166,-0.240861,0.116585
0.46,0.111444,-0.158412,-0.332229,-0.372152,0.302359,0.216617,0.263221,-0.069457,0.002267,0.092546,0.126751,0.288371,-0.322393,-0.489184,-0.004551,-0.104004,-0.502625,0.034051,0.476298,0.229554,0.336229,0.0705,0.018685,0.063764,0.018448,0.30155,0.069971,-0.252194,0.115504
0.48,0.051212,-0.028831,-0.353277,-0.461565,0.250001,0.273728,0.260874,-0.091045,-0.015868,0.061532,0.062683,0.289488,-0.384796,-0.517597,0.005607,-0.114493,-0.493967,-0.006869,0.463173,0.228706,0.335405,0.064699,0.022642,0.070354,0.035465,0.288265,0.017817,-0.278466,0.117195
0.5,0.002316,0.015937,-0.393902,-0.464843,0.221193,0.298597,0.268985,-0.117987,-0.030564,0.065152,0.018504,0.31752,-0.388657,-0.534223,0.01322,-0.118537,-0.482132,-0.041039,0.435753,0.228132,0.335243,0.050817,0.023243,0.075778,0.055333,0.281448,-0.042259,-0.313373,0.118891
0.52,-0.030804,0.109477,-0.416458,-0.468879,0.237546,0.287838,0.306243,-0.118824,-0.052391,0.064133,-0.021744,0.361982,-0.355502,-0.531943,0.016261,-0.115166,-0.470864,-0.073595,0.396354,0.229833,0.335207,0.031437,0.021141,0.078807,0.071625,0.281041,-0.104314,-0.351883,0.120067
0.54,-0.048048,0.172037,-0.422964,-0.45221,0.265282,0.267533,0.337168,-0.128247,-0.067448,0.059521,-0.039571,0.433266,-0.287302,-0.517633,0.014323,-0.102737,-0.461516,-0.104769,0.353592,0.233612,0.336315,0.00951,0.015888,0.079979,0.08144,0.287458,-0.16053,-0.389408,0.120628
0.56,-0.056396,0.198712,-0.378664,-0.43281,0.329073,0.248073,0.345979,-0.138895,-0.073195,0.039815,-0.001934,0.512734,-0.163126,-0.496948,0.008703,-0.079603,-0.453786,-0.132674,0.313285,0.237717,0.339837,-0.012745,0.007697,0.080078,0.08434,0.302845,-0.203751,-0.422153,0.120474
0.58,-0.070114,0.077857,-0.291893,-0.367599,0.418139,0.236271,0.322936,-0.133281,-0.079788,0.013633,0.157652,0.582292,0.049439,-0.430391,0.000616,-0.04667,-0.444919,-0.154216,0.281694,0.240458,0.34587,-0.034089,-0.002229,0.078818,0.084496,0.328563,-0.226566,-0.447646,0.119758
0.6,-0.061231,-0.175578,-0.232636,-0.199905,0.520734,0.249114,0.291492,-0.11782,-0.093768,0.026417,0.380965,0.547075,0.2924,-0.353322,-0.009384,-0.014008,-0.429646,-0.165566,0.267188,0.241348,0.352452,-0.053238,-0.012539,0.074649,0.089634,0.363817,-0.220765,-0.462242,0.118816
0.62,-0.046091,-0.232106,-0.265758,0.107289,0.554276,0.281413,0.264884,-0.067501,-0.055304,0.049285,0.29996,0.472233,0.400234,-0.373809,-0.018438,0.001887,-0.4069,-0.155553,0.264589,0.241383,0.356944,-0.069724,-0.022868,0.068289,0.109612,0.402613,-0.180347,-0.463262,0.117835
0.64,-0.094726,-0.14966,-0.386236,0.263225,0.563125,0.276119,0.247758,-0.036118,0.002894,0.023604,0.230809,0.342836,0.363959,-0.327675,-0.025665,-0.001536,-0.379713,-0.116629,0.272549,0.242842,0.357025,-0.08139,-0.03079,0.062442,0.137677,0.436092,-0.111162,-0.455973,0.116004
0.66,-0.115879,-0.079672,-0.378737,0.374297,0.553271,0.218982,0.254029,0.069844,-0.007998,-0.029507,0.121819,0.322742,0.389517,-0.169764,-0.034391,-0.017131,-0.360864,-0.062427,0.297839,0.248666,0.356468,-0.087523,-0.034652,0.056634,0.149138,0.4484,-0.054764,-0.454814,0.116746
0.68,-0.095452,-0.017572,-0.401183,0.409925,0.537753,0.205657,0.269485,0.142689,-0.002322,-0.03935,0.03736,0.326546,0.397694,-0.116699,-0.046715,-0.038432,-0.352044,-8.4e-05,0.334789,0.252344,0.35392,-0.084099,-0.035111,0.049009,0.153063,0.444206,-0.007679,-0.443235,0.118472
0.7,-0.022975,0.045085,-0.445035,0.402928,0.535291,0.211797,0.281589,0.162941,0.017737,-0.004096,-0.057546,0.294407,0.442165,-0.190131,-0.059574,-0.057111,-0.350897,0.067394,0.37396,0.251281,0.350227,-0.067383,-0.033966,0.039518,0.151661,0.433653,0.029738,-0.40374,0.119965
0.72,0.041633,0.076966,-0.51781,0.324567,0.552528,0.215212,0.288428,0.169896,0.037793,0.007136,-0.09442,0.279748,0.452577,-0.298663,-0.066949,-0.068357,-0.356761,0.13274,0.410362,0.246914,0.347208,-0.041112,-0.030488,0.031285,0.143176,0.419754,0.062243,-0.351496,0.120743
0.74,0.073804,0.072997,-0.574322,0.166017,0.5552,0.226143,0.283236,0.15758,0.0541,0.041982,-0.169691,0.271343,0.461164,-0.412134,-0.065595,-0.071048,-0.371785,0.186505,0.442875,0.240988,0.34589,-0.010379,-0.024237,0.026095,0.126262,0.403554,0.090443,-0.303593,0.120864
0.76,0.06859,0.002688,-0.622542,-0.076264,0.530163,0.245167,0.273997,0.109334,0.059727,0.117393,-0.186082,0.252488,0.458292,-0.488504,-0.055709,-0.068323,-0.396689,0.21786,0.470847,0.234803,0.345697,0.020288,-0.015359,0.024976,0.099641,0.386739,0.112933,-0.268998,0.120437
0.78,0.030056,-0.134387,-0.595286,-0.278912,0.443006,0.26426,0.256106,0.062761,0.04928,0.144622,-0.009233,0.234481,0.364423,-0.542575,-0.040735,-0.065322,-0.429891,0.216488,0.492247,0.229706,0.345647,0.045892,-0.004915,0.03107,0.063901,0.370305,0.129536,-0.250802,0.119444
0.8,-0.008658,-0.278909,-0.423136,-0.363273,0.325815,0.248109,0.225965,0.050944,0.046731,0.080686,0.172499,0.214195,0.15324,-0.569224,-0.025545,-0.068367,-0.466043,0.17895,0.502029,0.226784,0.345262,0.063194,0.004875,0.042685,0.0307,0.353804,0.13256,-0.242089,0.118123
0.82,0.030426,-0.253712,-0.354985,-0.338466,0.288477,0.219228,0.237468,0.021448,0.030604,0.06214,0.20863,0.2504,-0.150796,-0.507468,-0.014143,-0.08301,-0.491349,0.113803,0.495791,0.226179,0.342277,0.072884,0.012704,0.052438,0.013537,0.333325,0.115061,-0.242977,0.116659
0.84,0.1024,-0.167669,-0.336091,-0.368569,0.297574,0.21688,0.260674,-0.055784,0.003096,0.088343,0.144605,0.281774,-0.315407,-0.488575,-0.004617,-0.101395,-0.498451,0.046065,0.481488,0.226166,0.337636,0.076591,0.018757,0.058704,0.014679,0.311815,0.075089,-0.253676,0.115555
0.86,0.056668,-0.034384,-0.357997,-0.459988,0.246179,0.271085,0.260454,-0.086286,-0.015848,0.065249,0.071698,0.274136,-0.383014,-0.514009,0.005517,-0.111959,-0.490501,0.003009,0.469709,0.225589,0.336817,0.072492,0.023289,0.065101,0.030549,0.29698,0.025116,-0.27953,0.117088
0.88,-0.001642,0.031283,-0.385322,-0.484619,0.234705,0.296459,0.268277,-0.110993,-0.027026,0.0519,0.023762,0.315403,-0.401019,-0.541522,0.012995,-0.11632,-0.480422,-0.031004,0.439923,0.225172,0.336686,0.059314,0.024141,0.070906,0.050978,0.287525,-0.034081,-0.313867,0.118719
0.9,-0.034305,0.114588,-0.419963,-0.476324,0.244885,0.288862,0.302354,-0.121624,-0.049484,0.056306,-0.018053,0.362555,-0.366176,-0.542844,0.016128,-0.112579,-0.470717,-0.06504,0.399311,0.226761,0.336647,0.040351,0.022254,0.073952,0.068476,0.284687,-0.096898,-0.352351,0.119775
0.92,-0.046025,0.17825,-0.429282,-0.453211,0.268957,0.265954,0.336244,-0.133526,-0.06608,0.057199,-0.036829,0.430067,-0.291447,-0.52333,0.014468,-0.099175,-0.462722,-0.098118,0.355978,0.23043,0.337558,0.018208,0.017314,0.074741,0.079639,0.289438,-0.155131,-0.390675,0.120217
0.94,-0.056361,0.195269,-0.394849,-0.413328,0.307198,0.246344,0.343048,-0.141034,-0.0742,0.048989,0.007054,0.505422,-0.1589,-0.492427,0.008425,-0.074931,-0.455382,-0.129963,0.320206,0.235142,0.340762,-0.004996,0.009402,0.074796,0.083713,0.303179,-0.200323,-0.424456,0.120016
0.96,-0.071104,0.070616,-0.301877,-0.346514,0.399872,0.229073,0.318819,-0.132366,-0.081085,0.018763,0.179432,0.574933,0.066369,-0.417237,-0.00027,-0.041787,-0.446714,-0.15346,0.290994,0.238807,0.346284,-0.027914,-0.000467,0.074323,0.084606,0.327509,-0.224426,-0.450251,0.119388
0.98,-0.060827,-0.186701,-0.238354,-0.168914,0.523328,0.24561,0.291723,-0.114485,-0.091005,0.025846,0.391983,0.53556,0.312632,-0.356028,-0.010189,-0.011477,-0.432013,-0.162976,0.273101,0.24009,0.352131,-0.048937,-0.010992,0.071286,0.090952,0.361865,-0.218668,-0.463858,0.118644
1.0,-0.050715,-0.221781,-0.278713,0.140497,0.55083,0.281818,0.264651,-0.062233,-0.048444,0.049693,0.281326,0.456863,0.401602,-0.367792,-0.018928,0.00258,-0.409486,-0.152195,0.270121,0.240225,0.355762,-0.066596,-0.021501,0.065906,0.112354,0.399396,-0.176961,-0.464098,0.117628
1.02,-0.107026,-0.150429,-0.387172,0.278418,0.553734,0.276717,0.256892,-0.049409,0.005192,0.031992,0.280248,0.330213,0.390422,-0.301148,-0.025658,-0.001013,-0.38213,-0.113721,0.281241,0.242815,0.355648,-0.078672,-0.029438,0.060618,0.13765,0.430367,-0.109469,-0.457616,0.116149
1.04,-0.106434,-0.083184,-0.367983,0.402406,0.548528,0.228095,0.257892,0.075885,-0.012465,-0.019165,0.074134,0.325974,0.414704,-0.150449,-0.035036,-0.015645,-0.363784,-0.061556,0.309184,0.249377,0.355255,-0.086018,-0.033356,0.055698,0.147681,0.440222,-0.054543,-0.455713,0.117161
1.06,-0.080576,-0.004369,-0.397186,0.429634,0.536285,0.214035,0.270287,0.147695,0.000758,-0.019953,-0.00114,0.327818,0.414522,-0.111872,-0.047508,-0.036748,-0.35429,0.001683,0.346118,0.253514,0.352975,-0.08333,-0.033885,0.049578,0.151438,0.436059,-0.005795,-0.438621,0.1187
1.08,-0.003841,0.052569,-0.457301,0.406987,0.541021,0.216771,0.282126,0.158519,0.02143,0.017253,-0.085936,0.289435,0.454526,-0.212292,-0.059161,-0.05514,-0.352481,0.071588,0.384056,0.252804,0.349577,-0.06674,-0.032704,0.041633,0.148185,0.427114,0.033054,-0.391932,0.119846
1.1,0.058669,0.079313,-0.538633,0.308014,0.564346,0.214067,0.28987,0.169137,0.043251,0.019297,-0.124607,0.274191,0.467454,-0.338832,-0.064208,-0.065956,-0.358711,0.1388,0.419151,0.248866,0.346982,-0.04101,-0.02901,0.034975,0.136528,0.41446,0.066102,-0.335974,0.120323
1.12,0.088164,0.061403,-0.616049,0.119215,0.569108,0.231906,0.281944,0.145673,0.057498,0.06438,-0.20103,0.250307,0.472464,-0.461598,-0.06025,-0.068368,-0.375262,0.192217,0.451,0.243112,0.34616,-0.010966,-0.022357,0.031588,0.115577,0.399078,0.094931,-0.290034,0.12023
1.14,0.062945,-0.049214,-0.634653,-0.176932,0.529645,0.255568,0.272213,0.08898,0.05911,0.140188,-0.16356,0.243941,0.434,-0.506857,-0.048121,-0.066149,-0.403462,0.219595,0.479037,0.237274,0.346076,0.018493,-0.013078,0.032499,0.083986,0.381774,0.118783,-0.26309,0.11963
1.16,0.013503,-0.195516,-0.533996,-0.336868,0.401285,0.254166,0.249888,0.064419,0.052183,0.123268,0.076701,0.221063,0.289582,-0.5679,-0.032029,-0.065573,-0.440506,0.208999,0.500039,0.232765,0.346031,0.042223,-0.002605,0.040064,0.045672,0.364223,0.132728,-0.248992,0.118574
1.18,-0.016995,-0.310289,-0.347112,-0.372586,0.306767,0.231305,0.235456,0.047379,0.046153,0.063763,0.214656,0.222291,0.026299,-0.554934,-0.017751,-0.073007,-0.475455,0.160975,0.506666,0.230157,0.345117,0.058642,0.006994,0.050789,0.016117,0.345257,0.129194,-0.243975,0.117279
1.2,0.075747,-0.20501,-0.35601,-0.324532,0.302024,0.2175,0.251709,-0.022528,0.012525,0.078985,0.188539,0.268846,-0.232995,-0.498606,-0.008436,-0.092223,-0.49346,0.089501,0.49621,0.229078,0.34138,0.068797,0.014591,0.058636,0.006769,0.322795,0.101626,-0.247859,0.115573
1.22,0.088122,-0.107382,-0.337401,-0.415802,0.259637,0.242067,0.264935,-0.074899,-0.008894,0.083515,0.113566,0.272351,-0.356106,-0.492457,0.001137,-0.10631,-0.491429,0.034177,0.48884,0.228847,0.339803,0.071585,0.020799,0.064684,0.015566,0.304845,0.058701,-0.2665,0.116086
1.24,0.007162,0.007025,-0.35246,-0.494286,0.244411,0.288042,0.260402,-0.09341,-0.018219,0.044304,0.051366,0.305292,-0.411898,-0.534648,0.00951,-0.114363,-0.482164,-0.002826,0.4668,0.228089,0.339644,0.064264,0.023537,0.071047,0.035904,0.292543,0.004807,-0.296851,0.117878
1.26,-0.020128,0.063591,-0.408084,-0.484543,0.240373,0.300727,0.28061,-0.123999,-0.038908,0.057164,0.004358,0.331753,-0.393414,-0.549281,0.014475,-0.114691,-0.471491,-0.038197,0.429065,0.22815,0.339577,0.049678,0.023151,0.074694,0.057009,0.2867,-0.057914,-0.333558,0.119288
1.28,-0.037454,0.135451,-0.427216,-0.469518,0.25881,0.282532,0.321911,-0.128741,-0.058013,0.061709,-0.03146,0.382459,-0.340281,-0.532344,0.01495,-0.106556,-0.462836,-0.073133,0.383218,0.230391,0.33958,0.029778,0.019887,0.07566,0.073088,0.287615,-0.121317,-0.37269,0.120078
1.3,-0.044513,0.18963,-0.409748,-0.447155,0.301146,0.25926,0.349718,-0.139126,-0.067928,0.051005,-0.030277,0.462555,-0.244976,-0.513787,0.011716,-0.088875,-0.456207,-0.106227,0.339249,0.234398,0.341291,0.007121,0.013526,0.075749,0.081786,0.296007,-0.176164,-0.4092,0.120272
1.32,-0.057702,0.184309,-0.351495,-0.41337,0.360823,0.24252,0.340142,-0.141772,-0.075704,0.027365,0.054487,0.538015,-0.092664,-0.473756,0.005129,-0.061218,-0.449199,-0.135634,0.30505,0.238571,0.345991,-0.016051,0.004771,0.075556,0.084218,0.313847,-0.214179,-0.439442,0.119931
1.34,-0.068258,-0.020137,-0.262479,-0.317146,0.457278,0.236793,0.309326,-0.128575,-0.085354,0.01552,0.258002,0.575271,0.155519,-0.388456,-0.003224,-0.027332,-0.439025,-0.156049,0.28118,0.240905,0.352469,-0.038224,-0.005298,0.073492,0.086062,0.342216,-0.227906,-0.460516,0.119185
1.36,-0.054298,-0.232948,-0.243707,-0.053239,0.541968,0.267055,0.279443,-0.095512,-0.083427,0.04684,0.382185,0.501519,0.364814,-0.364126,-0.012296,-0.002366,-0.420996,-0.16155,0.272051,0.241516,0.358191,-0.057881,-0.015685,0.068613,0.096929,0.378585,-0.209213,-0.468349,0.118432
1.38,-0.063151,-0.187561,-0.31435,0.215876,0.547442,0.286319,0.252123,-0.037655,-0.029223,0.040331,0.236412,0.417344,0.386631,-0.339646,-0.020514,0.003898,-0.3971,-0.140746,0.271972,0.241565,0.36018,-0.073823,-0.025497,0.063331,0.121567,0.414544,-0.155805,-0.464797,0.117103
1.4,-0.113791,-0.128532,-0.367377,0.319554,0.55758,0.244758,0.259645,0.007039,-0.000224,-0.006391,0.221363,0.321891,0.391443,-0.239302,-0.028167,-0.005668,-0.372213,-0.09264,0.285015,0.245137,0.35882,-0.083281,-0.032056,0.058396,0.142415,0.438945,-0.089004,-0.457849,0.116087
1.42,-0.102671,-0.05835,-0.372937,0.408651,0.545078,0.212785,0.262203,0.110669,-0.007323,-0.045911,0.047645,0.328981,0.408799,-0.142351,-0.038942,-0.02489,-0.356233,-0.034697,0.31522,0.250283,0.357722,-0.085326,-0.034782,0.052055,0.149279,0.442974,-0.03774,-0.45132,0.117554
1.44,-0.058572,0.01906,-0.412875,0.420428,0.533271,0.208744,0.276126,0.163395,0.012094,-0.027876,-0.029261,0.318524,0.428176,-0.142764,-0.051936,-0.046495,-0.348703,0.03127,0.352816,0.251594,0.354715,-0.075985,-0.034807,0.043088,0.150357,0.436048,0.007321,-0.425648,0.119144
1.46,0.011818,0.064306,-0.482972,0.376339,0.543644,0.211061,0.288585,0.171787,0.030379,-0.003651,-0.083129,0.289338,0.45276,-0.240937,-0.062351,-0.062776,-0.348901,0.099779,0.390274,0.248758,0.3513,-0.054097,-0.032476,0.033531,0.144483,0.425502,0.044071,-0.376931,0.120235
1.48,0.067669,0.077763,-0.552305,0.251804,0.561409,0.215073,0.290657,0.174312,0.04941,0.011385,-0.143467,0.279253,0.461223,-0.360386,-0.065352,-0.070153,-0.358209,0.161642,0.424613,0.243425,0.349066,-0.024876,-0.027314,0.026049,0.130601,0.411982,0.076328,-0.324967,0.120602
1.5,0.081046,0.046166,-0.610804,0.039171,0.548269,0.234724,0.278933,0.140254,0.060726,0.075404,-0.207166,0.261442,0.463519,-0.464742,-0.059409,-0.070054,-0.378357,0.206046,0.455402,0.23691,0.348496,0.006876,-0.01932,0.021997,0.107551,0.396789,0.102966,-0.282917,0.12037
1.52,0.052814,-0.081627,-0.623201,-0.218084,0.494756,0.255591,0.269175,0.080989,0.054851,0.142159,-0.105801,0.241935,0.414117,-0.520407,-0.046183,-0.06681,-0.408793,0.221159,0.481085,0.230891,0.348423,0.036067,-0.009117,0.023929,0.074239,0.380883,0.123803,-0.258383,0.1196
1.54,0.00617,-0.233565,-0.488822,-0.34926,0.37087,0.250401,0.239498,0.062302,0.050843,0.105548,0.119793,0.215706,0.241407,-0.574168,-0.030295,-0.066842,-0.445902,0.199039,0.4979,0.226589,0.348355,0.057822,0.001349,0.033209,0.037028,0.364813,0.13393,-0.246505,0.118353
1.56,-0.007704,-0.304941,-0.337126,-0.362006,0.298709,0.226255,0.234931,0.041354,0.043502,0.061814,0.223075,0.237089,-0.049416,-0.539633,-0.016826,-0.076823,-0.477724,0.143381,0.499859,0.224448,0.346826,0.071603,0.010343,0.044185,0.012556,0.345769,0.124313,-0.243644,0.117023
1.58,0.085492,-0.212418,-0.334114,-0.33995,0.316873,0.205385,0.251262,-0.027018,0.005335,0.079807,0.166389,0.272801,-0.262797,-0.500067,-0.00761,-0.095982,-0.491452,0.072015,0.487911,0.223904,0.342524,0.078966,0.017435,0.052337,0.007662,0.323812,0.091224,-0.250939,0.115456
1.6,0.076597,-0.074955,-0.354642,-0.420971,0.238863,0.255624,0.258553,-0.073963,-0.015717,0.079909,0.101585,0.267637,-0.363626,-0.499089,0.00199,-0.109322,-0.486012,0.021892,0.482377,0.223651,0.341098,0.079134,0.023054,0.059433,0.019038,0.306756,0.046692,-0.274474,0.116481
1.62,0.011055,0.016399,-0.384022,-0.480193,0.217525,0.29512,0.257891,-0.100068,-0.024804,0.059419,0.040182,0.289734,-0.402716,-0.527921,0.009837,-0.11727,-0.47562,-0.014361,0.459554,0.223526,0.340525,0.06945,0.024669,0.066655,0.039599,0.294565,-0.008473,-0.307401,0.118191
1.64,-0.022096,0.093593,-0.411281,-0.488228,0.235844,0.292001,0.287475,-0.119417,-0.042698,0.057406,-0.005641,0.334806,-0.384808,-0.541386,0.014443,-0.117027,-0.465875,-0.048517,0.419517,0.225131,0.339786,0.05251,0.023264,0.071779,0.059882,0.288102,-0.070692,-0.344429,0.119487
1.66,-0.042333,0.160748,-0.430073,-0.466444,0.255675,0.273479,0.323269,-0.129098,-0.060064,0.058323,-0.035742,0.400637,-0.325972,-0.527685,0.014321,-0.107091,-0.458233,-0.083222,0.374237,0.228915,0.339588,0.031006,0.018957,0.074401,0.07468,0.288256,-0.131846,-0.382159,0.120201
1.68,-0.049603,0.202031,-0.400682,-0.441694,0.310674,0.251663,0.346462,-0.142804,-0.068249,0.04679,-0.019417,0.482848,-0.211522,-0.507192,0.010456,-0.086354,-0.452652,-0.115742,0.330327,0.233459,0.34109,0.007343,0.011774,0.075057,0.081898,0.297162,-0.183401,-0.416536,0.120212
1.7,-0.059255,0.151906,-0.324515,-0.395586,0.390896,0.233612,0.334343,-0.145531,-0.073722,0.016488,0.101491,0.563953,-0.035854,-0.455513,0.003782,-0.055338,-0.446478,-0.142458,0.294825,0.237179,0.345496,-0.016645,0.002588,0.074734,0.08375,0.316971,-0.216624,-0.444371,0.119678
1.72,-0.064789,-0.085165,-0.247184,-0.269735,0.487906,0.237409,0.302021,-0.130861,-0.086563,0.018503,0.329782,0.565502,0.224936,-0.369025,-0.005073,-0.021528,-0.434754,-0.160074,0.275852,0.239099,0.351648,-0.039506,-0.00733,0.071978,0.087278,0.347884,-0.223221,-0.462406,0.118928
1.74,-0.04967,-0.240889,-0.252839,0.030988,0.548163,0.273702,0.272784,-0.085645,-0.071618,0.049183,0.348644,0.485559,0.3929,-0.377151,-0.014154,1.5e-05,-0.41519,-0.159933,0.270472,0.23929,0.356695,-0.06008,-0.017431,0.066551,0.103163,0.385561,-0.195654,-0.466825,0.118109
1.76,-0.081438,-0.170577,-0.349569,0.249879,0.552303,0.284595,0.245447,-0.034459,-0.016668,0.033784,0.229142,0.377591,0.378103,-0.325209,-0.021988,0.002155,-0.390098,-0.131264,0.274362,0.239831,0.357798,-0.076205,-0.026342,0.061236,0.130349,0.420835,-0.134877,-0.461773,0.116546
1.78,-0.118389,-0.104284,-0.366969,0.353815,0.556587,0.229502,0.257527,0.048516,-0.008136,-0.024589,0.168931,0.320313,0.390832,-0.192973,-0.03046,-0.010217,-0.367766,-0.07971,0.293125,0.244924,0.356743,-0.085553,-0.031914,0.056237,0.147098,0.43969,-0.072535,-0.457511,0.11635
1.8,-0.09912,-0.036937,-0.385456,0.414032,0.54112,0.208296,0.266821,0.132816,-0.005936,-0.044607,0.038789,0.323207,0.406199,-0.129434,-0.042598,-0.0311,-0.354817,-0.018988,0.326572,0.249774,0.354959,-0.085343,-0.033971,0.049364,0.152616,0.439825,-0.023732,-0.447351,0.118054
1.82,-0.038548,0.033226,-0.432087,0.414434,0.534919,0.209902,0.279601,0.167866,0.014954,-0.018099,-0.044406,0.299885,0.438979,-0.174218,-0.055983,-0.051609,-0.350098,0.048692,0.364759,0.249969,0.351707,-0.072006,-0.033749,0.039759,0.152388,0.431566,0.017273,-0.412675,0.119634
1.84,0.026723,0.070614,-0.504405,0.351245,0.548263,0.212385,0.290284,0.17407,0.034174,-0.003469,-0.082049,0.279489,0.453844,-0.277517,-0.06504,-0.065582,-0.353107,0.116485,0.401494,0.246397,0.348707,-0.047372,-0.031109,0.030534,0.145161,0.419661,0.052109,-0.361438,0.120574
1.86,0.071169,0.075007,-0.565692,0.209381,0.558204,0.221137,0.288291,0.168464,0.052093,0.022021,-0.154878,0.270203,0.4628,-0.394948,-0.065846,-0.070596,-0.365502,0.174883,0.434737,0.24076,0.347264,-0.016777,-0.025593,0.023811,0.129957,0.404979,0.082502,-0.311744,0.120823
1.88,0.071768,0.031049,-0.615018,-0.017161,0.53713,0.242287,0.275579,0.126714,0.060903,0.093214,-0.199537,0.256514,0.461218,-0.480159,-0.057906,-0.069284,-0.388372,0.213067,0.463926,0.234416,0.347064,0.014967,-0.017263,0.020997,0.105476,0.389059,0.106969,-0.274137,0.120525
1.9,0.038431,-0.102663,-0.612763,-0.248009,0.468892,0.260724,0.263895,0.074206,0.052493,0.144584,-0.062489,0.23747,0.397525,-0.531084,-0.043847,-0.065989,-0.420402,0.22016,0.487157,0.229061,0.347019,0.042673,-0.006956,0.024708,0.07104,0.372897,0.12572,-0.253661,0.119685
1.92,-0.000483,-0.252703,-0.463937,-0.355933,0.350904,0.24978,0.233285,0.062526,0.050315,0.094008,0.14351,0.205602,0.212536,-0.575967,-0.028549,-0.06697,-0.457221,0.190503,0.500176,0.225804,0.346895,0.062402,0.003207,0.035192,0.035618,0.356685,0.132757,-0.244241,0.118446
1.94,0.008312,-0.286006,-0.342506,-0.350833,0.293466,0.222633,0.23684,0.038625,0.040482,0.059795,0.221107,0.2367,-0.089266,-0.528254,-0.016308,-0.078704,-0.486211,0.130071,0.4982,0.224596,0.344818,0.074458,0.011738,0.046004,0.014076,0.337143,0.120259,-0.243667,0.11704
1.96,0.088325,-0.200526,-0.325751,-0.350486,0.324845,0.204157,0.251612,-0.034673,0.003908,0.082742,0.147755,0.28483,-0.281403,-0.498615,-0.007113,-0.098727,-0.497153,0.057995,0.483612,0.224501,0.340053,0.080317,0.01833,0.053198,0.011783,0.31454,0.083669,-0.251988,0.11543
1.98,0.066659,-0.062026,-0.368197,-0.426341,0.233036,0.268572,0.252477,-0.077148,-0.018207,0.076895,0.087244,0.270545,-0.366739,-0.500989,0.002348,-0.111918,-0.4905,0.010807,0.475603,0.223918,0.338933,0.079129,0.023557,0.060025,0.024928,0.298203,0.036271,-0.275862,0.11662
2.0,-0.007904,0.019048,-0.372377,-0.481643,0.221727,0.291044,0.26106,-0.100069,-0.024094,0.049648,0.037194,0.313904,-0.405542,-0.535752,0.009602,-0.119171,-0.480262,-0.023506,0.450604,0.223716,0.338406,0.068269,0.024762,0.06703,0.045063,0.287708,-0.020377,-0.308935,0.118348
2.02,-0.026536,0.091954,-0.422134,-0.472755,0.230991,0.29326,0.29043,-0.12156,-0.045976,0.061839,-0.009568,0.34318,-0.375949,-0.541447,0.012984,-0.117802,-0.469505,-0.057487,0.411858,0.225479,0.337759,0.050948,0.023133,0.071303,0.063994,0.284103,-0.082639,-0.346426,0.119591
2.04,-0.038422,0.160815,-0.431044,-0.460016,0.260557,0.270434,0.329976,-0.129986,-0.06239,0.061989,-0.039028,0.403914,-0.31483,-0.523018,0.012305,-0.107106,-0.461075,-0.089993,0.365853,0.229193,0.337679,0.029171,0.018543,0.073167,0.077195,0.287514,-0.142564,-0.384436,0.120215
2.06,-0.046706,0.194719,-0.385126,-0.439107,0.319829,0.244473,0.351405,-0.143953,-0.066889,0.041505,-0.015008,0.500281,-0.206327,-0.509176,0.008259,-0.085909,-0.454406,-0.120629,0.324008,0.233897,0.339783,0.005441,0.011032,0.073701,0.083034,0.298908,-0.191574,-0.418502,0.120228
2.08,-0.063587,0.137293,-0.321116,-0.384722,0.388165,0.238498,0.327675,-0.139823,-0.076372,0.019091,0.109848,0.56184,-0.017502,-0.454173,0.001316,-0.055021,-0.446377,-0.146029,0.292293,0.237496,0.345095,-0.01856,0.00174,0.073195,0.084164,0.320867,-0.221854,-0.445991,0.119759
2.1,-0.065299,-0.104971,-0.250945,-0.256017,0.489668,0.239399,0.296218,-0.125162,-0.091166,0.023579,0.335966,0.55775,0.233609,-0.359993,-0.00728,-0.021647,-0.433267,-0.161682,0.274259,0.239105,0.351507,-0.041087,-0.008298,0.07031,0.087644,0.353232,-0.225507,-0.463627,0.118953
2.12,-0.050391,-0.239022,-0.254293,0.041213,0.548167,0.275758,0.268746,-0.082067,-0.070595,0.050129,0.343393,0.489229,0.390847,-0.374723,-0.016068,-0.001344,-0.412848,-0.159502,0.269369,0.239345,0.356245,-0.060936,-0.018677,0.065233,0.103873,0.390968,-0.195168,-0.467209,0.118102
2.14,-0.083215,-0.164318,-0.353818,0.250743,0.553652,0.283561,0.245141,-0.034859,-0.014841,0.0325,0.229498,0.37665,0.372017,-0.325148,-0.023635,-0.000435,-0.387385,-0.128839,0.273713,0.240186,0.356933,-0.076223,-0.027727,0.060427,0.131147,0.425838,-0.132687,-0.461264,0.116512
2.16,-0.118509,-0.09899,-0.369699,0.352983,0.557007,0.22696,0.256171,0.049214,-0.008265,-0.026905,0.167393,0.321344,0.386309,-0.19529,-0.031965,-0.013369,-0.365229,-0.076071,0.292882,0.245399,0.355695,-0.084996,-0.033184,0.055726,0.14784,0.444322,-0.070308,-0.456529,0.116335
2.18,-0.097818,-0.034465,-0.390106,0.412237,0.542389,0.206096,0.265556,0.132261,-0.006684,-0.045607,0.041361,0.322827,0.40116,-0.131143,-0.04398,-0.034002,-0.352851,-0.015036,0.32666,0.250061,0.353837,-0.08461,-0.035058,0.048915,0.153452,0.444067,-0.021935,-0.44689,0.118067
2.2,-0.037164,0.035246,-0.433814,0.411216,0.535449,0.209887,0.277961,0.168701,0.01475,-0.018328,-0.04507,0.303099,0.432927,-0.172307,-0.057152,-0.05383,-0.348831,0.052321,0.36512,0.250037,0.350501,-0.071224,-0.034751,0.039469,0.153426,0.435096,0.018729,-0.413608,0.119676
2.22,0.027368,0.071931,-0.503629,0.346573,0.547925,0.212772,0.288818,0.1748,0.033998,-0.002467,-0.081993,0.283967,0.446843,-0.272795,-0.065868,-0.06701,-0.352398,0.1194,0.402041,0.246289,0.347389,-0.046538,-0.032007,0.030411,0.146345,0.422579,0.052962,-0.363221,0.120636
2.24,0.071732,0.075605,-0.563219,0.207056,0.558287,0.221645,0.286475,0.166291,0.051061,0.025639,-0.152793,0.273668,0.455829,-0.387354,-0.066338,-0.071313,-0.365209,0.176787,0.435335,0.240617,0.345829,-0.015846,-0.026358,0.024008,0.131287,0.407556,0.08257,-0.313769,0.120899
2.26,0.070603,0.031249,-0.611683,-0.014122,0.537378,0.241443,0.27402,0.1255,0.059211,0.094308,-0.196221,0.260451,0.454704,-0.471842,-0.05809,-0.069482,-0.388208,0.213977,0.464491,0.234389,0.345586,0.015798,-0.017941,0.021611,0.106941,0.391355,0.106411,-0.276074,0.120597
2.28,0.039469,-0.101407,-0.612177,-0.240457,0.471338,0.259911,0.262514,0.073253,0.050958,0.145459,-0.064768,0.240594,0.396463,-0.524575,-0.043884,-0.06581,-0.42006,0.220572,0.487671,0.22918,0.345533,0.043278,-0.007647,0.025707,0.072738,0.374982,0.124587,-0.255149,0.119755
2.3,0.001747,-0.252453,-0.468131,-0.352265,0.350576,0.251317,0.232128,0.060637,0.048875,0.096798,0.14256,0.212717,0.213574,-0.568111,-0.028532,-0.066506,-0.456543,0.191102,0.500774,0.226015,0.345363,0.062681,0.002431,0.036596,0.036621,0.35874,0.132021,-0.245803,0.118441
2.32,0.010219,-0.289398,-0.346617,-0.347697,0.291722,0.223253,0.236487,0.037045,0.040053,0.060988,0.223531,0.237173,-0.081624,-0.527053,-0.016107,-0.078206,-0.485628,0.13111,0.498855,0.224971,0.343284,0.074337,0.010839,0.047691,0.01418,0.339273,0.11977,-0.244555,0.117023
2.34,0.087451,-0.20276,-0.33174,-0.343504,0.321182,0.205832,0.251822,-0.0323,0.004271,0.081969,0.151245,0.2837,-0.275156,-0.497707,-0.006643,-0.09833,-0.496975,0.059327,0.484083,0.224918,0.338548,0.079766,0.017338,0.054966,0.011271,0.316604,0.083787,-0.252456,0.115439
2.36,0.08236,-0.070035,-0.367012,-0.418127,0.239371,0.263603,0.257208,-0.080077,-0.016996,0.082074,0.089582,0.26538,-0.361822,-0.498706,0.003559,-0.111386,-0.490263,0.011774,0.476309,0.224553,0.337376,0.078624,0.022584,0.061489,0.024146,0.300214,0.03717,-0.27598,0.116613
2.38,0.001855,0.016594,-0.368755,-0.480349,0.227113,0.290499,0.262625,-0.097847,-0.022531,0.051396,0.037958,0.308467,-0.403766,-0.532585,0.01214,-0.118629,-0.479727,-0.022559,0.452137,0.224425,0.337011,0.067753,0.023925,0.068397,0.04429,0.289232,-0.01868,-0.308673,0.11833
2.4,-0.018108,0.09119,-0.418949,-0.474472,0.233403,0.293369,0.289607,-0.121214,-0.044799,0.062868,-0.00879,0.338237,-0.377381,-0.540116,0.016823,-0.117568,-0.468687,-0.056179,0.414257,0.226054,0.336775,0.050426,0.022561,0.072788,0.063363,0.284792,-0.080352,-0.345723,0.119579
2.42,-0.038632,0.159835,-0.433442,-0.457299,0.252604,0.272473,0.325991,-0.127139,-0.062754,0.063172,-0.037464,0.400045,-0.31594,-0.521321,0.016474,-0.10728,-0.459931,-0.088919,0.37023,0.229763,0.337001,0.028705,0.018291,0.074923,0.07688,0.287212,-0.140004,-0.383402,0.120276
2.44,-0.042806,0.199607,-0.398717,-0.436836,0.312814,0.248618,0.348167,-0.14149,-0.069597,0.047527,-0.018695,0.484578,-0.203508,-0.502463,0.012603,-0.086461,-0.45358,-0.119196,0.327252,0.234334,0.339026,0.005075,0.010977,0.07554,0.082939,0.297753,-0.189267,-0.417216,0.12028
2.46,-0.058606,0.143476,-0.32725,-0.386461,0.38534,0.234946,0.330303,-0.1401,-0.076644,0.020116,0.105143,0.559933,-0.023919,-0.448567,0.005715,-0.055442,-0.446272,-0.145163,0.294839,0.23821,0.343964,-0.018587,0.001637,0.075295,0.084019,0.318394,-0.219841,-0.444217,0.119736
2.48,-0.063798,-0.098166,-0.252214,-0.261927,0.488642,0.237028,0.300496,-0.126945,-0.089713,0.021913,0.332235,0.561364,0.22846,-0.361355,-0.002745,-0.021732,-0.434047,-0.161001,0.275788,0.240016,0.350289,-0.040809,-0.008506,0.072607,0.087327,0.349721,-0.224093,-0.461215,0.11894
2.5,-0.05027,-0.240536,-0.253434,0.035087,0.549647,0.274651,0.273139,-0.084139,-0.070867,0.049266,0.346141,0.487579,0.392415,-0.377882,-0.01161,-0.000839,-0.414429,-0.159215,0.270097,0.240156,0.355346,-0.060543,-0.018866,0.067414,0.103214,0.387206,-0.194639,-0.464597,0.118105
2.52,-0.080681,-0.16727,-0.352284,0.250378,0.553876,0.28449,0.248032,-0.036641,-0.015058,0.034363,0.229218,0.373595,0.377627,-0.328664,-0.019532,0.000593,-0.389551,-0.129173,0.273934,0.240662,0.356496,-0.075912,-0.027858,0.062271,0.130341,0.422193,-0.132756,-0.458995,0.116526
2.54,-0.117474,-0.101839,-0.369124,0.353791,0.557546,0.228854,0.258876,0.047431,-0.00714,-0.025528,0.167809,0.31887,0.390188,-0.196268,-0.028251,-0.012102,-0.367561,-0.076819,0.292808,0.245605,0.355639,-0.084928,-0.033267,0.057292,0.146989,0.440795,-0.070213,-0.454775,0.116333
2.56,-0.098563,-0.036159,-0.389223,0.413554,0.543096,0.206694,0.267418,0.130901,-0.0065,-0.044326,0.040992,0.32091,0.404354,-0.129754,-0.040668,-0.03286,-0.354992,-0.015903,0.326454,0.250264,0.354137,-0.084743,-0.035063,0.050316,0.152493,0.440615,-0.021362,-0.445364,0.118033
2.58,-0.039239,0.034342,-0.43195,0.412615,0.535402,0.209265,0.279167,0.168046,0.014851,-0.017705,-0.044913,0.30168,0.437204,-0.170427,-0.054363,-0.053059,-0.350659,0.051553,0.364914,0.250377,0.351174,-0.071603,-0.034705,0.040775,0.152385,0.431684,0.019701,-0.412171,0.119633
2.6,0.026867,0.072089,-0.502846,0.348519,0.547396,0.21206,0.289428,0.173712,0.034453,-0.000856,-0.085232,0.281329,0.452927,-0.273615,-0.063758,-0.066614,-0.353845,0.118872,0.401871,0.246702,0.348337,-0.047088,-0.031929,0.031659,0.145259,0.419318,0.054289,-0.361541,0.120593
2.62,0.070284,0.075789,-0.565725,0.205803,0.556465,0.220416,0.287324,0.166932,0.051535,0.02484,-0.153184,0.270432,0.46149,-0.391202,-0.064887,-0.071274,-0.366213,0.176584,0.435171,0.241054,0.346924,-0.016592,-0.02624,0.025178,0.130047,0.404318,0.084522,-0.312141,0.120863
2.64,0.069646,0.030213,-0.617071,-0.019642,0.534463,0.241268,0.274775,0.127062,0.059425,0.093225,-0.195638,0.254943,0.459919,-0.476938,-0.057266,-0.069636,-0.388936,0.213946,0.464228,0.23478,0.346708,0.014972,-0.017776,0.022626,0.105438,0.388076,0.109204,-0.274952,0.120562
2.66,0.038128,-0.104493,-0.611586,-0.25162,0.466152,0.261999,0.260412,0.069916,0.051611,0.147688,-0.063301,0.237098,0.395721,-0.529337,-0.043646,-0.066036,-0.420867,0.220269,0.487156,0.229462,0.346658,0.04264,-0.00745,0.026559,0.071129,0.371691,0.127893,-0.254386,0.119715
2.68,0.000552,-0.253305,-0.463643,-0.356819,0.349795,0.248312,0.231375,0.060435,0.050142,0.093324,0.143527,0.202853,0.211645,-0.577888,-0.028633,-0.066947,-0.457671,0.189924,0.499758,0.226243,0.346427,0.062118,0.002677,0.03698,0.035911,0.355295,0.134536,-0.244032,0.118478
2.7,0.011525,-0.284775,-0.341862,-0.350444,0.295642,0.220539,0.237051,0.037717,0.040999,0.059702,0.219634,0.234877,-0.091426,-0.529191,-0.016503,-0.078709,-0.486552,0.12899,0.497434,0.224999,0.344126,0.073815,0.0112,0.047668,0.01448,0.335615,0.121886,-0.242859,0.117065
2.72,0.090777,-0.199586,-0.322539,-0.353705,0.328996,0.202039,0.252254,-0.035683,0.004635,0.083261,0.14605,0.284311,-0.283628,-0.499365,-0.007157,-0.098737,-0.497342,0.056775,0.482809,0.224879,0.339216,0.079398,0.017858,0.054643,0.012171,0.312836,0.085008,-0.25098,0.115447
2.74,0.067279,-0.061858,-0.365388,-0.429356,0.235745,0.267886,0.252964,-0.078435,-0.018343,0.077485,0.085347,0.271427,-0.367904,-0.501311,0.002545,-0.111314,-0.490361,0.009597,0.474985,0.224211,0.338088,0.078073,0.023246,0.061285,0.025585,0.296435,0.037247,-0.274965,0.116651
2.76,-0.000851,0.023189,-0.378554,-0.486858,0.225745,0.294185,0.262363,-0.102815,-0.025891,0.053324,0.033898,0.305965,-0.403088,-0.532625,0.009961,-0.118223,-0.480212,-0.023937,0.44894,0.223696,0.337694,0.067003,0.024555,0.068143,0.045661,0.286092,-0.019828,-0.308221,0.118388
2.78,-0.030642,0.097151,-0.414102,-0.483033,0.24155,0.29231,0.293309,-0.120938,-0.045147,0.055654,-0.010092,0.350641,-0.378168,-0.543978,0.013787,-0.116672,-0.470374,-0.057029,0.408535,0.22511,0.337339,0.049346,0.022868,0.072462,0.064284,0.282375,-0.082337,-0.345696,0.119603
2.8,-0.043768,0.16164,-0.427882,-0.462062,0.264985,0.270643,0.331029,-0.132099,-0.061705,0.05793,-0.036724,0.4142,-0.315737,-0.528178,0.013246,-0.105419,-0.462294,-0.090071,0.363518,0.228629,0.337677,0.027617,0.018266,0.074075,0.077175,0.28596,-0.1424,-0.383834,0.1202
2.82,-0.05618,0.188735,-0.388268,-0.429233,0.307379,0.247007,0.349174,-0.142808,-0.06758,0.044475,-0.0084,0.504569,-0.201556,-0.509687,0.00846,-0.083552,-0.455267,-0.122422,0.324923,0.233374,0.340169,0.004059,0.010842,0.074294,0.08282,0.298109,-0.1915,-0.418424,0.120168
2.84,-0.076396,0.130303,-0.327239,-0.369153,0.364307,0.242595,0.319264,-0.132941,-0.079726,0.027095,0.123135,0.556478,0.001322,-0.444816,-0.000423,-0.052243,-0.446145,-0.150362,0.297932,0.237735,0.345438,-0.019717,0.001627,0.073935,0.083952,0.320847,-0.221491,-0.446417,0.119624
2.86,-0.068145,-0.126499,-0.243255,-0.251427,0.506487,0.242031,0.292427,-0.118722,-0.094363,0.013695,0.35008,0.560426,0.253493,-0.351806,-0.010668,-0.019079,-0.433644,-0.162299,0.273102,0.239453,0.351273,-0.042197,-0.008593,0.071374,0.08834,0.354195,-0.224147,-0.463704,0.11878
2.88,-0.039567,-0.245002,-0.247629,0.0512,0.560713,0.270238,0.27343,-0.083295,-0.062672,0.037063,0.342369,0.481017,0.40601,-0.392568,-0.020617,0.000619,-0.41368,-0.157468,0.265042,0.23976,0.355351,-0.061346,-0.019261,0.066068,0.105713,0.392306,-0.1917,-0.466541,0.117851
2.9,-0.078081,-0.160747,-0.369365,0.258781,0.556446,0.28317,0.24081,-0.046949,-0.004215,0.043882,0.233184,0.362587,0.368565,-0.3231,-0.027923,0.000672,-0.386175,-0.127786,0.27532,0.241213,0.355835,-0.075517,-0.027964,0.060137,0.133687,0.426574,-0.12664,-0.461109,0.116313
2.92,-0.114332,-0.089827,-0.367657,0.377522,0.549228,0.231551,0.248415,0.053892,-0.010833,-0.00268,0.133611,0.337933,0.388812,-0.153619,-0.035442,-0.012015,-0.365472,-0.079139,0.301553,0.247288,0.355148,-0.084398,-0.032987,0.055237,0.145714,0.440868,-0.067871,-0.459925,0.11682
2.94,-0.093494,-0.024582,-0.392301,0.424471,0.539671,0.213917,0.264951,0.125381,-0.00801,-0.014331,0.030793,0.32758,0.400542,-0.108011,-0.046352,-0.032314,-0.354092,-0.01838,0.338232,0.252357,0.352084,-0.083997,-0.03426,0.050332,0.150027,0.439161,-0.018038,-0.447463,0.118338
2.96,-0.028302,0.039711,-0.441083,0.420983,0.541848,0.215308,0.277597,0.15363,0.01232,0.010891,-0.057052,0.299107,0.43454,-0.171895,-0.058238,-0.051606,-0.350766,0.05059,0.376974,0.253208,0.347683,-0.070918,-0.033855,0.044187,0.148561,0.429786,0.023504,-0.409239,0.119683
2.98,0.037839,0.074195,-0.512589,0.346258,0.55952,0.215022,0.28808,0.164656,0.035742,0.021656,-0.106721,0.282747,0.453674,-0.287742,-0.065237,-0.064118,-0.355276,0.119799,0.413296,0.250375,0.343961,-0.047616,-0.031321,0.038278,0.139697,0.416892,0.057757,-0.35442,0.120341
3.0,0.078817,0.071629,-0.578111,0.185373,0.567889,0.223889,0.285505,0.157266,0.056148,0.050005,-0.184174,0.275097,0.464124,-0.411252,-0.064164,-0.068214,-0.369292,0.178678,0.446112,0.245503,0.342219,-0.018832,-0.025844,0.034802,0.122106,0.401293,0.087088,-0.303591,0.120399
3.02,0.077775,-0.006481,-0.630217,-0.080403,0.543802,0.244056,0.278791,0.104906,0.063079,0.125566,-0.196585,0.253829,0.454681,-0.489187,-0.054492,-0.066669,-0.393766,0.215346,0.474929,0.239836,0.341954,0.01107,-0.017247,0.034605,0.094172,0.384905,0.111234,-0.267745,0.119902
3.04,0.034976,-0.151683,-0.591762,-0.293492,0.447499,0.258211,0.26355,0.063205,0.052239,0.137693,0.003474,0.227916,0.348451,-0.552836,-0.039103,-0.065041,-0.427569,0.217257,0.497604,0.234799,0.341931,0.036661,-0.006586,0.041024,0.056773,0.368699,0.12881,-0.24881,0.118855
3.06,-0.008519,-0.287802,-0.39639,-0.374637,0.334171,0.239966,0.235642,0.051644,0.047855,0.069966,0.187809,0.207993,0.126935,-0.575098,-0.023239,-0.069851,-0.464449,0.180687,0.508284,0.231538,0.341872,0.054685,0.003682,0.051782,0.023165,0.351538,0.130901,-0.240073,0.117547
3.08,0.050391,-0.24027,-0.352174,-0.339367,0.297704,0.218648,0.245829,0.007708,0.026241,0.064597,0.206175,0.250196,-0.18128,-0.504688,-0.011533,-0.085947,-0.488775,0.115004,0.502599,0.230148,0.339766,0.065859,0.012028,0.05995,0.007832,0.330037,0.111417,-0.242058,0.11609
3.1,0.096649,-0.142958,-0.33911,-0.391698,0.272269,0.230413,0.265584,-0.061273,6.2e-05,0.085974,0.145763,0.272065,-0.336455,-0.486963,-0.001084,-0.101846,-0.493186,0.051886,0.492774,0.229852,0.337462,0.070621,0.018809,0.065017,0.01078,0.309468,0.072296,-0.256809,0.115671
3.12,0.037605,-0.0221,-0.369026,-0.468936,0.225496,0.284798,0.258057,-0.090149,-0.017593,0.062266,0.067813,0.27645,-0.395349,-0.515786,0.008158,-0.111759,-0.48488,0.008939,0.478886,0.22937,0.337276,0.066422,0.023237,0.070357,0.028581,0.294825,0.021911,-0.285385,0.117352
3.14,-0.009665,0.043926,-0.393023,-0.486885,0.23049,0.299836,0.273544,-0.116123,-0.030343,0.053712,0.019413,0.317634,-0.400286,-0.541517,0.014463,-0.115053,-0.475241,-0.027795,0.44462,0.229526,0.337106,0.053515,0.023872,0.074667,0.05022,0.285713,-0.038719,-0.320817,0.1189
3.16,-0.030345,0.122649,-0.418954,-0.478846,0.256274,0.287885,0.312241,-0.127252,-0.051202,0.057456,-0.023127,0.367773,-0.359818,-0.539618,0.016616,-0.109958,-0.466692,-0.063518,0.398593,0.231614,0.337048,0.034867,0.021671,0.07635,0.068283,0.283663,-0.102427,-0.359351,0.11986
3.18,-0.040464,0.184581,-0.415492,-0.459483,0.292219,0.264435,0.345778,-0.139287,-0.065271,0.052098,-0.036802,0.44424,-0.282385,-0.523588,0.014881,-0.095105,-0.459692,-0.097644,0.352067,0.235331,0.338454,0.012959,0.016405,0.076525,0.079452,0.289389,-0.160367,-0.396895,0.12021
3.2,-0.053196,0.20032,-0.369274,-0.429154,0.343975,0.246973,0.347422,-0.14642,-0.073306,0.035029,0.017928,0.52389,-0.146945,-0.494878,0.009437,-0.069712,-0.452795,-0.128985,0.314523,0.239422,0.3428,-0.010129,0.008387,0.07642,0.083522,0.304736,-0.204209,-0.429607,0.120001
3.22,-0.070442,0.045395,-0.280574,-0.352669,0.426772,0.23812,0.318324,-0.132685,-0.082045,0.012287,0.194265,0.581444,0.081559,-0.418614,0.001545,-0.036021,-0.443821,-0.152322,0.286405,0.241929,0.349537,-0.032949,-0.001388,0.07495,0.084666,0.331119,-0.226189,-0.454495,0.119333
3.24,-0.060212,-0.200025,-0.243177,-0.138601,0.524453,0.257829,0.28595,-0.108747,-0.091979,0.042612,0.393153,0.518376,0.326556,-0.352892,-0.007709,-0.007526,-0.427498,-0.162688,0.273259,0.242739,0.356248,-0.053497,-0.011749,0.070477,0.091759,0.367112,-0.217758,-0.467369,0.118619
3.26,-0.055829,-0.215333,-0.279594,0.156187,0.549514,0.284129,0.260951,-0.0508,-0.044252,0.042048,0.269908,0.455392,0.396743,-0.357108,-0.016732,0.003907,-0.405001,-0.149595,0.270098,0.242799,0.35978,-0.070819,-0.022239,0.065044,0.113807,0.404686,-0.173626,-0.466863,0.117498
3.28,-0.109297,-0.144375,-0.392084,0.276338,0.559189,0.269598,0.260098,-0.043662,0.008236,0.015797,0.276438,0.320699,0.387729,-0.311232,-0.024745,-0.002018,-0.378403,-0.107716,0.279942,0.245416,0.359073,-0.081922,-0.029962,0.059945,0.138966,0.43462,-0.105369,-0.459276,0.115973
3.3,-0.106115,-0.077799,-0.370184,0.400158,0.548928,0.220534,0.258622,0.087376,-0.011413,-0.036003,0.06695,0.325866,0.410344,-0.153021,-0.035198,-0.018605,-0.360807,-0.054288,0.308138,0.251651,0.358493,-0.087728,-0.033492,0.05415,0.148919,0.443012,-0.051461,-0.457203,0.117148
3.32,-0.083989,-0.000314,-0.395837,0.420615,0.530383,0.208214,0.273639,0.160312,0.003365,-0.036052,-0.000412,0.334786,0.409962,-0.110341,-0.048372,-0.040405,-0.352279,0.008842,0.345501,0.254864,0.355889,-0.083136,-0.033855,0.046288,0.152567,0.4376,-0.003592,-0.440095,0.118773
3.34,-0.007519,0.054529,-0.452122,0.39433,0.529824,0.211064,0.288835,0.175675,0.025171,-0.002836,-0.093142,0.29533,0.455537,-0.216494,-0.060438,-0.058369,-0.351095,0.077615,0.383381,0.253047,0.352141,-0.064315,-0.032449,0.035872,0.149033,0.428308,0.03438,-0.392373,0.119887
3.36,0.057553,0.08065,-0.539687,0.29543,0.555094,0.209609,0.297539,0.184963,0.046338,-0.004491,-0.121122,0.272758,0.468866,-0.347863,-0.065918,-0.068647,-0.357557,0.142683,0.417673,0.247969,0.349645,-0.0361,-0.02834,0.026742,0.137278,0.41579,0.06643,-0.335734,0.120388
3.38,0.078997,0.059663,-0.60176,0.106045,0.554367,0.228111,0.289007,0.164356,0.060236,0.035257,-0.187241,0.262631,0.46689,-0.455138,-0.062305,-0.070486,-0.374176,0.193371,0.448337,0.241209,0.349118,-0.003623,-0.021211,0.020988,0.116327,0.400528,0.094936,-0.290894,0.120355
3.4,0.06588,-0.04678,-0.630316,-0.164854,0.521003,0.252482,0.279872,0.102853,0.060615,0.126432,-0.157098,0.238418,0.442339,-0.511248,-0.050726,-0.067754,-0.401862,0.218021,0.474783,0.234353,0.349102,0.028326,-0.011505,0.019759,0.085601,0.384142,0.117712,-0.263508,0.119842
3.42,0.010043,-0.181997,-0.533299,-0.324434,0.403577,0.260891,0.251953,0.073558,0.053269,0.124085,0.06612,0.225947,0.296353,-0.567032,-0.034914,-0.066753,-0.437901,0.206218,0.49433,0.228939,0.349098,0.054078,-0.00074,0.025889,0.048641,0.367511,0.131427,-0.249631,0.118843
3.44,-0.027616,-0.30786,-0.347798,-0.370808,0.308721,0.236079,0.231669,0.053484,0.047593,0.065546,0.203101,0.226003,0.039327,-0.559117,-0.02067,-0.073198,-0.472198,0.158728,0.500501,0.22592,0.348224,0.071564,0.009013,0.036548,0.01991,0.349614,0.12848,-0.245022,0.117548
3.46,0.057251,-0.211797,-0.349814,-0.328016,0.301427,0.217196,0.244979,-0.006541,0.013929,0.07442,0.184622,0.273013,-0.231584,-0.499113,-0.011714,-0.091555,-0.49019,0.088186,0.490493,0.225159,0.344346,0.081646,0.016656,0.045156,0.01018,0.32777,0.102167,-0.249879,0.115897
3.48,0.102746,-0.129159,-0.323047,-0.407923,0.287532,0.228675,0.262376,-0.074524,-0.007273,0.086531,0.106178,0.281036,-0.351597,-0.494606,-0.003602,-0.107578,-0.489938,0.028437,0.479272,0.225185,0.341059,0.084106,0.022315,0.052508,0.018941,0.308,0.056458,-0.265858,0.115694
3.5,-0.008947,0.003221,-0.334955,-0.50039,0.260715,0.285274,0.255054,-0.079736,-0.019794,0.035428,0.047978,0.316966,-0.410664,-0.538343,0.004132,-0.116291,-0.481688,-0.005851,0.458144,0.223954,0.340726,0.075989,0.025089,0.060987,0.038829,0.29483,0.001912,-0.29497,0.117609
3.52,-0.031872,0.047699,-0.409641,-0.479104,0.230777,0.302424,0.271111,-0.119565,-0.041538,0.059646,0.004786,0.330688,-0.39389,-0.549527,0.008943,-0.11725,-0.469883,-0.040783,0.426232,0.223731,0.340327,0.061124,0.024583,0.066355,0.059017,0.288953,-0.060574,-0.331429,0.119187
3.54,-0.052306,0.11669,-0.429256,-0.465846,0.239095,0.2842,0.312524,-0.119863,-0.059375,0.064067,-0.029513,0.373979,-0.344511,-0.529924,0.008618,-0.11024,-0.460327,-0.07484,0.383848,0.226169,0.340166,0.040626,0.020961,0.068955,0.074303,0.289888,-0.123556,-0.370731,0.120209
3.56,-0.05601,0.174909,-0.417465,-0.446175,0.281545,0.262129,0.343504,-0.129508,-0.067593,0.054939,-0.035769,0.447533,-0.257266,-0.511343,0.004376,-0.094382,-0.453506,-0.10723,0.339767,0.230687,0.34115,0.017203,0.014129,0.070275,0.082322,0.297651,-0.178336,-0.407354,0.120542
3.58,-0.06235,0.189395,-0.357826,-0.425509,0.353522,0.241458,0.343389,-0.137582,-0.072052,0.028442,0.026952,0.529456,-0.120206,-0.483916,-0.002553,-0.068677,-0.447389,-0.13518,0.301211,0.235325,0.344772,-0.006574,0.004998,0.070509,0.084137,0.314168,-0.217151,-0.437575,0.120257
3.6,-0.0719,0.008863,-0.267893,-0.343778,0.448832,0.235827,0.315137,-0.129898,-0.080426,0.011187,0.21638,0.583539,0.113471,-0.406549,-0.010991,-0.034946,-0.438425,-0.156026,0.274332,0.238219,0.350596,-0.029256,-0.005141,0.069175,0.084487,0.340792,-0.232889,-0.459324,0.11949
3.62,-0.055081,-0.216868,-0.238433,-0.114038,0.534155,0.261318,0.279692,-0.107779,-0.087926,0.044527,0.39412,0.519541,0.336318,-0.352957,-0.020221,-0.007753,-0.421159,-0.165377,0.266714,0.239479,0.356357,-0.049571,-0.015235,0.065127,0.092117,0.376044,-0.217593,-0.468955,0.118657
3.64,-0.058473,-0.20139,-0.28407,0.168618,0.547172,0.285338,0.254239,-0.047772,-0.037478,0.040558,0.25832,0.457296,0.386204,-0.34994,-0.02816,0.001038,-0.397566,-0.149385,0.266981,0.239701,0.358798,-0.067146,-0.02499,0.060513,0.115012,0.412563,-0.167987,-0.466097,0.11749
3.66,-0.116431,-0.132259,-0.396565,0.273569,0.560751,0.263367,0.259883,-0.037779,0.008278,0.004119,0.265189,0.320956,0.380607,-0.314605,-0.034599,-0.00716,-0.371146,-0.103628,0.276779,0.242406,0.357022,-0.078702,-0.031676,0.056219,0.140463,0.441559,-0.09758,-0.456884,0.115908
3.68,-0.109242,-0.069606,-0.371572,0.393043,0.54658,0.214838,0.256994,0.094299,-0.010545,-0.048922,0.062895,0.332932,0.40381,-0.15524,-0.043861,-0.024602,-0.355024,-0.047781,0.304193,0.248229,0.356253,-0.084773,-0.034389,0.050543,0.150341,0.449403,-0.044708,-0.454495,0.11716
3.7,-0.085551,0.004084,-0.393966,0.408461,0.524626,0.204741,0.274749,0.166009,0.006432,-0.04854,0.000317,0.3434,0.406456,-0.114204,-0.056013,-0.045798,-0.348191,0.015741,0.341342,0.250834,0.353659,-0.079986,-0.034497,0.042037,0.153811,0.443724,0.001597,-0.437751,0.118857
3.72,-0.006363,0.057564,-0.455325,0.386679,0.527883,0.21038,0.287806,0.173235,0.024201,-0.009306,-0.079411,0.296071,0.448511,-0.210807,-0.067283,-0.062837,-0.348029,0.083107,0.379074,0.248927,0.35027,-0.060706,-0.032687,0.031672,0.150526,0.43398,0.038561,-0.393245,0.120175
3.74,0.057449,0.080502,-0.533293,0.285858,0.552265,0.214177,0.290287,0.180406,0.043679,-0.002081,-0.118018,0.281564,0.454246,-0.328614,-0.071946,-0.07153,-0.355155,0.146049,0.413382,0.244082,0.347964,-0.032317,-0.028288,0.023026,0.139192,0.421053,0.071003,-0.340442,0.120759
3.76,0.080082,0.064163,-0.590481,0.102108,0.54935,0.22952,0.279772,0.157466,0.057949,0.047684,-0.193248,0.268555,0.459793,-0.439418,-0.067366,-0.072068,-0.372286,0.194613,0.444173,0.237768,0.347338,-0.000138,-0.021152,0.017645,0.118869,0.405805,0.098258,-0.294901,0.120705
3.78,0.063732,-0.041501,-0.626289,-0.15966,0.515994,0.248293,0.272791,0.10222,0.058844,0.127787,-0.15675,0.248729,0.438788,-0.501607,-0.054608,-0.068219,-0.399774,0.217539,0.470662,0.231519,0.347266,0.030841,-0.011616,0.017074,0.088357,0.389518,0.119642,-0.265241,0.120096
3.8,0.009855,-0.177354,-0.538722,-0.3174,0.401375,0.26067,0.247187,0.069759,0.049902,0.129499,0.064235,0.244071,0.297933,-0.552634,-0.03794,-0.066405,-0.43519,0.204905,0.490173,0.226676,0.34722,0.055484,-0.0011,0.024413,0.050747,0.372974,0.133112,-0.250703,0.118978
3.82,-0.022278,-0.304301,-0.36161,-0.364983,0.304623,0.236367,0.226839,0.045697,0.046049,0.071082,0.206314,0.233124,0.0549,-0.559054,-0.023049,-0.072241,-0.469494,0.157551,0.496398,0.224033,0.346167,0.072021,0.008305,0.036428,0.021166,0.356128,0.129743,-0.244415,0.117577
3.84,0.056966,-0.21529,-0.353421,-0.323381,0.303699,0.213343,0.243408,-0.006313,0.015549,0.074529,0.185903,0.270233,-0.216923,-0.502504,-0.013247,-0.090049,-0.488556,0.087601,0.486483,0.223623,0.342091,0.080907,0.015581,0.04628,0.010644,0.335421,0.103307,-0.248105,0.115923
3.86,0.097423,-0.129096,-0.325737,-0.401212,0.289061,0.226281,0.261135,-0.069358,-0.005747,0.086057,0.109806,0.281605,-0.345487,-0.495863,-0.004077,-0.106286,-0.489109,0.027899,0.476064,0.223738,0.338594,0.082618,0.021096,0.054286,0.01863,0.316044,0.058244,-0.263843,0.115726
3.88,0.013924,-0.001112,-0.349728,-0.493605,0.259712,0.282154,0.25541,-0.084306,-0.019838,0.042677,0.048782,0.298759,-0.403387,-0.532358,0.004094,-0.115014,-0.481187,-0.006201,0.455919,0.222477,0.338206,0.074499,0.024013,0.062868,0.038064,0.302454,0.004575,-0.293121,0.117623
3.9,-0.02691,0.04004,-0.408817,-0.475882,0.227146,0.30043,0.268966,-0.114661,-0.038798,0.058435,0.00754,0.323994,-0.392097,-0.543776,0.009597,-0.116514,-0.470306,-0.04125,0.425789,0.222317,0.337856,0.05944,0.023697,0.068625,0.058098,0.294548,-0.057039,-0.329522,0.119143
3.92,-0.04472,0.118785,-0.429948,-0.465786,0.239927,0.283818,0.310491,-0.118063,-0.057476,0.063983,-0.028464,0.365916,-0.344084,-0.527069,0.010289,-0.110151,-0.46145,-0.075022,0.38434,0.224814,0.337734,0.039087,0.020434,0.071351,0.073451,0.293305,-0.11951,-0.36845,0.120123
3.94,-0.047451,0.179425,-0.417014,-0.449105,0.284703,0.259515,0.343591,-0.131077,-0.066819,0.05443,-0.036767,0.44409,-0.260359,-0.510253,0.007181,-0.094812,-0.455041,-0.10676,0.340425,0.229347,0.338818,0.01614,0.014046,0.072483,0.081783,0.298873,-0.174253,-0.40473,0.120449
3.96,-0.056458,0.190662,-0.366331,-0.419199,0.343536,0.240775,0.34339,-0.139184,-0.072633,0.034794,0.02493,0.524329,-0.124315,-0.482052,0.001012,-0.069155,-0.448887,-0.135407,0.303982,0.234123,0.342625,-0.007213,0.005282,0.072648,0.083863,0.313342,-0.213441,-0.434861,0.120166
3.98,-0.070901,0.018559,-0.275631,-0.342918,0.437407,0.233065,0.314393,-0.129253,-0.08152,0.012869,0.21225,0.581185,0.106499,-0.404975,-0.007033,-0.035487,-0.440051,-0.156465,0.277985,0.237248,0.348695,-0.029793,-0.004673,0.071533,0.084365,0.338399,-0.229981,-0.456669,0.119439
4.0,-0.05878,-0.213175,-0.244104,-0.116411,0.53152,0.2587,0.281581,-0.106253,-0.089222,0.044011,0.394283,0.518734,0.335772,-0.352212,-0.015789,-0.007973,-0.423536,-0.164745,0.267831,0.238459,0.354678,-0.050064,-0.014791,0.067589,0.091971,0.372855,-0.215977,-0.466412,0.118664
4.02,-0.059691,-0.205233,-0.286292,0.169077,0.548012,0.284136,0.258135,-0.048499,-0.038937,0.041769,0.260576,0.453316,0.392256,-0.35329,-0.023801,0.001697,-0.400852,-0.148828,0.267115,0.23863,0.357406,-0.067337,-0.024707,0.062818,0.114736,0.409008,-0.167497,-0.463753,0.117495
4.04,-0.115376,-0.135226,-0.398657,0.276425,0.560521,0.265514,0.262044,-0.041921,0.009753,0.009537,0.269521,0.315921,0.386112,-0.314702,-0.030823,-0.005775,-0.374945,-0.103624,0.27734,0.241347,0.356079,-0.078627,-0.031595,0.058299,0.140099,0.437775,-0.097431,-0.455009,0.115907
4.06,-0.108954,-0.071841,-0.372458,0.395891,0.548003,0.216831,0.258601,0.092129,-0.009861,-0.044374,0.063376,0.329295,0.40689,-0.153354,-0.040741,-0.023025,-0.358801,-0.048096,0.305429,0.247386,0.355553,-0.084801,-0.03439,0.052615,0.149997,0.445448,-0.044298,-0.452783,0.117154
4.08,-0.084148,0.003869,-0.394423,0.41188,0.526322,0.205919,0.275145,0.163845,0.006596,-0.042779,-0.002506,0.339434,0.411102,-0.114004,-0.053468,-0.044403,-0.351738,0.015519,0.342937,0.25033,0.353302,-0.080294,-0.034494,0.044273,0.153433,0.439732,0.00206,-0.435475,0.118852
4.1,-0.00695,0.056895,-0.451953,0.384515,0.525544,0.211072,0.28899,0.175298,0.026492,-0.007076,-0.088397,0.299506,0.453038,-0.215207,-0.065056,-0.061538,-0.351361,0.083333,0.38086,0.248563,0.350107,-0.061364,-0.032651,0.033696,0.149856,0.430278,0.039229,-0.389381,0.120062
4.12,0.05628,0.080543,-0.53488,0.284623,0.549618,0.210143,0.295581,0.183476,0.046336,-0.006315,-0.119025,0.27876,0.464032,-0.341829,-0.06989,-0.070619,-0.358163,0.146573,0.415019,0.243749,0.348093,-0.033144,-0.028098,0.024432,0.138118,0.417912,0.070999,-0.334453,0.120579
4.14,0.085306,0.061662,-0.611112,0.104425,0.554231,0.229913,0.286512,0.157838,0.057757,0.042938,-0.188189,0.248971,0.470631,-0.461982,-0.065649,-0.071625,-0.374739,0.195041,0.445377,0.237364,0.347748,-0.000871,-0.020676,0.018577,0.117383,0.40312,0.09857,-0.289822,0.120533
4.16,0.059693,-0.043754,-0.627686,-0.169599,0.519141,0.254743,0.274727,0.103409,0.05913,0.125561,-0.153294,0.246226,0.437694,-0.506816,-0.053115,-0.068246,-0.402613,0.217784,0.471755,0.23106,0.347767,0.030217,-0.010974,0.017634,0.08665,0.38633,0.12085,-0.26355,0.119999
4.18,0.003585,-0.181149,-0.53026,-0.325905,0.39346,0.262601,0.247131,0.070324,0.050865,0.12958,0.069384,0.242396,0.292365,-0.551153,-0.036723,-0.066741,-0.438776,0.204571,0.491417,0.226399,0.347746,0.055098,-0.000418,0.02423,0.049246,0.369307,0.134268,-0.250772,0.118965
4.2,-0.023094,-0.305884,-0.358159,-0.366209,0.297695,0.235488,0.227426,0.044167,0.045779,0.071044,0.209222,0.231368,0.044834,-0.555792,-0.02254,-0.072881,-0.472876,0.156232,0.497322,0.224175,0.346604,0.071935,0.009015,0.035828,0.01996,0.352107,0.13076,-0.245515,0.117604
4.22,0.061027,-0.21104,-0.352373,-0.32592,0.304216,0.213162,0.2449,-0.010811,0.014931,0.076193,0.185856,0.270235,-0.223456,-0.501592,-0.013399,-0.090955,-0.491158,0.085582,0.486568,0.223893,0.342333,0.081043,0.016277,0.045539,0.010013,0.331329,0.103624,-0.248935,0.115924
4.24,0.099386,-0.128165,-0.323902,-0.402955,0.289489,0.227961,0.261246,-0.073748,-0.006095,0.087476,0.106674,0.283232,-0.346265,-0.49664,-0.00439,-0.107213,-0.491041,0.025807,0.47561,0.223969,0.33884,0.082665,0.021715,0.053669,0.018669,0.312175,0.057574,-0.263999,0.115718
4.26,0.005291,-0.002051,-0.338862,-0.494573,0.260942,0.281283,0.255965,-0.08492,-0.019262,0.041633,0.048248,0.309233,-0.40503,-0.536249,0.004162,-0.115837,-0.482324,-0.008578,0.455922,0.222788,0.338449,0.07428,0.02451,0.062508,0.038516,0.299177,0.003191,-0.292906,0.117644
4.28,-0.01863,0.043109,-0.407635,-0.478215,0.232553,0.300704,0.271616,-0.120235,-0.040569,0.064035,0.004378,0.321871,-0.389776,-0.544425,0.009921,-0.117019,-0.470323,-0.042987,0.425052,0.222546,0.338156,0.058994,0.024128,0.068342,0.05868,0.292669,-0.05887,-0.329353,0.119225
4.3,-0.043563,0.112774,-0.427685,-0.465872,0.238956,0.284787,0.311268,-0.118022,-0.058633,0.066443,-0.029429,0.366291,-0.343456,-0.525499,0.010443,-0.110627,-0.46069,-0.076392,0.383781,0.2249,0.338067,0.038095,0.020689,0.07157,0.073968,0.292366,-0.12131,-0.368479,0.120269
4.32,-0.053231,0.173107,-0.419439,-0.445402,0.273458,0.2626,0.341886,-0.12667,-0.067975,0.057469,-0.036327,0.441748,-0.260857,-0.507703,0.006821,-0.095498,-0.453551,-0.108563,0.341524,0.229573,0.339192,0.014667,0.014068,0.073429,0.082102,0.298362,-0.175693,-0.40481,0.120676
4.34,-0.060931,0.192626,-0.365674,-0.424397,0.343969,0.243341,0.343153,-0.135048,-0.072882,0.033329,0.020955,0.521868,-0.124217,-0.480872,0.000231,-0.070454,-0.447567,-0.136434,0.302983,0.234355,0.342815,-0.008843,0.005035,0.073852,0.083866,0.313145,-0.214704,-0.434744,0.120375
4.36,-0.074285,0.015141,-0.273303,-0.340861,0.446075,0.233243,0.318495,-0.129223,-0.079766,0.014007,0.216788,0.585208,0.115851,-0.40078,-0.008009,-0.036538,-0.439331,-0.156783,0.274101,0.237413,0.348664,-0.030999,-0.005133,0.072628,0.084044,0.338327,-0.231156,-0.456284,0.119542
4.38,-0.054938,-0.2204,-0.232251,-0.123179,0.539554,0.255682,0.28689,-0.10996,-0.086467,0.034507,0.397337,0.52656,0.337888,-0.359518,-0.017658,-0.007808,-0.422939,-0.165382,0.264834,0.238733,0.354774,-0.050697,-0.015214,0.068725,0.091701,0.372785,-0.216352,-0.465647,0.118682
4.4,-0.055931,-0.205092,-0.28642,0.167753,0.547611,0.285909,0.255397,-0.0505,-0.03819,0.045822,0.258672,0.456981,0.38725,-0.35098,-0.02618,0.002108,-0.39919,-0.150319,0.266872,0.238957,0.358001,-0.067652,-0.024819,0.063493,0.114745,0.409281,-0.166826,-0.463167,0.117528
4.42,-0.118052,-0.134059,-0.397833,0.274157,0.559157,0.265217,0.258352,-0.037231,0.00784,0.009977,0.265644,0.323153,0.379356,-0.308972,-0.032992,-0.005685,-0.372624,-0.105192,0.277822,0.241713,0.356904,-0.079002,-0.031409,0.058616,0.140392,0.438647,-0.096373,-0.454671,0.115967
4.44,-0.110383,-0.071083,-0.371536,0.393224,0.545614,0.215355,0.2577,0.093632,-0.011476,-0.04481,0.064365,0.331935,0.404493,-0.153225,-0.042687,-0.023158,-0.356536,-0.049464,0.305646,0.247823,0.356243,-0.084971,-0.034116,0.052923,0.150401,0.446695,-0.043268,-0.452348,0.117198
4.46,-0.086266,0.00292,-0.39393,0.409705,0.524161,0.205102,0.275323,0.163982,0.00515,-0.045144,0.002109,0.34152,0.407268,-0.113172,-0.0553,-0.044609,-0.349621,0.014166,0.342804,0.250784,0.353674,-0.08012,-0.034271,0.044636,0.153997,0.441187,0.00311,-0.43542,0.118868
4.48,-0.008078,0.05636,-0.450322,0.384541,0.523527,0.211187,0.289294,0.174917,0.025536,-0.007985,-0.087309,0.299548,0.451497,-0.214573,-0.066837,-0.061775,-0.34941,0.08191,0.38034,0.248972,0.350235,-0.060918,-0.032612,0.033969,0.150663,0.43181,0.039957,-0.389652,0.12007
4.5,0.055751,0.08076,-0.533582,0.286637,0.548733,0.210401,0.295728,0.184571,0.045932,-0.008058,-0.117355,0.278796,0.462789,-0.340447,-0.071627,-0.070908,-0.356381,0.145172,0.414143,0.244097,0.348092,-0.032584,-0.028268,0.024518,0.139185,0.419388,0.071294,-0.334897,0.120587
4.52,0.076042,0.06162,-0.592964,0.104005,0.547611,0.226681,0.287135,0.164546,0.058861,0.032439,-0.181412,0.268632,0.462402,-0.44431,-0.067314,-0.071951,-0.373064,0.193869,0.444266,0.237756,0.347721,-0.000289,-0.021008,0.018452,0.118635,0.404266,0.098829,-0.2909,0.120547
4.54,0.064833,-0.042133,-0.626249,-0.157839,0.517137,0.249742,0.277894,0.105349,0.059997,0.123541,-0.159704,0.243726,0.444212,-0.504587,-0.055067,-0.068548,-0.400288,0.21699,0.470173,0.23138,0.347718,0.031271,-0.011328,0.016878,0.088397,0.387956,0.120585,-0.263439,0.120029
4.56,0.00724,-0.175147,-0.538162,-0.319871,0.401361,0.261812,0.250182,0.0745,0.051454,0.128106,0.059633,0.240465,0.300353,-0.553982,-0.038677,-0.067012,-0.435612,0.204695,0.489403,0.226413,0.347706,0.05657,-0.000665,0.022853,0.051093,0.371308,0.134379,-0.25016,0.118996
4.58,-0.026087,-0.303676,-0.358962,-0.368057,0.304883,0.235688,0.228125,0.048441,0.046536,0.070598,0.202867,0.230289,0.055735,-0.559596,-0.024024,-0.072877,-0.469781,0.157476,0.495564,0.223777,0.346795,0.073749,0.00892,0.034091,0.021252,0.354245,0.131537,-0.244778,0.117642
4.6,0.05588,-0.214874,-0.348976,-0.329515,0.30602,0.212118,0.243658,-0.00525,0.016306,0.074301,0.186584,0.269286,-0.219953,-0.50268,-0.014559,-0.090592,-0.488623,0.087411,0.485691,0.223258,0.342892,0.083235,0.016349,0.043678,0.010491,0.33353,0.105222,-0.248281,0.11599
4.62,0.095846,-0.128124,-0.322325,-0.405965,0.28967,0.226422,0.260342,-0.07069,-0.005925,0.086696,0.10966,0.282097,-0.347019,-0.496771,-0.005626,-0.106816,-0.488929,0.027379,0.47542,0.223242,0.339535,0.085317,0.021947,0.051755,0.018349,0.314238,0.059858,-0.263527,0.115767
4.64,0.002019,-0.000935,-0.337636,-0.498741,0.260885,0.280083,0.254573,-0.084012,-0.019547,0.041412,0.049418,0.307756,-0.406805,-0.536757,0.002744,-0.115501,-0.480496,-0.007487,0.455804,0.221944,0.339132,0.077313,0.024847,0.06059,0.037816,0.300892,0.005689,-0.292603,0.117639
4.66,-0.020971,0.044734,-0.40486,-0.483718,0.232547,0.298759,0.270177,-0.121475,-0.040367,0.062452,0.005406,0.322558,-0.39339,-0.546757,0.008204,-0.116664,-0.468742,-0.042365,0.42492,0.221618,0.338748,0.062157,0.024492,0.066563,0.057985,0.293901,-0.056568,-0.329214,0.119192
4.68,-0.053826,0.115389,-0.426622,-0.470377,0.234825,0.284718,0.307785,-0.116901,-0.058088,0.062181,-0.027977,0.370378,-0.34846,-0.529822,0.008207,-0.110309,-0.459379,-0.076505,0.383914,0.22387,0.338627,0.040976,0.021038,0.070033,0.073399,0.293135,-0.1195,-0.368611,0.120218
4.7,-0.06948,0.176484,-0.42245,-0.44616,0.261778,0.263886,0.336026,-0.123657,-0.068158,0.055078,-0.033714,0.444833,-0.262879,-0.511716,0.003365,-0.095466,-0.452367,-0.109901,0.342571,0.228604,0.339535,0.017126,0.014414,0.071985,0.081662,0.298833,-0.17461,-0.405426,0.120611
4.72,-0.074719,0.194553,-0.370733,-0.421842,0.324032,0.244447,0.33653,-0.132966,-0.07336,0.036571,0.022426,0.51986,-0.12359,-0.48197,-0.005132,-0.070733,-0.445807,-0.139539,0.306092,0.234021,0.342613,-0.006509,0.005386,0.072401,0.083744,0.313619,-0.214278,-0.435965,0.12041
4.74,-0.080743,0.023486,-0.293778,-0.340384,0.426309,0.239051,0.307698,-0.124844,-0.082363,0.022028,0.207149,0.569157,0.111895,-0.394233,-0.015542,-0.03745,-0.4374,-0.161244,0.276673,0.237757,0.347405,-0.028947,-0.004882,0.071405,0.084002,0.33876,-0.231247,-0.457913,0.119588
4.76,-0.051634,-0.220658,-0.217814,-0.153434,0.559747,0.249309,0.291065,-0.114974,-0.083814,0.013159,0.402314,0.535541,0.340874,-0.364694,-0.025609,-0.008979,-0.424274,-0.165918,0.254517,0.238544,0.352131,-0.049378,-0.015341,0.067897,0.091388,0.373065,-0.217457,-0.466924,0.118545
4.78,-0.038192,-0.209086,-0.282577,0.159933,0.557492,0.277186,0.262041,-0.068856,-0.031128,0.045425,0.27066,0.447002,0.400092,-0.372375,-0.033344,0.001964,-0.401181,-0.153107,0.257405,0.238759,0.354907,-0.066204,-0.024932,0.062111,0.11415,0.408974,-0.16803,-0.464303,0.11739
4.8,-0.114408,-0.131898,-0.404297,0.280597,0.557063,0.270248,0.250011,-0.054793,0.012025,0.030118,0.273093,0.320765,0.378457,-0.295031,-0.037978,-0.005163,-0.372816,-0.112408,0.275759,0.241566,0.354207,-0.078233,-0.030958,0.0565,0.140316,0.437398,-0.096366,-0.457027,0.115999
4.82,-0.11654,-0.070043,-0.374932,0.397265,0.542665,0.219576,0.251635,0.082793,-0.013357,-0.024763,0.073243,0.330667,0.398926,-0.136631,-0.045385,-0.022378,-0.355817,-0.058488,0.308252,0.247952,0.353478,-0.086104,-0.033071,0.051668,0.151021,0.444349,-0.041396,-0.454858,0.117286
4.84,-0.071491,0.011371,-0.401541,0.426303,0.530324,0.213765,0.267197,0.143967,0.002057,-0.010509,-0.00973,0.31526,0.424695,-0.129966,-0.056591,-0.043529,-0.348947,0.005354,0.347646,0.251185,0.350522,-0.08311,-0.033132,0.045616,0.155253,0.43882,0.003696,-0.433091,0.119034
4.86,-0.00439,0.057567,-0.469186,0.39706,0.537629,0.215697,0.280538,0.154341,0.019659,0.010357,-0.050925,0.28288,0.446698,-0.223038,-0.066641,-0.060524,-0.349027,0.074914,0.386363,0.249781,0.346713,-0.066399,-0.031665,0.038748,0.152274,0.428687,0.040047,-0.384942,0.120314
4.88,0.053296,0.075643,-0.535595,0.301846,0.557166,0.218605,0.285632,0.158641,0.038159,0.022476,-0.10508,0.271169,0.457166,-0.333394,-0.070143,-0.069008,-0.357099,0.140893,0.421351,0.245639,0.343901,-0.040908,-0.027971,0.033364,0.141707,0.414592,0.072207,-0.331683,0.120861
4.9,0.075135,0.067256,-0.588795,0.124608,0.556166,0.235981,0.274991,0.13666,0.054972,0.07076,-0.189561,0.266285,0.463698,-0.440635,-0.065242,-0.069753,-0.375161,0.192894,0.452407,0.240095,0.342892,-0.011495,-0.021739,0.030784,0.122853,0.398096,0.099052,-0.286669,0.120788
4.92,0.061282,-0.027566,-0.629742,-0.139629,0.523143,0.251598,0.267199,0.082252,0.057801,0.143549,-0.172862,0.247869,0.448065,-0.499665,-0.052811,-0.066282,-0.403035,0.219739,0.478864,0.23476,0.342755,0.017031,-0.01301,0.032262,0.093675,0.380945,0.120071,-0.257312,0.120201
4.94,0.016668,-0.165054,-0.562063,-0.310928,0.412237,0.262231,0.246787,0.052757,0.049134,0.140642,0.046734,0.238625,0.327129,-0.554567,-0.036694,-0.064334,-0.438663,0.211003,0.498249,0.230826,0.342689,0.039593,-0.002972,0.040848,0.056216,0.363968,0.134032,-0.243048,0.119108
4.96,-0.009601,-0.29724,-0.38595,-0.366153,0.308739,0.23814,0.226629,0.0405,0.045168,0.071715,0.200659,0.217413,0.09322,-0.564116,-0.021963,-0.069638,-0.474156,0.166252,0.504506,0.228865,0.341759,0.054545,0.006262,0.053328,0.025179,0.346953,0.132869,-0.237419,0.117756
4.98,0.057767,-0.223621,-0.361312,-0.329841,0.293702,0.216291,0.245352,-0.003762,0.019896,0.07127,0.195129,0.26132,-0.200697,-0.49652,-0.011478,-0.086831,-0.495504,0.097108,0.494436,0.228648,0.338014,0.062914,0.013526,0.062099,0.012513,0.325787,0.109967,-0.241527,0.116198
5.0,0.099968,-0.13459,-0.338707,-0.392093,0.277716,0.228712,0.26585,-0.069201,-0.002061,0.087953,0.127009,0.277727,-0.338632,-0.488043,-0.001381,-0.103087,-0.497925,0.03509,0.482288,0.228726,0.334628,0.065445,0.019253,0.067719,0.017713,0.30612,0.067644,-0.256954,0.11583
5.02,0.037134,-0.010588,-0.359917,-0.479757,0.247265,0.280533,0.263044,-0.093001,-0.016962,0.055377,0.058048,0.287068,-0.397546,-0.522461,0.008084,-0.112144,-0.489096,-0.004147,0.465226,0.227942,0.334243,0.059654,0.022762,0.073507,0.035723,0.292988,0.015269,-0.285839,0.117562
5.04,-0.013528,0.047582,-0.397047,-0.484448,0.237631,0.298761,0.276782,-0.118298,-0.033148,0.053891,0.012775,0.327364,-0.396515,-0.54485,0.014507,-0.114378,-0.478742,-0.038756,0.431907,0.227688,0.33422,0.046092,0.02301,0.077575,0.055956,0.285542,-0.046061,-0.321836,0.119064
5.06,-0.040427,0.126235,-0.426557,-0.47007,0.248408,0.286407,0.313952,-0.125409,-0.054708,0.059434,-0.025146,0.376055,-0.351153,-0.536825,0.016164,-0.108365,-0.469444,-0.073048,0.389489,0.229531,0.334254,0.027391,0.020514,0.078841,0.072089,0.284931,-0.109319,-0.361001,0.119979
5.08,-0.048174,0.185639,-0.421696,-0.448381,0.281984,0.26272,0.344621,-0.137026,-0.067749,0.053876,-0.033558,0.449699,-0.265446,-0.517902,0.013418,-0.09275,-0.461905,-0.105702,0.346266,0.233368,0.335844,0.006004,0.014895,0.078938,0.081408,0.292067,-0.165805,-0.398693,0.120277
5.1,-0.05248,0.197111,-0.366693,-0.4237,0.347707,0.241229,0.345656,-0.14501,-0.074338,0.030898,0.027959,0.528961,-0.128073,-0.48726,0.007263,-0.066826,-0.454838,-0.134105,0.308808,0.237543,0.340432,-0.016091,0.006554,0.07866,0.084364,0.30884,-0.207255,-0.430892,0.120037
5.12,-0.06307,0.030818,-0.277765,-0.345466,0.432365,0.233819,0.31556,-0.133457,-0.083036,0.012228,0.210226,0.579471,0.099132,-0.413655,-0.001014,-0.033708,-0.445023,-0.15565,0.283069,0.240207,0.347353,-0.037645,-0.003361,0.07667,0.085236,0.336062,-0.225987,-0.454766,0.11937
5.14,-0.05601,-0.205227,-0.24564,-0.117828,0.521463,0.258834,0.279106,-0.105269,-0.091064,0.0456,0.392072,0.515918,0.331261,-0.352651,-0.010486,-0.007273,-0.427527,-0.165527,0.274282,0.241127,0.354044,-0.057191,-0.013736,0.071725,0.09282,0.371904,-0.214091,-0.466528,0.118645
5.16,-0.06129,-0.204623,-0.283531,0.166542,0.54383,0.284038,0.254153,-0.043943,-0.042341,0.040246,0.259608,0.457334,0.386576,-0.34735,-0.019194,0.001934,-0.404152,-0.150578,0.272746,0.2412,0.357137,-0.07364,-0.024079,0.066072,0.115451,0.408873,-0.167543,-0.465286,0.117481
5.18,-0.116496,-0.136341,-0.392034,0.273695,0.560299,0.263236,0.259823,-0.031564,0.005714,0.002906,0.265166,0.322879,0.37939,-0.31227,-0.027023,-0.005787,-0.37766,-0.105591,0.28069,0.243699,0.355783,-0.083701,-0.031527,0.060713,0.140681,0.43827,-0.099049,-0.456937,0.115891
5.2,-0.106662,-0.071446,-0.370093,0.394627,0.548457,0.213812,0.2601,0.098051,-0.010447,-0.050639,0.061328,0.32831,0.408434,-0.15974,-0.037795,-0.022944,-0.360798,-0.049921,0.306607,0.249587,0.355115,-0.087974,-0.034878,0.054069,0.150264,0.446129,-0.046902,-0.454704,0.11715
5.22,-0.084774,0.002463,-0.395763,0.410206,0.527525,0.203948,0.276821,0.170584,0.007432,-0.051483,-0.000422,0.340429,0.408539,-0.11645,-0.05119,-0.044207,-0.352785,0.0138,0.342767,0.252179,0.352769,-0.081475,-0.035151,0.044597,0.153315,0.440467,-0.000618,-0.43808,0.118848
5.24,-0.005659,0.056251,-0.45672,0.3857,0.529162,0.210237,0.290132,0.177927,0.026524,-0.010919,-0.085673,0.294841,0.451668,-0.214723,-0.063447,-0.061427,-0.351687,0.081598,0.380026,0.25007,0.349723,-0.060682,-0.033335,0.033135,0.149526,0.430901,0.03663,-0.393316,0.120131
5.26,0.057359,0.080425,-0.537587,0.282823,0.55332,0.211893,0.294203,0.186808,0.046683,-0.007562,-0.122056,0.27789,0.460552,-0.338258,-0.068797,-0.070501,-0.358168,0.144949,0.414128,0.244894,0.347859,-0.031015,-0.02872,0.023269,0.137686,0.418333,0.068985,-0.339514,0.120676
5.28,0.081454,0.061881,-0.599046,0.09584,0.550104,0.229472,0.284055,0.163096,0.060513,0.042543,-0.195399,0.261475,0.46659,-0.453292,-0.064737,-0.07151,-0.374896,0.193589,0.444843,0.238151,0.347557,0.002284,-0.021187,0.016927,0.116846,0.403443,0.096348,-0.293954,0.120639
5.3,0.063214,-0.046837,-0.629557,-0.169947,0.515595,0.250434,0.277365,0.10678,0.060534,0.1245,-0.149623,0.242655,0.439385,-0.511935,-0.052455,-0.068107,-0.402454,0.216167,0.47131,0.231398,0.347546,0.034197,-0.01119,0.015589,0.085847,0.387419,0.118147,-0.265138,0.120047
5.32,0.004676,-0.183871,-0.529912,-0.32517,0.395777,0.261941,0.249452,0.0757,0.051534,0.125719,0.074062,0.239772,0.288462,-0.555985,-0.036218,-0.066708,-0.438114,0.202697,0.490745,0.226242,0.347531,0.059508,-0.00029,0.022184,0.048158,0.370884,0.131918,-0.251771,0.118946
5.34,-0.029171,-0.309272,-0.348425,-0.369383,0.303972,0.233521,0.230242,0.05282,0.04623,0.067812,0.206603,0.232048,0.036749,-0.554473,-0.021996,-0.073078,-0.471991,0.154338,0.496622,0.223715,0.346618,0.07654,0.009379,0.033533,0.019135,0.353399,0.128382,-0.246874,0.11761
5.36,0.055252,-0.209644,-0.349282,-0.327357,0.303867,0.214371,0.244001,-0.004832,0.013262,0.074928,0.184641,0.274549,-0.23013,-0.500163,-0.013153,-0.091496,-0.489695,0.083716,0.486335,0.223333,0.342676,0.085962,0.016806,0.042884,0.009635,0.332133,0.10139,-0.25101,0.115939
5.38,0.101223,-0.130416,-0.324291,-0.404493,0.288633,0.227355,0.260467,-0.073604,-0.007615,0.087379,0.106185,0.282605,-0.348447,-0.495832,-0.005135,-0.107838,-0.48935,0.024315,0.475396,0.223381,0.339416,0.08786,0.022232,0.050951,0.018389,0.312673,0.055267,-0.266358,0.115713
5.4,-0.010318,0.000414,-0.33506,-0.499058,0.260202,0.283222,0.253319,-0.078038,-0.020146,0.035724,0.048264,0.315727,-0.40819,-0.537724,0.002508,-0.116769,-0.481064,-0.009175,0.454799,0.222182,0.339098,0.079255,0.024848,0.060034,0.038214,0.299437,0.000774,-0.295141,0.117627
5.42,-0.032317,0.043118,-0.408642,-0.479156,0.230344,0.301099,0.268758,-0.117352,-0.040972,0.058936,0.005374,0.328349,-0.393769,-0.548096,0.007269,-0.117991,-0.469246,-0.043241,0.423438,0.221987,0.33868,0.063924,0.02426,0.065857,0.058419,0.293114,-0.061363,-0.331389,0.119208
5.44,-0.055422,0.110913,-0.428839,-0.465878,0.236492,0.284026,0.309431,-0.11644,-0.058585,0.062932,-0.028643,0.371077,-0.346244,-0.528801,0.006773,-0.111403,-0.459612,-0.076704,0.381979,0.224517,0.338517,0.043055,0.020645,0.068778,0.073819,0.293228,-0.123955,-0.370478,0.120258
5.46,-0.061179,0.170141,-0.420602,-0.444844,0.273266,0.262389,0.34036,-0.125601,-0.067266,0.0554,-0.036276,0.443009,-0.261413,-0.510175,0.002164,-0.096067,-0.452573,-0.108966,0.339222,0.229299,0.33944,0.019463,0.013915,0.070262,0.082015,0.299898,-0.178512,-0.406904,0.120643
5.48,-0.065617,0.190653,-0.362735,-0.426548,0.346593,0.241344,0.342582,-0.135136,-0.071374,0.029568,0.020043,0.524439,-0.126083,-0.484608,-0.005149,-0.070991,-0.446686,-0.136646,0.300222,0.234151,0.342805,-0.004395,0.004882,0.070523,0.083836,0.315242,-0.21752,-0.436942,0.120339
5.5,-0.076767,0.015097,-0.269563,-0.342321,0.446785,0.233479,0.316814,-0.130333,-0.078639,0.011965,0.21601,0.586473,0.115843,-0.404715,-0.013906,-0.037088,-0.43828,-0.157304,0.272119,0.237261,0.348422,-0.027051,-0.005156,0.069261,0.084015,0.340693,-0.233817,-0.458644,0.119517
5.52,-0.057515,-0.219858,-0.234193,-0.122003,0.540359,0.259585,0.282246,-0.109172,-0.088448,0.03693,0.396396,0.525754,0.337342,-0.353616,-0.023581,-0.008476,-0.421708,-0.165547,0.26248,0.238577,0.354336,-0.047497,-0.015058,0.065382,0.091715,0.375333,-0.218768,-0.468225,0.11869
5.54,-0.055235,-0.206926,-0.283436,0.166564,0.55043,0.283226,0.256953,-0.051411,-0.038472,0.040974,0.260037,0.456928,0.391546,-0.355056,-0.03121,0.001818,-0.398278,-0.149597,0.26292,0.238824,0.357192,-0.065109,-0.024658,0.060389,0.114781,0.411932,-0.169042,-0.465396,0.117537
5.56,-0.115283,-0.135389,-0.399134,0.275506,0.559985,0.264636,0.258931,-0.043299,0.009369,0.009796,0.269431,0.32126,0.382963,-0.312445,-0.037113,-0.005359,-0.371709,-0.104721,0.27465,0.241558,0.355868,-0.077006,-0.031303,0.055734,0.140295,0.441048,-0.098077,-0.456563,0.115951
5.58,-0.110212,-0.07193,-0.372841,0.394522,0.546187,0.217281,0.255778,0.089267,-0.010881,-0.041561,0.065603,0.332235,0.403303,-0.151031,-0.04569,-0.022538,-0.355441,-0.049399,0.30387,0.24752,0.355252,-0.083777,-0.033987,0.050205,0.150365,0.448991,-0.044396,-0.454305,0.117186
5.6,-0.085598,0.002925,-0.394852,0.411207,0.525066,0.206856,0.273173,0.1611,0.004895,-0.041302,0.001689,0.34111,0.405882,-0.111607,-0.057289,-0.043899,-0.34861,0.014091,0.342052,0.250444,0.352732,-0.079924,-0.034109,0.042364,0.154073,0.443332,0.002403,-0.437334,0.118867
5.62,-0.006739,0.056963,-0.455683,0.390016,0.528713,0.212042,0.286202,0.167793,0.022392,-0.002271,-0.076755,0.293891,0.44807,-0.209719,-0.068136,-0.06134,-0.348489,0.081783,0.380335,0.248945,0.349351,-0.061645,-0.032431,0.032895,0.151059,0.433425,0.039481,-0.392371,0.120178
5.64,0.056765,0.080216,-0.53279,0.290651,0.552833,0.215353,0.289091,0.175357,0.04207,0.00449,-0.116286,0.280145,0.45443,-0.327896,-0.072507,-0.070455,-0.355654,0.1453,0.414914,0.24451,0.346984,-0.034245,-0.02828,0.025171,0.139982,0.420195,0.071873,-0.339188,0.120758
5.66,0.079435,0.06593,-0.589643,0.108419,0.550409,0.230569,0.278589,0.152529,0.05711,0.053424,-0.192919,0.268628,0.460784,-0.439013,-0.0678,-0.071372,-0.372759,0.194635,0.445786,0.238551,0.346294,-0.002945,-0.021435,0.020638,0.119927,0.404618,0.099018,-0.29334,0.1207
5.68,0.064149,-0.037733,-0.627872,-0.15506,0.517573,0.248591,0.271377,0.097085,0.058662,0.131759,-0.161801,0.248595,0.441741,-0.501507,-0.054981,-0.067745,-0.400138,0.218504,0.47226,0.232606,0.346211,0.027327,-0.012141,0.020601,0.089622,0.388095,0.120337,-0.263466,0.120089
5.7,0.01199,-0.174239,-0.544858,-0.31635,0.404334,0.260551,0.247152,0.065393,0.049825,0.132106,0.059658,0.242712,0.305308,-0.554372,-0.038224,-0.065944,-0.435549,0.206774,0.491747,0.227977,0.346161,0.051386,-0.001755,0.028263,0.051906,0.371398,0.133889,-0.248774,0.118975
5.72,-0.019294,-0.30275,-0.366191,-0.36586,0.307132,0.236069,0.227015,0.044351,0.046089,0.07096,0.204548,0.229304,0.063948,-0.561367,-0.023133,-0.071652,-0.470201,0.159951,0.498017,0.22544,0.345147,0.067493,0.007624,0.040396,0.021917,0.35444,0.130936,-0.242515,0.117592
5.74,0.058472,-0.217492,-0.354533,-0.324714,0.303151,0.213141,0.244213,-0.006375,0.01667,0.073823,0.187837,0.267669,-0.213417,-0.50191,-0.013005,-0.089281,-0.489808,0.090063,0.488202,0.225016,0.341176,0.076275,0.01494,0.050079,0.010872,0.333601,0.105255,-0.246368,0.115962
5.76,0.09992,-0.130022,-0.328319,-0.398598,0.287019,0.2267,0.262054,-0.07026,-0.005048,0.086996,0.113224,0.281464,-0.344081,-0.49402,-0.003504,-0.105936,-0.490763,0.029899,0.477712,0.225091,0.337792,0.078182,0.020558,0.057596,0.018184,0.314037,0.060816,-0.262288,0.115762
5.78,0.006503,-0.007196,-0.347337,-0.483343,0.245158,0.28197,0.253591,-0.083707,-0.019668,0.047379,0.05166,0.304979,-0.402014,-0.530207,0.004983,-0.115852,-0.481791,-0.007326,0.4617,0.22439,0.337375,0.070759,0.023625,0.065629,0.037235,0.300289,0.007509,-0.291674,0.117639
5.8,-0.016526,0.044081,-0.402745,-0.481796,0.235142,0.29824,0.271382,-0.118209,-0.038287,0.059706,0.006946,0.321482,-0.392781,-0.543039,0.010577,-0.11797,-0.470782,-0.040502,0.427901,0.224194,0.337045,0.056071,0.023485,0.070961,0.057397,0.293207,-0.054189,-0.328059,0.119244
5.82,-0.041364,0.10853,-0.425007,-0.466982,0.245926,0.285347,0.310066,-0.118393,-0.05633,0.063018,-0.027488,0.367007,-0.347614,-0.527919,0.011274,-0.112114,-0.461558,-0.073806,0.384976,0.226391,0.336903,0.036072,0.020335,0.07356,0.073007,0.292406,-0.116898,-0.367013,0.120257
5.84,-0.04785,0.172143,-0.416108,-0.449589,0.285013,0.262295,0.343907,-0.128695,-0.066195,0.055234,-0.037593,0.440769,-0.268937,-0.511039,0.008461,-0.097314,-0.45472,-0.105685,0.340813,0.230567,0.338027,0.013453,0.014098,0.074455,0.081472,0.298191,-0.172206,-0.403465,0.120579
5.86,-0.055645,0.194692,-0.363105,-0.42908,0.350732,0.242473,0.346748,-0.138608,-0.0716,0.031558,0.015931,0.523055,-0.13737,-0.488378,0.002616,-0.072583,-0.448463,-0.133501,0.302826,0.235024,0.342023,-0.009429,0.005493,0.074526,0.083622,0.312822,-0.212529,-0.433872,0.12033
5.88,-0.073824,0.030877,-0.276121,-0.344168,0.437719,0.235427,0.318773,-0.130111,-0.080062,0.014438,0.204234,0.583659,0.101236,-0.409971,-0.00533,-0.038897,-0.439894,-0.154701,0.275958,0.237804,0.34846,-0.031402,-0.00434,0.073174,0.083844,0.337803,-0.230809,-0.456317,0.11957
5.9,-0.061581,-0.209548,-0.243976,-0.131087,0.528836,0.258133,0.282798,-0.107044,-0.09259,0.04108,0.390555,0.525779,0.325179,-0.347653,-0.01473,-0.009644,-0.423551,-0.163891,0.266565,0.238935,0.355069,-0.0511,-0.014307,0.069101,0.091102,0.372238,-0.218332,-0.466947,0.118759
5.92,-0.058418,-0.212293,-0.280851,0.156285,0.548757,0.284285,0.258735,-0.050571,-0.044155,0.044496,0.2685,0.462173,0.391665,-0.354624,-0.023087,0.001853,-0.400764,-0.149235,0.266401,0.239117,0.358399,-0.067821,-0.024279,0.063969,0.113466,0.408935,-0.171241,-0.464647,0.117637
5.94,-0.111397,-0.14229,-0.392297,0.273862,0.557448,0.267257,0.259996,-0.041378,0.006881,0.013237,0.271162,0.326692,0.38634,-0.313085,-0.030341,-0.004226,-0.374732,-0.105749,0.276992,0.241742,0.357417,-0.078815,-0.031578,0.059219,0.138783,0.438668,-0.10173,-0.455843,0.116047
5.96,-0.107787,-0.078172,-0.370612,0.394113,0.546913,0.220078,0.258264,0.086522,-0.010768,-0.03899,0.068693,0.333599,0.406809,-0.154267,-0.040021,-0.020055,-0.358097,-0.051201,0.305044,0.247771,0.356874,-0.084758,-0.034794,0.05349,0.14854,0.447438,-0.047639,-0.453634,0.117156
5.98,-0.083572,-0.001659,-0.393456,0.415171,0.52799,0.208379,0.274276,0.157626,0.005306,-0.038139,-0.002315,0.340934,0.40875,-0.112201,-0.05246,-0.041097,-0.350492,0.01196,0.342404,0.250962,0.354491,-0.080436,-0.035046,0.04547,0.151933,0.442445,-0.000217,-0.437143,0.118752
6.0,-0.003915,0.055107,-0.455848,0.396012,0.533702,0.213052,0.285992,0.164961,0.023629,0.002022,-0.083475,0.294978,0.45082,-0.208749,-0.064008,-0.058937,-0.349731,0.079846,0.380377,0.249661,0.351222,-0.062091,-0.033354,0.03587,0.148537,0.433158,0.037318,-0.392318,0.120004
6.02,0.05872,0.079516,-0.532872,0.294156,0.557476,0.214904,0.289005,0.173984,0.043781,0.008037,-0.124096,0.28449,0.456522,-0.326543,-0.068878,-0.06876,-0.356354,0.144081,0.415151,0.245373,0.348824,-0.034903,-0.029044,0.028127,0.136838,0.420419,0.070214,-0.339144,0.12054
6.04,0.082992,0.06278,-0.590911,0.106493,0.555048,0.229498,0.279033,0.14968,0.058704,0.059024,-0.202021,0.273089,0.462079,-0.438528,-0.064484,-0.070262,-0.373072,0.194297,0.446533,0.239452,0.348,-0.003847,-0.021918,0.023672,0.115984,0.405395,0.097911,-0.293193,0.120439
6.06,0.062278,-0.047053,-0.624891,-0.16771,0.516093,0.247244,0.271843,0.096261,0.058094,0.133602,-0.156601,0.256138,0.433237,-0.493926,-0.051972,-0.067245,-0.400103,0.218629,0.47365,0.233804,0.347815,0.026042,-0.01229,0.024049,0.084493,0.388853,0.121293,-0.265755,0.11976
6.08,0.014733,-0.186368,-0.53232,-0.322944,0.401574,0.25276,0.247356,0.067189,0.050092,0.124624,0.070818,0.235975,0.293224,-0.562192,-0.03557,-0.066173,-0.435429,0.206447,0.493417,0.229204,0.347754,0.050045,-0.001695,0.031791,0.046849,0.372476,0.134239,-0.249986,0.118694
6.1,-0.019268,-0.309348,-0.348062,-0.369443,0.315345,0.229684,0.231036,0.049268,0.045673,0.065566,0.205875,0.22865,0.036615,-0.55912,-0.02074,-0.07276,-0.469333,0.158711,0.499555,0.226307,0.346617,0.066321,0.007774,0.043046,0.018155,0.355043,0.130183,-0.243549,0.117379
6.12,0.064391,-0.209909,-0.354382,-0.32086,0.3056,0.215895,0.245827,-0.012865,0.012498,0.076859,0.183803,0.272235,-0.227072,-0.502113,-0.010941,-0.091268,-0.487133,0.088079,0.489963,0.225064,0.342507,0.075806,0.01515,0.05188,0.008907,0.333664,0.10297,-0.247799,0.115697
6.14,0.080857,-0.10923,-0.338895,-0.414841,0.26226,0.237796,0.261734,-0.067666,-0.009267,0.082277,0.114797,0.270048,-0.354853,-0.493791,-0.001505,-0.104887,-0.485539,0.033118,0.483504,0.224797,0.340144,0.078173,0.02112,0.058971,0.016748,0.315779,0.060644,-0.267213,0.116112
6.16,0.010796,0.011867,-0.364998,-0.498731,0.24514,0.287254,0.257206,-0.090266,-0.020135,0.045264,0.049917,0.290312,-0.410167,-0.532123,0.006214,-0.112768,-0.477173,-0.002602,0.461493,0.223969,0.339738,0.070598,0.023695,0.066266,0.036247,0.30256,0.007146,-0.298117,0.117839
6.18,-0.031052,0.068145,-0.411187,-0.490372,0.236652,0.298184,0.276344,-0.117688,-0.038544,0.051767,0.004933,0.32898,-0.396398,-0.549419,0.010828,-0.113031,-0.467829,-0.03828,0.425462,0.224297,0.339398,0.0557,0.023091,0.070902,0.056783,0.294355,-0.055414,-0.334922,0.119164
6.2,-0.044699,0.143753,-0.432184,-0.472487,0.254516,0.279257,0.317771,-0.128332,-0.057146,0.058028,-0.03039,0.382014,-0.34079,-0.533771,0.011129,-0.104429,-0.460636,-0.073667,0.380624,0.226926,0.339294,0.035604,0.019684,0.072434,0.072576,0.293028,-0.119031,-0.373934,0.119912
6.22,-0.051423,0.192861,-0.403982,-0.446971,0.299068,0.252136,0.34727,-0.141934,-0.065339,0.045141,-0.023267,0.473772,-0.240978,-0.516759,0.007435,-0.085852,-0.455194,-0.107879,0.337982,0.231327,0.340706,0.012667,0.013317,0.072608,0.08119,0.29942,-0.174266,-0.410364,0.120055
6.24,-0.060649,0.178319,-0.348813,-0.406901,0.36322,0.239942,0.335236,-0.144966,-0.074743,0.024978,0.070859,0.540793,-0.074981,-0.471177,0.000595,-0.057384,-0.448881,-0.137175,0.303546,0.235477,0.345049,-0.011208,0.004757,0.072249,0.083989,0.3164,-0.212417,-0.44068,0.119717
6.26,-0.065366,-0.034799,-0.267295,-0.299963,0.46047,0.233886,0.304608,-0.131604,-0.085601,0.020036,0.280885,0.566025,0.175706,-0.380082,-0.007823,-0.024449,-0.438371,-0.1576,0.281311,0.237962,0.351087,-0.034437,-0.005034,0.070023,0.086583,0.344414,-0.225194,-0.461631,0.119027
6.28,-0.054467,-0.234654,-0.249451,-0.021849,0.541479,0.266591,0.276516,-0.092202,-0.078733,0.047888,0.373701,0.49621,0.375311,-0.367561,-0.016561,-0.001297,-0.420373,-0.16186,0.27277,0.238628,0.356164,-0.055521,-0.015287,0.065472,0.099214,0.380039,-0.204654,-0.468719,0.118289
6.3,-0.070682,-0.179934,-0.327476,0.232327,0.548247,0.285152,0.24955,-0.036579,-0.024939,0.036803,0.232135,0.401017,0.385719,-0.334038,-0.024179,0.003241,-0.396527,-0.138871,0.273467,0.238927,0.357572,-0.072519,-0.02483,0.060789,0.124871,0.414987,-0.149472,-0.464674,0.116894
6.32,-0.108924,-0.120927,-0.352707,0.348651,0.553419,0.23978,0.260855,0.031208,-0.007436,-0.012893,0.180917,0.336051,0.405135,-0.198655,-0.031578,-0.005659,-0.373502,-0.091584,0.289711,0.243425,0.356687,-0.082756,-0.031387,0.056091,0.141098,0.435948,-0.086821,-0.460251,0.116418
6.34,-0.096558,-0.051158,-0.374226,0.42018,0.543374,0.216279,0.267032,0.114182,-0.007344,-0.032647,0.035513,0.330607,0.415113,-0.126321,-0.041946,-0.024463,-0.358252,-0.032755,0.32158,0.248642,0.35535,-0.084157,-0.034201,0.049963,0.14603,0.438749,-0.035121,-0.451303,0.117793
6.36,-0.046897,0.023849,-0.421716,0.426437,0.538984,0.212795,0.277926,0.162317,0.013334,-0.013532,-0.051207,0.314226,0.436279,-0.148137,-0.053937,-0.0454,-0.350713,0.035127,0.359354,0.250215,0.352483,-0.07371,-0.034319,0.041798,0.145208,0.431833,0.011029,-0.421222,0.119175
6.38,0.023702,0.067991,-0.491802,0.364275,0.551372,0.211289,0.290344,0.178689,0.037246,0.002982,-0.117711,0.294004,0.462465,-0.26137,-0.062524,-0.060772,-0.351386,0.105245,0.396598,0.247729,0.349439,-0.051433,-0.032017,0.033044,0.136814,0.421606,0.048573,-0.368469,0.119929
6.4,0.07936,0.075571,-0.571654,0.217252,0.56655,0.214265,0.293236,0.17651,0.057591,0.021246,-0.176655,0.277302,0.474686,-0.398239,-0.063647,-0.067818,-0.361778,0.167067,0.430864,0.242795,0.347904,-0.021964,-0.026491,0.02652,0.119723,0.40856,0.080369,-0.31491,0.120109
6.42,0.089589,0.006423,-0.630814,-0.043254,0.551982,0.237713,0.28503,0.128158,0.066302,0.098218,-0.20687,0.256526,0.46396,-0.488792,-0.055874,-0.067758,-0.383534,0.208622,0.461582,0.236514,0.347685,0.009909,-0.017707,0.023915,0.092448,0.39403,0.107443,-0.275992,0.119717
6.44,0.040623,-0.137275,-0.600282,-0.281059,0.463784,0.256497,0.271925,0.078331,0.054589,0.133039,-0.023208,0.232822,0.359751,-0.546873,-0.040988,-0.066434,-0.416236,0.216653,0.487,0.230591,0.347684,0.038403,-0.006677,0.028045,0.055484,0.378802,0.127873,-0.255212,0.118792
6.46,-0.018679,-0.284092,-0.398949,-0.379305,0.346089,0.239475,0.239021,0.063714,0.049648,0.070371,0.169347,0.213235,0.141755,-0.576439,-0.024692,-0.070435,-0.453844,0.185304,0.501392,0.226627,0.347657,0.059411,0.004067,0.03759,0.021523,0.36202,0.132527,-0.245562,0.117639
6.48,0.023337,-0.255134,-0.343178,-0.346889,0.294903,0.220671,0.239287,0.024856,0.028158,0.059501,0.209462,0.254337,-0.170062,-0.50731,-0.013011,-0.085487,-0.479879,0.122354,0.499605,0.224752,0.345567,0.073005,0.012874,0.046092,0.005081,0.340654,0.116079,-0.247728,0.116309
6.5,0.095714,-0.171867,-0.322169,-0.381642,0.300497,0.216914,0.259415,-0.054732,-0.000707,0.08823,0.141515,0.283977,-0.330067,-0.488392,-0.004192,-0.103302,-0.486752,0.054955,0.488769,0.224409,0.341789,0.079855,0.019531,0.052141,0.007913,0.318333,0.076305,-0.260034,0.115341
6.52,0.033638,-0.026221,-0.338366,-0.48859,0.264383,0.275191,0.257551,-0.081648,-0.018718,0.053213,0.068165,0.282494,-0.395383,-0.519413,0.004501,-0.112382,-0.480038,0.01399,0.473562,0.223212,0.341241,0.077188,0.02415,0.059076,0.026049,0.302573,0.025235,-0.286473,0.117059
6.54,-0.010305,0.024619,-0.384801,-0.489963,0.236998,0.303022,0.265579,-0.11679,-0.033006,0.058139,0.020544,0.31248,-0.39929,-0.542462,0.011197,-0.115157,-0.469755,-0.023281,0.444628,0.222632,0.341002,0.065588,0.024816,0.064884,0.048012,0.292501,-0.035689,-0.320868,0.118746
6.56,-0.045304,0.102317,-0.411913,-0.48261,0.242515,0.292982,0.301654,-0.118426,-0.052376,0.05831,-0.018367,0.358744,-0.365958,-0.53822,0.01279,-0.110919,-0.460863,-0.059451,0.403361,0.224552,0.340918,0.046701,0.022416,0.068568,0.0665,0.289067,-0.099567,-0.358992,0.119961
6.58,-0.069655,0.170428,-0.423563,-0.460078,0.259051,0.274193,0.332644,-0.12196,-0.06659,0.054342,-0.036995,0.429002,-0.297021,-0.521653,0.009133,-0.098539,-0.453913,-0.095071,0.360017,0.229005,0.341572,0.023869,0.016827,0.070587,0.078127,0.292683,-0.158025,-0.396302,0.12054
6.6,-0.07593,0.196658,-0.383836,-0.433431,0.311568,0.254146,0.342588,-0.134049,-0.07282,0.043171,-0.000575,0.50581,-0.166529,-0.496578,0.001253,-0.076118,-0.447698,-0.127584,0.320476,0.234557,0.344194,0.000436,0.008459,0.071028,0.082614,0.305535,-0.203498,-0.428757,0.120512
6.62,-0.08363,0.081375,-0.30075,-0.366579,0.400474,0.24223,0.318582,-0.130026,-0.078975,0.020338,0.157859,0.572372,0.05146,-0.424545,-0.009253,-0.044261,-0.440125,-0.15333,0.288216,0.239084,0.348884,-0.022302,-0.001601,0.070532,0.083324,0.329026,-0.228166,-0.453593,0.119854
6.64,-0.055864,-0.180888,-0.217765,-0.227883,0.54843,0.24817,0.296281,-0.121963,-0.089778,0.005876,0.375844,0.556494,0.292429,-0.35853,-0.020048,-0.0133,-0.428395,-0.162723,0.261095,0.240493,0.353977,-0.043601,-0.012142,0.067578,0.088902,0.362984,-0.223775,-0.466847,0.118791
6.66,-0.028289,-0.236368,-0.252044,0.088942,0.56917,0.274814,0.27132,-0.083954,-0.045534,0.044273,0.316218,0.469052,0.410314,-0.393477,-0.028866,0.002069,-0.406849,-0.155721,0.258041,0.24075,0.357719,-0.06176,-0.022299,0.061778,0.108682,0.400696,-0.183536,-0.467083,0.117724
6.68,-0.087865,-0.142755,-0.388786,0.264016,0.562833,0.28193,0.238696,-0.051209,0.007499,0.041927,0.227853,0.342332,0.361498,-0.318646,-0.033887,-0.002277,-0.378021,-0.121503,0.271885,0.242438,0.357849,-0.075603,-0.029441,0.056074,0.137613,0.433508,-0.113315,-0.460345,0.116072
6.7,-0.123296,-0.075805,-0.377939,0.37584,0.548697,0.222103,0.245945,0.062066,-0.010369,-0.014301,0.128374,0.328865,0.380515,-0.149321,-0.039881,-0.018623,-0.35841,-0.069395,0.299816,0.248444,0.356952,-0.084817,-0.03251,0.051761,0.149903,0.445345,-0.055007,-0.459121,0.116831
6.72,-0.092088,-0.011877,-0.397377,0.41821,0.53527,0.208815,0.264636,0.134377,-0.005968,-0.021491,0.026723,0.320274,0.404951,-0.115195,-0.050326,-0.039755,-0.349502,-0.007482,0.337822,0.252582,0.353413,-0.084186,-0.03283,0.046737,0.154273,0.441368,-0.007666,-0.444697,0.118546
6.74,-0.022762,0.047378,-0.446297,0.407647,0.535081,0.215109,0.277504,0.154577,0.015033,0.006157,-0.047947,0.29263,0.439404,-0.193054,-0.061725,-0.057908,-0.348371,0.060961,0.377062,0.251857,0.348637,-0.069929,-0.032023,0.039919,0.153055,0.431133,0.02993,-0.401833,0.119968
6.76,0.039244,0.075531,-0.516811,0.332553,0.552398,0.215414,0.287323,0.162783,0.035336,0.015221,-0.089692,0.274898,0.454612,-0.304331,-0.067848,-0.068506,-0.354568,0.12798,0.413145,0.247862,0.34476,-0.045768,-0.029171,0.033658,0.144735,0.41727,0.062163,-0.34717,0.120679
6.78,0.074395,0.072773,-0.575948,0.177684,0.559533,0.227281,0.282614,0.152985,0.053697,0.047105,-0.169204,0.267898,0.463382,-0.418922,-0.065784,-0.070779,-0.369998,0.183722,0.445221,0.242229,0.34297,-0.016619,-0.023631,0.029924,0.128179,0.400906,0.089933,-0.298331,0.120775
6.8,0.069193,0.006856,-0.624281,-0.067385,0.536012,0.24746,0.272608,0.102958,0.060303,0.122174,-0.192398,0.251121,0.458171,-0.491136,-0.055535,-0.067911,-0.395329,0.217329,0.472991,0.236282,0.342695,0.013114,-0.01532,0.029539,0.101803,0.383811,0.112277,-0.264179,0.120356
6.82,0.029593,-0.13237,-0.59969,-0.277641,0.448385,0.264658,0.257113,0.058699,0.050354,0.147844,-0.016697,0.234412,0.36937,-0.541505,-0.040266,-0.064771,-0.429142,0.217797,0.494547,0.231531,0.34264,0.038139,-0.005194,0.035774,0.065744,0.36689,0.12905,-0.247167,0.1194
6.84,-0.006155,-0.276143,-0.429337,-0.363351,0.327302,0.24802,0.227952,0.049549,0.04728,0.081933,0.17138,0.211551,0.161948,-0.569796,-0.024957,-0.067612,-0.466038,0.181551,0.504695,0.228916,0.342412,0.055323,0.004517,0.047449,0.031798,0.350119,0.132658,-0.239476,0.118111
6.86,0.033076,-0.25665,-0.356836,-0.339951,0.285169,0.219761,0.239527,0.020317,0.031582,0.062119,0.211937,0.246287,-0.145278,-0.507492,-0.013436,-0.081999,-0.49224,0.116959,0.498675,0.228421,0.339801,0.065405,0.012392,0.057087,0.013836,0.329552,0.116124,-0.240939,0.116677
6.88,0.10553,-0.169989,-0.33931,-0.366704,0.293887,0.21717,0.262631,-0.056645,0.003807,0.088929,0.149264,0.279324,-0.31292,-0.486487,-0.003677,-0.100315,-0.500047,0.048821,0.483949,0.228417,0.335589,0.069837,0.018524,0.062942,0.014205,0.307915,0.077059,-0.25198,0.115552
6.9,0.066599,-0.048568,-0.371762,-0.436157,0.225559,0.274551,0.259571,-0.090434,-0.017393,0.077346,0.07461,0.270191,-0.373252,-0.505041,0.006688,-0.111598,-0.491947,0.003852,0.473802,0.2281,0.334973,0.066777,0.023158,0.068757,0.029557,0.293024,0.027685,-0.277993,0.117041
6.92,0.005189,0.034518,-0.380877,-0.484478,0.231393,0.294125,0.27203,-0.109715,-0.026127,0.054153,0.025792,0.312021,-0.39912,-0.535498,0.014578,-0.117218,-0.481567,-0.030597,0.444454,0.228069,0.334833,0.054285,0.024045,0.074583,0.049931,0.283696,-0.030797,-0.311968,0.118702
6.94,-0.025163,0.115223,-0.4135,-0.481215,0.252059,0.289138,0.304527,-0.124235,-0.048027,0.056557,-0.018624,0.362316,-0.368375,-0.542704,0.018609,-0.114297,-0.471523,-0.064121,0.402354,0.229681,0.334795,0.036055,0.022175,0.077751,0.067705,0.28103,-0.093163,-0.349789,0.119781
6.96,-0.03868,0.176684,-0.421329,-0.460541,0.278869,0.266991,0.338722,-0.136911,-0.064809,0.056669,-0.038171,0.431425,-0.298027,-0.526162,0.018125,-0.101348,-0.463079,-0.096687,0.357351,0.23296,0.335976,0.014627,0.017339,0.07844,0.079194,0.286065,-0.151534,-0.387774,0.120244
6.98,-0.049456,0.197992,-0.384637,-0.428394,0.324572,0.247961,0.347868,-0.145446,-0.072531,0.043707,0.000755,0.509812,-0.172622,-0.500553,0.013424,-0.077575,-0.455543,-0.127206,0.318979,0.23693,0.339828,-0.008127,0.009591,0.078452,0.083569,0.300441,-0.197564,-0.421774,0.120114
7.0,-0.067726,0.085519,-0.298036,-0.360812,0.407965,0.234878,0.323821,-0.13583,-0.079996,0.016621,0.162952,0.577133,0.046835,-0.429899,0.005763,-0.044614,-0.446777,-0.150776,0.289095,0.239761,0.346255,-0.030785,-9e-05,0.077511,0.084364,0.325518,-0.223319,-0.448498,0.119499
7.02,-0.061434,-0.169011,-0.242915,-0.188169,0.511322,0.24741,0.292497,-0.117034,-0.093289,0.032437,0.378861,0.537284,0.2937,-0.35473,-0.003623,-0.013589,-0.431386,-0.163111,0.274642,0.240863,0.353135,-0.051372,-0.010436,0.073738,0.089967,0.360506,-0.219989,-0.463793,0.118732
7.04,-0.049271,-0.228638,-0.268781,0.113514,0.55145,0.282055,0.265494,-0.06461,-0.055085,0.048405,0.297202,0.468042,0.400063,-0.369741,-0.013034,0.001561,-0.409226,-0.153842,0.270896,0.240838,0.357624,-0.069115,-0.021019,0.068097,0.11015,0.398784,-0.181213,-0.465121,0.11775
7.06,-0.094117,-0.149478,-0.384357,0.265493,0.564337,0.275536,0.250795,-0.034293,0.00257,0.020308,0.23174,0.335515,0.367771,-0.329578,-0.021192,-0.002154,-0.382569,-0.11488,0.277457,0.242274,0.357708,-0.08147,-0.029235,0.062791,0.138155,0.431838,-0.112911,-0.457644,0.11591
7.08,-0.114447,-0.078664,-0.37846,0.376958,0.554564,0.219656,0.25587,0.072348,-0.008036,-0.030577,0.120456,0.317392,0.391885,-0.169681,-0.030929,-0.017876,-0.363602,-0.060759,0.302052,0.248204,0.357267,-0.087842,-0.033408,0.057062,0.149583,0.443672,-0.056787,-0.45632,0.116683
7.1,-0.090404,-0.014195,-0.402035,0.414056,0.539657,0.206134,0.270662,0.146367,-0.001488,-0.037498,0.029265,0.318345,0.406595,-0.121938,-0.044045,-0.039204,-0.354433,0.001606,0.338344,0.251947,0.354931,-0.08433,-0.034077,0.049243,0.153295,0.439269,-0.010092,-0.443701,0.118465
7.12,-0.021301,0.046271,-0.447823,0.400784,0.535917,0.212605,0.282525,0.167385,0.019641,-0.0055,-0.057359,0.292399,0.44522,-0.195775,-0.057239,-0.05761,-0.352998,0.069276,0.376971,0.250768,0.351394,-0.06733,-0.033049,0.039433,0.15139,0.428809,0.027599,-0.402917,0.119947
7.14,0.040576,0.075888,-0.519988,0.319857,0.551408,0.21113,0.293049,0.178868,0.040854,-0.002046,-0.09752,0.275616,0.461019,-0.312375,-0.064535,-0.068359,-0.358945,0.134713,0.41286,0.246054,0.348455,-0.040626,-0.029593,0.029994,0.142327,0.415429,0.059968,-0.348162,0.120617
7.16,0.075548,0.071547,-0.58257,0.161263,0.554851,0.225817,0.287898,0.164228,0.056802,0.03371,-0.17134,0.262505,0.470015,-0.431492,-0.063407,-0.070983,-0.374027,0.18795,0.444824,0.23976,0.347514,-0.009084,-0.023204,0.023825,0.125179,0.399728,0.087985,-0.299758,0.120769
7.18,0.068888,-0.002107,-0.626997,-0.087347,0.531097,0.247917,0.278407,0.112758,0.061385,0.112699,-0.180604,0.246035,0.461178,-0.500929,-0.053818,-0.068331,-0.399191,0.218409,0.472267,0.233108,0.347442,0.022534,-0.014094,0.021915,0.098265,0.383375,0.110856,-0.266484,0.120389
7.2,0.023242,-0.137486,-0.588578,-0.286744,0.436845,0.267139,0.259246,0.070778,0.05055,0.140499,0.002662,0.232131,0.358384,-0.545452,-0.039049,-0.06566,-0.432865,0.215715,0.493276,0.227882,0.347422,0.048771,-0.003469,0.027097,0.062347,0.366961,0.128061,-0.25047,0.119462
7.22,-0.016931,-0.281582,-0.414714,-0.364703,0.31575,0.250646,0.226888,0.056559,0.047135,0.079408,0.177025,0.216153,0.141785,-0.563869,-0.024488,-0.069036,-0.468819,0.17676,0.5024,0.225192,0.347142,0.066795,0.006408,0.038153,0.029683,0.350444,0.131386,-0.243623,0.118192
7.24,0.030122,-0.249231,-0.356019,-0.339343,0.285109,0.220522,0.237544,0.022051,0.028953,0.062943,0.207527,0.252087,-0.162213,-0.502728,-0.014195,-0.083972,-0.493148,0.110734,0.494978,0.224796,0.344124,0.077251,0.014229,0.047864,0.013407,0.33015,0.113683,-0.245234,0.116725
7.26,0.100847,-0.167063,-0.332739,-0.371763,0.29929,0.217374,0.259894,-0.056587,0.002807,0.087998,0.141183,0.283579,-0.318783,-0.489238,-0.005531,-0.102301,-0.499525,0.042802,0.479555,0.22481,0.339318,0.08131,0.020095,0.054565,0.015294,0.308963,0.072996,-0.255727,0.115595
7.28,0.053385,-0.033475,-0.356622,-0.46086,0.246498,0.272808,0.259074,-0.087177,-0.016024,0.064403,0.07,0.276724,-0.383535,-0.515922,0.004173,-0.112579,-0.491273,-1.2e-05,0.467239,0.224233,0.338445,0.077081,0.024364,0.061629,0.031408,0.294632,0.022357,-0.281184,0.117118
7.3,-0.005638,0.032206,-0.385224,-0.48527,0.233752,0.296931,0.267657,-0.111122,-0.027455,0.051496,0.022793,0.317307,-0.401344,-0.543121,0.011356,-0.116695,-0.480852,-0.03375,0.437387,0.223903,0.338254,0.063413,0.025025,0.068074,0.05175,0.285883,-0.037111,-0.315277,0.118742
7.32,-0.038006,0.115313,-0.420471,-0.476829,0.243255,0.288689,0.301938,-0.121225,-0.049731,0.056086,-0.018806,0.364113,-0.366359,-0.543751,0.014208,-0.112729,-0.47084,-0.067501,0.396879,0.225679,0.33817,0.043791,0.022942,0.071685,0.069041,0.283721,-0.099871,-0.353639,0.119789
7.34,-0.049624,0.178208,-0.428872,-0.453454,0.267923,0.265478,0.335695,-0.1332,-0.066022,0.056858,-0.036852,0.432049,-0.290303,-0.524161,0.012329,-0.099118,-0.462618,-0.100313,0.353668,0.22955,0.338961,0.020981,0.017802,0.072901,0.079964,0.289049,-0.157848,-0.391876,0.120222
7.36,-0.059404,0.194785,-0.393475,-0.413398,0.307163,0.245889,0.341953,-0.140648,-0.073936,0.048711,0.008157,0.506954,-0.156419,-0.492739,0.006038,-0.0747,-0.455103,-0.1319,0.318033,0.234425,0.341938,-0.002823,0.00973,0.073038,0.083829,0.303324,-0.202601,-0.425573,0.120009
7.38,-0.073065,0.066582,-0.301063,-0.345191,0.401778,0.22915,0.317429,-0.132076,-0.08082,0.019441,0.182419,0.574297,0.071461,-0.415738,-0.002805,-0.041438,-0.44626,-0.155066,0.288826,0.238183,0.347152,-0.026262,-0.000244,0.072647,0.084619,0.328125,-0.2261,-0.45126,0.119361
7.4,-0.060374,-0.190221,-0.237088,-0.165289,0.526582,0.245422,0.291486,-0.115021,-0.090079,0.025642,0.393764,0.534449,0.316538,-0.356978,-0.012671,-0.011274,-0.43139,-0.163995,0.270861,0.239525,0.352661,-0.047725,-0.01082,0.069788,0.091076,0.36277,-0.219517,-0.46463,0.118607
7.42,-0.049741,-0.219529,-0.279242,0.143806,0.55062,0.282284,0.263658,-0.062808,-0.046338,0.049925,0.281211,0.458132,0.399004,-0.365517,-0.021626,0.002433,-0.408439,-0.153451,0.269315,0.239684,0.35593,-0.065822,-0.021307,0.064738,0.112555,0.400155,-0.176845,-0.464753,0.117566
7.44,-0.108322,-0.149222,-0.38637,0.275974,0.555547,0.27246,0.257581,-0.045165,0.005483,0.021499,0.276413,0.329831,0.389954,-0.306336,-0.028564,-0.002063,-0.381321,-0.113796,0.279483,0.242129,0.355572,-0.07854,-0.029169,0.059812,0.138063,0.431011,-0.10905,-0.458159,0.116087
7.46,-0.106381,-0.081492,-0.368093,0.400165,0.548188,0.224776,0.258528,0.080031,-0.012189,-0.027107,0.072681,0.325796,0.415015,-0.153407,-0.03771,-0.017077,-0.363136,-0.060928,0.307027,0.248459,0.355149,-0.086019,-0.032985,0.054598,0.148063,0.440771,-0.054408,-0.456329,0.117175
7.48,-0.081985,-0.003882,-0.396322,0.425265,0.533924,0.212013,0.271512,0.152584,0.002121,-0.027837,5.9e-05,0.329664,0.414497,-0.113793,-0.049857,-0.038153,-0.353779,0.002483,0.34395,0.252152,0.35289,-0.08304,-0.033472,0.047635,0.151705,0.43662,-0.005784,-0.439297,0.118749
7.5,-0.005158,0.052787,-0.455865,0.402303,0.537408,0.21579,0.283496,0.163841,0.022672,0.009912,-0.086456,0.290509,0.455216,-0.2135,-0.061216,-0.056289,-0.352031,0.072113,0.38192,0.251036,0.349603,-0.065883,-0.032224,0.038743,0.148398,0.427843,0.033076,-0.392808,0.119909
7.52,0.057832,0.079461,-0.538117,0.303695,0.561087,0.213387,0.291064,0.17435,0.044064,0.011239,-0.122897,0.273833,0.467651,-0.34001,-0.066064,-0.066826,-0.358231,0.138731,0.41694,0.246811,0.347216,-0.039426,-0.028416,0.0312,0.136777,0.415447,0.066147,-0.337028,0.120397
7.54,0.08786,0.061396,-0.615859,0.116908,0.566005,0.231727,0.282971,0.15075,0.05787,0.057191,-0.198188,0.248305,0.472868,-0.462903,-0.061975,-0.068978,-0.374724,0.191422,0.448645,0.240885,0.346586,-0.008621,-0.02166,0.027013,0.115957,0.400295,0.094948,-0.291241,0.120317
7.56,0.062452,-0.047479,-0.633784,-0.175342,0.527444,0.255983,0.272929,0.09396,0.059562,0.135964,-0.162125,0.243196,0.435227,-0.507465,-0.049678,-0.066542,-0.402893,0.21818,0.476533,0.234966,0.346538,0.021527,-0.012332,0.02722,0.084633,0.38309,0.118702,-0.264418,0.119735
7.58,0.009623,-0.187383,-0.531322,-0.331419,0.399539,0.257026,0.24935,0.067956,0.052793,0.125565,0.073768,0.227417,0.293236,-0.565883,-0.033394,-0.065806,-0.439916,0.207346,0.497455,0.230494,0.346506,0.045857,-0.001852,0.034376,0.046892,0.365539,0.132324,-0.250155,0.118728
7.6,-0.020604,-0.309117,-0.347621,-0.372476,0.307514,0.232313,0.233203,0.049882,0.0468,0.064647,0.208977,0.223223,0.033059,-0.557176,-0.01909,-0.07265,-0.474732,0.159689,0.504088,0.228069,0.345511,0.062704,0.007758,0.045279,0.018204,0.34701,0.128922,-0.244897,0.117459
7.62,0.071948,-0.206357,-0.353128,-0.325659,0.30327,0.216316,0.249773,-0.018254,0.013311,0.077606,0.186458,0.268028,-0.231655,-0.500827,-0.009957,-0.091329,-0.492654,0.088705,0.493846,0.227185,0.341617,0.073017,0.015377,0.053831,0.009021,0.325198,0.101902,-0.248552,0.115738
7.64,0.085889,-0.108375,-0.338211,-0.415555,0.259843,0.24084,0.263685,-0.072598,-0.008587,0.083226,0.11508,0.270741,-0.35578,-0.493714,-0.000595,-0.10516,-0.490783,0.033175,0.486464,0.227016,0.339701,0.075844,0.021533,0.060646,0.016837,0.307361,0.059244,-0.266989,0.116113
7.66,0.013656,0.012714,-0.362458,-0.49912,0.245102,0.288907,0.259888,-0.093612,-0.019124,0.045247,0.050666,0.293867,-0.411385,-0.533004,0.007404,-0.113151,-0.481867,-0.002941,0.463806,0.226214,0.339484,0.0683,0.02424,0.067761,0.036419,0.294827,0.0055,-0.297302,0.117842
7.68,-0.029454,0.068863,-0.409027,-0.489546,0.236644,0.299259,0.278911,-0.120597,-0.038059,0.051902,0.005501,0.334282,-0.397018,-0.551521,0.012286,-0.113445,-0.471761,-0.038875,0.427351,0.226532,0.33937,0.053301,0.023716,0.072244,0.057053,0.287882,-0.057131,-0.33389,0.119175
7.7,-0.046874,0.143964,-0.432841,-0.470007,0.251687,0.281083,0.319147,-0.129141,-0.057625,0.058485,-0.02997,0.386568,-0.341225,-0.535842,0.012578,-0.10484,-0.463661,-0.074452,0.382476,0.229072,0.339365,0.033073,0.020359,0.073654,0.072941,0.287929,-0.120695,-0.373017,0.119934
7.72,-0.053696,0.192027,-0.405268,-0.444749,0.295792,0.253701,0.347946,-0.141751,-0.066161,0.04573,-0.023202,0.476221,-0.241201,-0.518176,0.008621,-0.086253,-0.457388,-0.108665,0.339586,0.233402,0.340855,0.010115,0.013949,0.073802,0.081606,0.295986,-0.175807,-0.409772,0.120077
7.74,-0.061478,0.178209,-0.349604,-0.406037,0.361296,0.241082,0.335591,-0.144214,-0.075495,0.025155,0.069184,0.541701,-0.076208,-0.472451,0.001398,-0.057812,-0.450384,-0.137783,0.304589,0.237515,0.345279,-0.013586,0.005252,0.073378,0.08442,0.314582,-0.213814,-0.440463,0.119737
7.76,-0.065163,-0.032868,-0.266242,-0.301412,0.459886,0.234769,0.304857,-0.13115,-0.086035,0.01959,0.278028,0.566655,0.173963,-0.381706,-0.007376,-0.024915,-0.439314,-0.158018,0.281754,0.239957,0.351362,-0.036477,-0.004724,0.07102,0.086922,0.34389,-0.226493,-0.461758,0.119042
7.78,-0.053304,-0.233996,-0.247307,-0.025712,0.542,0.266968,0.276366,-0.092654,-0.079467,0.047233,0.374219,0.496755,0.373832,-0.367883,-0.016377,-0.001733,-0.42083,-0.162206,0.272737,0.240536,0.356462,-0.057151,-0.01516,0.066279,0.099309,0.380417,-0.205932,-0.469161,0.118301
7.8,-0.068642,-0.180089,-0.325286,0.230105,0.548428,0.285022,0.249284,-0.036843,-0.025617,0.036674,0.232322,0.403316,0.384361,-0.334701,-0.024098,0.002907,-0.396523,-0.139342,0.273127,0.240683,0.357874,-0.073774,-0.024873,0.061369,0.124779,0.415924,-0.150766,-0.465324,0.116909
7.82,-0.106979,-0.120662,-0.350776,0.348031,0.553872,0.239079,0.261213,0.031818,-0.007752,-0.015345,0.178323,0.337941,0.405618,-0.200805,-0.031381,-0.006001,-0.373335,-0.091942,0.288387,0.244848,0.356946,-0.083746,-0.031604,0.056482,0.140989,0.437268,-0.088166,-0.460994,0.11641
7.84,-0.095162,-0.050885,-0.373163,0.420239,0.543807,0.216061,0.266829,0.114466,-0.006811,-0.033889,0.033027,0.332163,0.415785,-0.127702,-0.041522,-0.024729,-0.357874,-0.033079,0.319821,0.249721,0.355597,-0.084875,-0.034529,0.050092,0.14583,0.440328,-0.036473,-0.452184,0.117775
7.86,-0.046987,0.023827,-0.421482,0.42593,0.539592,0.212565,0.27748,0.163673,0.013925,-0.015172,-0.05245,0.317091,0.434497,-0.146154,-0.053304,-0.04559,-0.350094,0.03482,0.357538,0.251013,0.352697,-0.074199,-0.034662,0.0417,0.144898,0.433513,0.010137,-0.42283,0.11914
7.88,0.024884,0.068439,-0.493138,0.36486,0.553613,0.211921,0.28876,0.176846,0.036501,0.005095,-0.11692,0.295013,0.459266,-0.255679,-0.061911,-0.06105,-0.350563,0.10486,0.394971,0.248465,0.349653,-0.051635,-0.032294,0.033198,0.136416,0.423193,0.048055,-0.371315,0.119965
7.9,0.079232,0.075128,-0.570103,0.216119,0.568424,0.215227,0.290102,0.173773,0.056187,0.025369,-0.177358,0.281613,0.468748,-0.387222,-0.063074,-0.067964,-0.360868,0.166682,0.429637,0.243535,0.347905,-0.022003,-0.026732,0.027091,0.119153,0.410065,0.080572,-0.318608,0.120151
7.92,0.088748,0.004785,-0.6281,-0.045607,0.551264,0.237017,0.282196,0.125864,0.064714,0.10293,-0.208729,0.260256,0.459412,-0.478959,-0.055337,-0.067832,-0.382622,0.208253,0.46086,0.237395,0.347558,0.009819,-0.018003,0.024954,0.091747,0.39541,0.108042,-0.279407,0.119736
7.94,0.0432,-0.140055,-0.599368,-0.281339,0.462966,0.254488,0.269143,0.074963,0.053262,0.134121,-0.023049,0.233844,0.355994,-0.545318,-0.040582,-0.066471,-0.415206,0.216222,0.486639,0.231515,0.347526,0.038219,-0.007098,0.029664,0.05478,0.380323,0.128332,-0.257138,0.118757
7.96,-0.014669,-0.284501,-0.395321,-0.380008,0.352361,0.236114,0.238328,0.062262,0.049215,0.068359,0.169831,0.210907,0.139138,-0.580346,-0.02421,-0.070622,-0.452806,0.184817,0.501199,0.227418,0.347486,0.058979,0.003496,0.039434,0.021336,0.363537,0.132162,-0.245529,0.117599
7.98,0.03264,-0.251925,-0.342319,-0.343616,0.301032,0.219313,0.240395,0.019823,0.028171,0.060314,0.207681,0.25163,-0.171124,-0.512262,-0.0123,-0.085732,-0.478587,0.12183,0.499867,0.224982,0.345357,0.07244,0.01222,0.048207,0.00549,0.342418,0.114969,-0.246487,0.116195
